question,tag,answer
অ্যাকাউন্ট লক সংক্রান্ত সমস্যার সমাধান কীভাবে পাব?,account_locked,ভুল তথ্য দিয়ে রেজিস্ট্রেশন বা লগইনের চেষ্টা করা হলে স্বয়ংক্রিয়ভাবে একাউন্টটি লক হয়ে যায়। অনুগ্রহপূর্বক সঠিক তথ্য দিয়ে আট ঘন্টা পর পুনরায় চেষ্টা করুন।
"একাধিকবার ভুল তথ্য দেওয়ার পর আমার আইডি অ্যাকাউন্ট লক হয়েছে, কীভাবে খুলব?",account_locked,ভুল তথ্য দিয়ে রেজিস্ট্রেশন বা লগইনের চেষ্টা করা হলে স্বয়ংক্রিয়ভাবে একাউন্টটি লক হয়ে যায়। অনুগ্রহপূর্বক সঠিক তথ্য দিয়ে আট ঘন্টা পর পুনরায় চেষ্টা করুন।
এনআইডি অ্যাকাউন্ট লক হয়েছে—রিসেট করার পদ্ধতি কী?,account_locked,ভুল তথ্য দিয়ে রেজিস্ট্রেশন বা লগইনের চেষ্টা করা হলে স্বয়ংক্রিয়ভাবে একাউন্টটি লক হয়ে যায়। অনুগ্রহপূর্বক সঠিক তথ্য দিয়ে আট ঘন্টা পর পুনরায় চেষ্টা করুন।
এনআইডি ওয়েব পোর্টালে লক এসেছে—এই সমস্যার করণীয় কী?,account_locked,ভুল তথ্য দিয়ে রেজিস্ট্রেশন বা লগইনের চেষ্টা করা হলে স্বয়ংক্রিয়ভাবে একাউন্টটি লক হয়ে যায়। অনুগ্রহপূর্বক সঠিক তথ্য দিয়ে আট ঘন্টা পর পুনরায় চেষ্টা করুন।
এনআইডি পোর্টালে অ্যাকাউন্ট ব্লকড; কীভাবে পুনঃসক্রিয় করবো?,account_locked,ভুল তথ্য দিয়ে রেজিস্ট্রেশন বা লগইনের চেষ্টা করা হলে স্বয়ংক্রিয়ভাবে একাউন্টটি লক হয়ে যায়। অনুগ্রহপূর্বক সঠিক তথ্য দিয়ে আট ঘন্টা পর পুনরায় চেষ্টা করুন।
এনআইডি পোর্টালে লকড দেখালে কীভাবে পুনরায় চেষ্টা করব?,account_locked,ভুল তথ্য দিয়ে রেজিস্ট্রেশন বা লগইনের চেষ্টা করা হলে স্বয়ংক্রিয়ভাবে একাউন্টটি লক হয়ে যায়। অনুগ্রহপূর্বক সঠিক তথ্য দিয়ে আট ঘন্টা পর পুনরায় চেষ্টা করুন।
এনআইডি পোর্টালে “অ্যাকাউন্টটি লক করা” দেখালে কি করতে হবে?,account_locked,ভুল তথ্য দিয়ে রেজিস্ট্রেশন বা লগইনের চেষ্টা করা হলে স্বয়ংক্রিয়ভাবে একাউন্টটি লক হয়ে যায়। অনুগ্রহপূর্বক সঠিক তথ্য দিয়ে আট ঘন্টা পর পুনরায় চেষ্টা করুন।
অ্যাকাউন্ট লক থাকায় লগইন ব্যর্থ হচ্ছে; আনলকের জন্য কতক্ষণ অপেক্ষা করতে হবে?,account_locked_retrials,ভুল তথ্য দিয়ে রেজিস্ট্রেশন বা লগইনের জন্য তিনবারের অধিক চেষ্টা করা হলে স্বয়ংক্রিয়ভাবে একাউন্ট সাময়িক সময়ের জন্য লক করে দেওয়া হয়। অনুগ্রহপূর্বক সঠিক তথ্য দিয়ে আট ঘন্টা পর পুনরায় চেষ্টা করুন।
"অ্যাকাউন্ট লকড অবস্থায় আছে; ঠিক তথ্য দিয়ে লগইন করলেও ঢুকতে পারছি না, কীভাবে সমাধান হবে?",account_locked_retrials,ভুল তথ্য দিয়ে রেজিস্ট্রেশন বা লগইনের জন্য তিনবারের অধিক চেষ্টা করা হলে স্বয়ংক্রিয়ভাবে একাউন্ট সাময়িক সময়ের জন্য লক করে দেওয়া হয়। অনুগ্রহপূর্বক সঠিক তথ্য দিয়ে আট ঘন্টা পর পুনরায় চেষ্টা করুন।
আমার অ্যাকাউন্ট সাময়িকভাবে লক—কতক্ষণ পর এটা নিজেই খুলবে?,account_locked_retrials,ভুল তথ্য দিয়ে রেজিস্ট্রেশন বা লগইনের জন্য তিনবারের অধিক চেষ্টা করা হলে স্বয়ংক্রিয়ভাবে একাউন্ট সাময়িক সময়ের জন্য লক করে দেওয়া হয়। অনুগ্রহপূর্বক সঠিক তথ্য দিয়ে আট ঘন্টা পর পুনরায় চেষ্টা করুন।
একাউন্ট লক হয়ে গেছে—সম্ভবত ভুল চেষ্টা বেশি হয়েছে; এখন কী করবো?,account_locked_retrials,ভুল তথ্য দিয়ে রেজিস্ট্রেশন বা লগইনের জন্য তিনবারের অধিক চেষ্টা করা হলে স্বয়ংক্রিয়ভাবে একাউন্ট সাময়িক সময়ের জন্য লক করে দেওয়া হয়। অনুগ্রহপূর্বক সঠিক তথ্য দিয়ে আট ঘন্টা পর পুনরায় চেষ্টা করুন।
লক হওয়ার পরই বা কেন সঠিক তথ্যেও লগইন হচ্ছে না? সমাধান কী?,account_locked_retrials,ভুল তথ্য দিয়ে রেজিস্ট্রেশন বা লগইনের জন্য তিনবারের অধিক চেষ্টা করা হলে স্বয়ংক্রিয়ভাবে একাউন্ট সাময়িক সময়ের জন্য লক করে দেওয়া হয়। অনুগ্রহপূর্বক সঠিক তথ্য দিয়ে আট ঘন্টা পর পুনরায় চেষ্টা করুন।
লক হওয়া এনআইডি অ্যাকাউন্ট কি নির্দিষ্ট সময় পর নিজে থেকে খুলে যায়?,account_locked_retrials,ভুল তথ্য দিয়ে রেজিস্ট্রেশন বা লগইনের জন্য তিনবারের অধিক চেষ্টা করা হলে স্বয়ংক্রিয়ভাবে একাউন্ট সাময়িক সময়ের জন্য লক করে দেওয়া হয়। অনুগ্রহপূর্বক সঠিক তথ্য দিয়ে আট ঘন্টা পর পুনরায় চেষ্টা করুন।
লকড অ্যাকাউন্টে OTP ঠিক দিলেও ঢুকতে পারছি না—উপায় কী?,account_locked_retrials,ভুল তথ্য দিয়ে রেজিস্ট্রেশন বা লগইনের জন্য তিনবারের অধিক চেষ্টা করা হলে স্বয়ংক্রিয়ভাবে একাউন্ট সাময়িক সময়ের জন্য লক করে দেওয়া হয়। অনুগ্রহপূর্বক সঠিক তথ্য দিয়ে আট ঘন্টা পর পুনরায় চেষ্টা করুন।
লকড একাউন্ট আনলক করার জন্য কি অপেক্ষা করা ছাড়া উপায় নেই?,account_locked_retrials,ভুল তথ্য দিয়ে রেজিস্ট্রেশন বা লগইনের জন্য তিনবারের অধিক চেষ্টা করা হলে স্বয়ংক্রিয়ভাবে একাউন্ট সাময়িক সময়ের জন্য লক করে দেওয়া হয়। অনুগ্রহপূর্বক সঠিক তথ্য দিয়ে আট ঘন্টা পর পুনরায় চেষ্টা করুন।
লকড এনআইডি অ্যাকাউন্ট আনলক কি নির্দিষ্ট সময় পরেই হয়?,account_locked_retrials,ভুল তথ্য দিয়ে রেজিস্ট্রেশন বা লগইনের জন্য তিনবারের অধিক চেষ্টা করা হলে স্বয়ংক্রিয়ভাবে একাউন্ট সাময়িক সময়ের জন্য লক করে দেওয়া হয়। অনুগ্রহপূর্বক সঠিক তথ্য দিয়ে আট ঘন্টা পর পুনরায় চেষ্টা করুন।
লকড এনআইডি অ্যাকাউন্ট—কবে লগইন করা যাবে?,account_locked_retrials,ভুল তথ্য দিয়ে রেজিস্ট্রেশন বা লগইনের জন্য তিনবারের অধিক চেষ্টা করা হলে স্বয়ংক্রিয়ভাবে একাউন্ট সাময়িক সময়ের জন্য লক করে দেওয়া হয়। অনুগ্রহপূর্বক সঠিক তথ্য দিয়ে আট ঘন্টা পর পুনরায় চেষ্টা করুন।
লগইন লকড; ঠিক পাসওয়ার্ড দেওয়ার পরও হচ্ছে না—এখন কীভাবে এগোবো?,account_locked_retrials,ভুল তথ্য দিয়ে রেজিস্ট্রেশন বা লগইনের জন্য তিনবারের অধিক চেষ্টা করা হলে স্বয়ংক্রিয়ভাবে একাউন্ট সাময়িক সময়ের জন্য লক করে দেওয়া হয়। অনুগ্রহপূর্বক সঠিক তথ্য দিয়ে আট ঘন্টা পর পুনরায় চেষ্টা করুন।
"ভোটার তথ্যের ঠিকানা আপডেটে পোস্ট অফিস নাম/কোড দেখাচ্ছে না, কী করা উচিত?",address_cahgne_but_no_post_office_or_office_code,এক্ষেত্রে সংশ্লিষ্ট উপজেলা/থানা নির্বাচন অফিসে যোগাযোগ করুন।
"আমি নতুন ঠিকানায় চলে গেছি, কার্ড অনলাইনে পেতে চাই—কিভাবে?",address_change_card_download_process,ভোটার এলাকা পরিবর্তন হলে জাতীয় পরিচয় পত্র প্রদান করা হয় না। তবে নতুন ঠিকানায় এনআইডি কার্ড পেতে নির্ধারিত ফি প্রদান করে অনলাইনে রি-ইস্যুর আবেদন করতে হবে।
ঠিকানা ট্রান্সফারের পর e-NID পাওয়া যাচ্ছে না—কী করবো?,address_change_card_download_process,ভোটার এলাকা পরিবর্তন হলে জাতীয় পরিচয় পত্র প্রদান করা হয় না। তবে নতুন ঠিকানায় এনআইডি কার্ড পেতে নির্ধারিত ফি প্রদান করে অনলাইনে রি-ইস্যুর আবেদন করতে হবে।
নতুন ঠিকানায় অনলাইনে কার্ড নিতে গেলে অপশন আসে না—কেন?,address_change_card_download_process,ভোটার এলাকা পরিবর্তন হলে জাতীয় পরিচয় পত্র প্রদান করা হয় না। তবে নতুন ঠিকানায় এনআইডি কার্ড পেতে নির্ধারিত ফি প্রদান করে অনলাইনে রি-ইস্যুর আবেদন করতে হবে।
অনলাইনের মাধ্যমে ঠিকানা সংশোধন করা যাবে কি?,address_change_online_new,"হ্যাঁ, করা যাবে। তবে ঠিকানা পরিবর্তনের কারণে যদি ভোটার এলাকা পরিবর্তন হয় সেক্ষেত্রে সংশ্লিষ্ট উপজেলা/থানা নির্বাচন অফিসে স্বশরীরে উপস্থিত হয়ে আবেদন করতে হবে।"
অনলাইনের মাধ্যমে স্থায়ী/বর্তমান ঠিকানা পরিবর্তন করা যাবে কি?,address_change_online_new,"হ্যাঁ, করা যাবে। তবে ঠিকানা পরিবর্তনের কারণে যদি ভোটার এলাকা পরিবর্তন হয় সেক্ষেত্রে সংশ্লিষ্ট উপজেলা/থানা নির্বাচন অফিসে স্বশরীরে উপস্থিত হয়ে আবেদন করতে হবে।"
আমি কি অনলাইনে এনআইডির ঠিকানা বদলের ফর্ম পূরণ করতে পারি?,address_change_online_new,"হ্যাঁ, করা যাবে। তবে ঠিকানা পরিবর্তনের কারণে যদি ভোটার এলাকা পরিবর্তন হয় সেক্ষেত্রে সংশ্লিষ্ট উপজেলা/থানা নির্বাচন অফিসে স্বশরীরে উপস্থিত হয়ে আবেদন করতে হবে।"
"আমার ভোটার আইডিতে জন্মতারিখ ভুল এসেছে, কোন পেপারস দিয়ে ঠিক করব?",age_and_dob_correction,"আপনার শিক্ষাগত যোগ্যতা এসএসসি বা তার উর্দ্ধে হলে এসএসসি সনদ, অন্যান্য ক্ষেত্রে পি.ই.সি অথবা জেএসসি সনদ, অনলাইন জন্ম সনদ দাখিলপূর্বক অনলাইনে আবেদন করুন। তবে উল্লেখ্য যে, বিশেষ ক্ষেত্রে কর্তৃপক্ষ অন্যান্য ডকুমেন্টস চাইতে পারেন।"
এনআইডি আপডেটে জন্মতারিখ ঠিক করতে অনলাইন পোর্টালে কীভাবে যাব?,age_and_dob_correction,"আপনার শিক্ষাগত যোগ্যতা এসএসসি বা তার উর্দ্ধে হলে এসএসসি সনদ, অন্যান্য ক্ষেত্রে পি.ই.সি অথবা জেএসসি সনদ, অনলাইন জন্ম সনদ দাখিলপূর্বক অনলাইনে আবেদন করুন। তবে উল্লেখ্য যে, বিশেষ ক্ষেত্রে কর্তৃপক্ষ অন্যান্য ডকুমেন্টস চাইতে পারেন।"
এনআইডিতে জন্ম তারিখ ঠিক করার জন্য কোনো নির্দিষ্ট ফরম লাগে?,age_and_dob_correction,"আপনার শিক্ষাগত যোগ্যতা এসএসসি বা তার উর্দ্ধে হলে এসএসসি সনদ, অন্যান্য ক্ষেত্রে পি.ই.সি অথবা জেএসসি সনদ, অনলাইন জন্ম সনদ দাখিলপূর্বক অনলাইনে আবেদন করুন। তবে উল্লেখ্য যে, বিশেষ ক্ষেত্রে কর্তৃপক্ষ অন্যান্য ডকুমেন্টস চাইতে পারেন।"
এনআইডিতে জন্ম তারিখের ত্রুটি সত্যায়িত করতে কোন সার্টিফিকেট দরকার?,age_and_dob_correction,"আপনার শিক্ষাগত যোগ্যতা এসএসসি বা তার উর্দ্ধে হলে এসএসসি সনদ, অন্যান্য ক্ষেত্রে পি.ই.সি অথবা জেএসসি সনদ, অনলাইন জন্ম সনদ দাখিলপূর্বক অনলাইনে আবেদন করুন। তবে উল্লেখ্য যে, বিশেষ ক্ষেত্রে কর্তৃপক্ষ অন্যান্য ডকুমেন্টস চাইতে পারেন।"
কার্ডে ভুল জন্ম তারিখ সংশোধনের জন্য কী করব?,age_and_dob_correction,"আপনার শিক্ষাগত যোগ্যতা এসএসসি বা তার উর্দ্ধে হলে এসএসসি সনদ, অন্যান্য ক্ষেত্রে পি.ই.সি অথবা জেএসসি সনদ, অনলাইন জন্ম সনদ দাখিলপূর্বক অনলাইনে আবেদন করুন। তবে উল্লেখ্য যে, বিশেষ ক্ষেত্রে কর্তৃপক্ষ অন্যান্য ডকুমেন্টস চাইতে পারেন।"
জাতীয় পরিচয়পত্রে জন্মতারিখ ভুল হলে সংশোধনের প্রক্রিয়া কী?,age_and_dob_correction,"আপনার শিক্ষাগত যোগ্যতা এসএসসি বা তার উর্দ্ধে হলে এসএসসি সনদ, অন্যান্য ক্ষেত্রে পি.ই.সি অথবা জেএসসি সনদ, অনলাইন জন্ম সনদ দাখিলপূর্বক অনলাইনে আবেদন করুন। তবে উল্লেখ্য যে, বিশেষ ক্ষেত্রে কর্তৃপক্ষ অন্যান্য ডকুমেন্টস চাইতে পারেন।"
জাতীয় পরিচয়ের জন্ম তারিখ পরিবর্তনে কাকে অথরিটি ধরা হবে?,age_and_dob_correction,"আপনার শিক্ষাগত যোগ্যতা এসএসসি বা তার উর্দ্ধে হলে এসএসসি সনদ, অন্যান্য ক্ষেত্রে পি.ই.সি অথবা জেএসসি সনদ, অনলাইন জন্ম সনদ দাখিলপূর্বক অনলাইনে আবেদন করুন। তবে উল্লেখ্য যে, বিশেষ ক্ষেত্রে কর্তৃপক্ষ অন্যান্য ডকুমেন্টস চাইতে পারেন।"
ভোটার আইডিতে জন্মদিন ভুল থাকলে কী কী প্রয়োজনীয় কাগজ লাগবে?,age_and_dob_correction,"আপনার শিক্ষাগত যোগ্যতা এসএসসি বা তার উর্দ্ধে হলে এসএসসি সনদ, অন্যান্য ক্ষেত্রে পি.ই.সি অথবা জেএসসি সনদ, অনলাইন জন্ম সনদ দাখিলপূর্বক অনলাইনে আবেদন করুন। তবে উল্লেখ্য যে, বিশেষ ক্ষেত্রে কর্তৃপক্ষ অন্যান্য ডকুমেন্টস চাইতে পারেন।"
দয়া করে লাইভ সাপোর্টে রুট করে দিন।,agent_calling,আপনার কলটি একজন লাইভ এজেন্ট এর কাছে ট্রান্সফার করা হচ্ছে।
"আমি যে সব ডকুমেন্ট দিয়েছি সেটা ঠিক, তাহলে কেন আবেদন বাতিল হলো?",all_documents_correct_but_application_rejected_why,অনুগ্রহপূর্বক আবেদন বাতিলের কারণ জানতে সংশ্লিষ্ট নির্বাচন কর্মকর্তার সাথে যোগাযোগ করুন। বাতিলের যৌক্তিক কারণ না থাকলে সংশ্লিষ্ট নির্বাচন কর্মকর্তার পরামর্শ অনুযায়ী পুনরায় আবেদন করা যেতে পারে।
"সব প্রক্রিয়া ঠিক রেখে আবেদন করেছি, তবু অগ্রাহ্য—কেন?",all_documents_correct_but_application_rejected_why,অনুগ্রহপূর্বক আবেদন বাতিলের কারণ জানতে সংশ্লিষ্ট নির্বাচন কর্মকর্তার সাথে যোগাযোগ করুন। বাতিলের যৌক্তিক কারণ না থাকলে সংশ্লিষ্ট নির্বাচন কর্মকর্তার পরামর্শ অনুযায়ী পুনরায় আবেদন করা যেতে পারে।
আমি কি কিছু মিস করেছি?,ask_if_any_other_questions,আপনাকে আর কোন তথ্য দিয়ে সহযোগিতা করতে পারি!
"এই পর্যন্ত ঠিক, এরপর?",ask_if_any_other_questions,আপনাকে আর কোন তথ্য দিয়ে সহযোগিতা করতে পারি!
এখন কি পরের ধাপ?,ask_if_any_other_questions,আপনাকে আর কোন তথ্য দিয়ে সহযোগিতা করতে পারি!
"এটাই কি যথেষ্ট, নাকি আরও কিছু লাগবে?",ask_if_any_other_questions,আপনাকে আর কোন তথ্য দিয়ে সহযোগিতা করতে পারি!
জন্ম সনদে বাবার নাম আর এসএসসিতে আলাদা—নতুন ভোটার রেজিস্ট্রেশনে কোনটি ধরা হবে?,birth_certificate_and_ssc_certificate_different_information,যাদের শিক্ষাগত যোগ্যতা এসএসসি বা তদুর্দ্ধ রয়েছে তাদের ক্ষেত্রে জন্ম সনদ ও শিক্ষা সনদের তথ্যাদি একই হওয়া আবশ্যক। আপনার জমাকৃত ডকুমেন্টস যাচাই সাপেক্ষে সংশ্লিষ্ট রেজিস্ট্রেশন অফিসার আবেদন অনুমোদন/বাতিলের সিদ্ধান্ত নিতে পারেন।
এনআইডি কার্ডের জন্মস্থান সংশোধন করতে কি কি লাগবে?,birthplace_correction_new,জন্ম স্থান পরিবর্তন করতে হলে অনলাইন জন্ম সনদ ও নাগরিকত্ব সনদ দাখিল করতে হবে।
আপডেটেড ঠিকানার এনআইডি কার্ড সংগ্রহ করতে হলে কোন অফিসে যেতে হবে?,card_avail_after_address_change,নির্ধারিত ফি প্রদানপূর্বক জাতীয় পরিচয়পত্র রি-ইস্যুর জন্য অনলাইনে আবেদন করতে হবে।
ঠিকানা আপডেটের পর কার্ড নিতে কি পুরনো কার্ড জমা দিতে হয়?,card_avail_after_address_change,নির্ধারিত ফি প্রদানপূর্বক জাতীয় পরিচয়পত্র রি-ইস্যুর জন্য অনলাইনে আবেদন করতে হবে।
ঠিকানা পরিবর্তনের পর এনআইডি কার্ড কিভাবে পুনঃইস্যু করাব?,card_avail_after_address_change,নির্ধারিত ফি প্রদানপূর্বক জাতীয় পরিচয়পত্র রি-ইস্যুর জন্য অনলাইনে আবেদন করতে হবে।
ঠিকানা বদলের পর কার্ড রি-ইস্যু অনুরোধের পথ কী?,card_avail_after_address_change,নির্ধারিত ফি প্রদানপূর্বক জাতীয় পরিচয়পত্র রি-ইস্যুর জন্য অনলাইনে আবেদন করতে হবে।
কার্ডে প্রদর্শিত তথ্য সংশোধনের খরচ কত?,card_correction_fees,"(১) কার্ডে প্রদর্শিত তথ্য ১ম বার সংশোধনের জন্য ২৩০ (ভ্যাটসহ) টাকা, ২য় বার সংশোধনের জন্য ৩৪৫ (ভ্যাটসহ), পরবর্তী প্রতিবারের সংশোধনের জন্য ৪৬০ (ভ্যাটসহ) টাকা (২) কার্ডে অপ্রদর্শিত তথ্য সংশোধনের জন্য ১ম বার ১১৫ (ভ্যাটসহ) টাকা, ২য় বার সংশোধনের জন্য ২৩০ (ভ্যাটসহ) টাকা, পরবর্তী প্রতিবারের সংশোধনের জন্য ৩৪৫ (ভ্যাটসহ) টাকা এনআইডি অনলাইন পোর্টালের মাধ্যমে আপনার নির্দিষ্ট আবেদনের ফী -এর পরিমাণ জানতে ভিজিট করুন services.nidw.gov.bd/nid-pub/fees"""""
একটি তথ্যের সংশোধনী আবেদন কয়বার করা যায়?,card_correction_one_information_maximum_limit,জাতীয় তথ্য ভান্ডারে রক্ষিত তথ্য প্রয়োজনীয় দলিলাদির ভিত্তিতে সাধারণত একবার সংশোধন করা হয়। তবে উপযুক্ত দলিলাদি উপস্থাপন সাপেক্ষে পুনরায় আবেদন করলে কর্তৃপক্ষ যাচাই-বাছাই করে সিদ্ধান্ত গ্রহণ করতে পারে।
তথ্য সংশোধন পুনর্বার করার সুযোগ আছে কিনা?,card_correction_one_information_maximum_limit,জাতীয় তথ্য ভান্ডারে রক্ষিত তথ্য প্রয়োজনীয় দলিলাদির ভিত্তিতে সাধারণত একবার সংশোধন করা হয়। তবে উপযুক্ত দলিলাদি উপস্থাপন সাপেক্ষে পুনরায় আবেদন করলে কর্তৃপক্ষ যাচাই-বাছাই করে সিদ্ধান্ত গ্রহণ করতে পারে।
আবেদন না করার কারণে সংশোধনের ফি কি কোনোভাবে রিফান্ড হবে?,card_correction_request_canceled_by_consumer_regarding_refund_fees,"দুঃখিত, এনআইডি ওয়ালেটে একবার ফি জমা হয়ে গেলে সেটি ফেরত পাওয়ার সুযোগ নেই। তবে জমাকৃত ফি ব্যবহৃত না হয়ে থাকলে পরবর্তীতে একই জাতীয় পরিচয়পত্রের বিপরীতে ব্যবহার করা যাবে।"
আমি কি সংশোধন ফি ফেরত পেতে পারি যদি আবেদন না জমা দেই?,card_correction_request_canceled_by_consumer_regarding_refund_fees,"দুঃখিত, এনআইডি ওয়ালেটে একবার ফি জমা হয়ে গেলে সেটি ফেরত পাওয়ার সুযোগ নেই। তবে জমাকৃত ফি ব্যবহৃত না হয়ে থাকলে পরবর্তীতে একই জাতীয় পরিচয়পত্রের বিপরীতে ব্যবহার করা যাবে।"
"ফি জমা দিয়ে যদি আবেদন সাবমিট না করি, টাকা ফেরতের নিয়ম কী?",card_correction_request_canceled_by_consumer_regarding_refund_fees,"দুঃখিত, এনআইডি ওয়ালেটে একবার ফি জমা হয়ে গেলে সেটি ফেরত পাওয়ার সুযোগ নেই। তবে জমাকৃত ফি ব্যবহৃত না হয়ে থাকলে পরবর্তীতে একই জাতীয় পরিচয়পত্রের বিপরীতে ব্যবহার করা যাবে।"
আবেদন না করলে পরিশোধিত ফি কি রিফান্ড হয়?,card_correction_request_failed_query_regarding_refund_fees,"দুঃখিত, আপনার জমাকৃত আবেদনের বিপরীতে ফি ফেরত পাওয়ার সুযোগ নেই।"
আবেদন সাবমিট না করলে কি পরিশোধিত ফি হারাতে হবে?,card_correction_request_failed_query_regarding_refund_fees,"দুঃখিত, আপনার জমাকৃত আবেদনের বিপরীতে ফি ফেরত পাওয়ার সুযোগ নেই।"
ফি জমা দিয়েছি কিন্তু আবেদন দিইনি—এ ক্ষেত্রে কি টাকা ফেরত পাওয়া যাবে?,card_correction_request_failed_query_regarding_refund_fees,"দুঃখিত, আপনার জমাকৃত আবেদনের বিপরীতে ফি ফেরত পাওয়ার সুযোগ নেই।"
রিকোয়েস্ট ক্যানসেল হলে প্রদানকৃত অর্থ কি ফেরত আসে?,card_correction_request_failed_query_regarding_refund_fees,"দুঃখিত, আপনার জমাকৃত আবেদনের বিপরীতে ফি ফেরত পাওয়ার সুযোগ নেই।"
রিজেকশন হলে পেমেন্ট করা টাকা কি ফেরত পাওয়া যাবে?,card_correction_request_failed_query_regarding_refund_fees,"দুঃখিত, আপনার জমাকৃত আবেদনের বিপরীতে ফি ফেরত পাওয়ার সুযোগ নেই।"
সংশোধন আবেদন বাতিল হয়ে গেলে কি টাকা ফেরত পাবো?,card_correction_request_failed_query_regarding_refund_fees,"দুঃখিত, আপনার জমাকৃত আবেদনের বিপরীতে ফি ফেরত পাওয়ার সুযোগ নেই।"
সংশোধন আবেদনের ক্ষেত্রে বাতিল হলে ফি কি ফেরত আসে?,card_correction_request_failed_query_regarding_refund_fees,"দুঃখিত, আপনার জমাকৃত আবেদনের বিপরীতে ফি ফেরত পাওয়ার সুযোগ নেই।"
আবেদন নাকচ হলে দ্বিতীয়বার আবেদনকালে ফি দিতে হবে কি?,card_correction_request_failed_query_regarding_repayment_fees,প্রতিবার আবেদনের ক্ষেত্রে নির্ধারিত পরিমাণ ফি জমা দিতে হয়।
ক্যানসেল্ড ফাইল আবার সাবমিট করলে ফি প্রযোজ্য হবে কি?,card_correction_request_failed_query_regarding_repayment_fees,প্রতিবার আবেদনের ক্ষেত্রে নির্ধারিত পরিমাণ ফি জমা দিতে হয়।
খারিজ হওয়া আবেদন আবার সাবমিট করতে কি ফি নেবেন?,card_correction_request_failed_query_regarding_repayment_fees,প্রতিবার আবেদনের ক্ষেত্রে নির্ধারিত পরিমাণ ফি জমা দিতে হয়।
খারিজ হওয়া সংশোধন আবেদন পুনরায় জমা দিতে কি ফি আছে?,card_correction_request_failed_query_regarding_repayment_fees,প্রতিবার আবেদনের ক্ষেত্রে নির্ধারিত পরিমাণ ফি জমা দিতে হয়।
বাতিল হওয়া সংশোধন আবেদনের জন্য পুনরায় টাকা জমা দিতে হবে কি?,card_correction_request_failed_query_regarding_repayment_fees,প্রতিবার আবেদনের ক্ষেত্রে নির্ধারিত পরিমাণ ফি জমা দিতে হয়।
রিজেক্ট হওয়া এনআইডি সংশোধনের দ্বিতীয়বার ফি কত?,card_correction_request_failed_query_regarding_repayment_fees,প্রতিবার আবেদনের ক্ষেত্রে নির্ধারিত পরিমাণ ফি জমা দিতে হয়।
সংশোধন আবেদন ক্যানসেল হলে পুনরায় করার সময় কত টাকা লাগবে?,card_correction_request_failed_query_regarding_repayment_fees,প্রতিবার আবেদনের ক্ষেত্রে নির্ধারিত পরিমাণ ফি জমা দিতে হয়।
সংশোধন আবেদন গ্রহণযোগ্য হয়নি; রি-অ্যাপ্লাই ফি কি দিতে হবে?,card_correction_request_failed_query_regarding_repayment_fees,প্রতিবার আবেদনের ক্ষেত্রে নির্ধারিত পরিমাণ ফি জমা দিতে হয়।
সংশোধন আবেদন বাতিল হওয়ার পর পুনরায় আবেদন করতে কি নতুন ফি দিতে হবে?,card_correction_request_failed_query_regarding_repayment_fees,প্রতিবার আবেদনের ক্ষেত্রে নির্ধারিত পরিমাণ ফি জমা দিতে হয়।
ক্ষতিগ্রস্ত কার্ডকে বদলিয়ে নতুন কার্ড নিতে কী করতে হয়?,card_damaged_how_to_get_new_card,এনআইডি নম্বর জানা থাকলে সরাসরি অনলাইনে আবেদন করুন।
আমার এনআইডির ডেটা ভুল; ফিক্স করতে কী করবো?,card_information_correction,চাহিত তথ্যের স্বপক্ষে দলিলাদি দাখিল পূর্বক অনলাইনে সংশোধনের আবেদনের জন্য ভিজিট করুন services.nidw.gov.bd/
এনআইডির কারেকশন অ্যাপ্লিকেশন কিভাবে সাবমিট করবো?,card_information_correction,চাহিত তথ্যের স্বপক্ষে দলিলাদি দাখিল পূর্বক অনলাইনে সংশোধনের আবেদনের জন্য ভিজিট করুন services.nidw.gov.bd/
এনআইডির ডিটেইলস ঠিক করতে অফিসিয়াল প্রক্রিয়া কী?,card_information_correction,চাহিত তথ্যের স্বপক্ষে দলিলাদি দাখিল পূর্বক অনলাইনে সংশোধনের আবেদনের জন্য ভিজিট করুন services.nidw.gov.bd/
এনআইডির তথ্য ভুল প্রুভ হলে কোথায় সংশোধন করব?,card_information_correction,চাহিত তথ্যের স্বপক্ষে দলিলাদি দাখিল পূর্বক অনলাইনে সংশোধনের আবেদনের জন্য ভিজিট করুন services.nidw.gov.bd/
কার্ডের তথ্য কিভাবে সংশোধন করা যায়?,card_information_correction,চাহিত তথ্যের স্বপক্ষে দলিলাদি দাখিল পূর্বক অনলাইনে সংশোধনের আবেদনের জন্য ভিজিট করুন services.nidw.gov.bd/
কার্ডের ভুল তথ্য পরিবর্তন বা ঠিক করার উপায় কি?,card_information_correction,চাহিত তথ্যের স্বপক্ষে দলিলাদি দাখিল পূর্বক অনলাইনে সংশোধনের আবেদনের জন্য ভিজিট করুন services.nidw.gov.bd/
জাতীয় পরিচয়পত্রে ত্রুটি থাকলে সংশোধনের ধাপ কী কী?,card_information_correction,চাহিত তথ্যের স্বপক্ষে দলিলাদি দাখিল পূর্বক অনলাইনে সংশোধনের আবেদনের জন্য ভিজিট করুন services.nidw.gov.bd/
তথ্য সংশোধনের জন্য অনলাইনে আবেদন করা যাবে কি?,card_information_correction,চাহিত তথ্যের স্বপক্ষে দলিলাদি দাখিল পূর্বক অনলাইনে সংশোধনের আবেদনের জন্য ভিজিট করুন services.nidw.gov.bd/
পরিচয়পত্রে ভুল তথ্য থাকলে দ্রুত সংশোধনের উপায় কী?,card_information_correction,চাহিত তথ্যের স্বপক্ষে দলিলাদি দাখিল পূর্বক অনলাইনে সংশোধনের আবেদনের জন্য ভিজিট করুন services.nidw.gov.bd/
ভোটার আইডির ভুল ঠিক করতে কিভাবে আবেদন করবো?,card_information_correction,চাহিত তথ্যের স্বপক্ষে দলিলাদি দাখিল পূর্বক অনলাইনে সংশোধনের আবেদনের জন্য ভিজিট করুন services.nidw.gov.bd/
কার্ড লক থাকলে অফিসে যেতে হবে নাকি?,card_lock,অনুগ্রহপূর্বক ০ বাটন চেপে আপনার অভিযোগটি রেকর্ড করুন। আশা করা যায় শীঘ্রই আপনার সমস্যাটি সমাধান হয়ে যাবে।
"এনআইডি কার্ড হারিয়ে গেছে এবং নষ্টও হয়েছে, নতুন কার্ড পেতে কি টাকা লাগবে?",card_lost_and_damaged_cost,"হ্যাঁ, নতুন এনআইডি কার্ড পেতে নির্ধারিত ফি জমা দিয়ে অনলাইনে আবেদন করুন।"
ভোটার আইডির ডুপ্লিকেট পেতে খরচ কত হতে পারে?,card_lost_new_card_fee,এনআইডি অনলাইন পোর্টালে প্রবেশ করে ফিস ট্যাবের মাধ্যমে আপনার নির্দিষ্ট আবেদনের ফী এর পরিমাণ জেনে নিন।
স্মার্ট আইডি কার্ড চুরি গেলে রি-ইস্যুর জন্য টাকার পরিমাণ কত?,card_lost_new_card_fee,এনআইডি অনলাইন পোর্টালে প্রবেশ করে ফিস ট্যাবের মাধ্যমে আপনার নির্দিষ্ট আবেদনের ফী এর পরিমাণ জেনে নিন।
"NID নম্বর নেই, কার্ডও নাই—রি-ইস্যুর প্রক্রিয়া জানতে চাই।",card_lost_no_info_how_to_get_new,সংশ্লিষ্ট উপজেলা/থানা নির্বাচন অফিসে গিয়ে এনআইডি নম্বর সংগ্রহ করে অনলাইনে রি-ইস্যু আবেদন করতে হবে।
"আমার কার্ড খোয়া গেছে, এনআইডি নম্বর মনে নেই—কোথায় যোগাযোগ করলে নতুন কার্ড পেতে পারি?",card_lost_no_info_how_to_get_new,সংশ্লিষ্ট উপজেলা/থানা নির্বাচন অফিসে গিয়ে এনআইডি নম্বর সংগ্রহ করে অনলাইনে রি-ইস্যু আবেদন করতে হবে।
হারানো NID-এর কোনো তথ্য নাই—এখন নতুন কার্ড নেয়ার উপায় বলুন।,card_lost_no_info_how_to_get_new,সংশ্লিষ্ট উপজেলা/থানা নির্বাচন অফিসে গিয়ে এনআইডি নম্বর সংগ্রহ করে অনলাইনে রি-ইস্যু আবেদন করতে হবে।
রি-ইস্যুর জন্য নির্ধারিত টাকার পরিমাণ কত?,card_reissue_fees,"সাধারণঃ (৩০ কার্যদিবস এর মধ্যে প্রাপ্তি) ১ম বার আবেদনের ক্ষেত্রে ২৩০ (ভ্যাটসহ) টাকা, ২য় বার আবেদনের ক্ষেত্রে ৩৪৫ (ভ্যাটসহ) টাকা, পরবর্তী প্রতিবার আবেদনের ক্ষেত্রে ৫৭৫ (ভ্যাটসহ) টাকা ফিস দিতে হবে।  জরুরীঃ (০৭ কার্যদিবস এর মধ্যে প্রাপ্তি) ১ম বার আবেদনের ক্ষেত্রে ৩৪৫ (ভ্যাটসহ) টাকা, ২য় বার আবেদনের ক্ষেত্রে ৫৭৫ (ভ্যাটসহ) টাকা, পরবর্তী প্রতিবার আবেদনের ক্ষেত্রে ১১৫০ (ভ্যাটসহ) টাকা ফিস দিতে হবে।"""""
আজকের সহায়তার জন্য কৃতজ্ঞতা প্রকাশ করছি।,closing_statement,জাতীয় পরিচয়পত্র তথ্য সার্ভিসে কল করার জন্য আপনাকে ধন্যবাদ।
"ঠিক আছে, পরবর্তীতে কথা হবে।",closing_statement,জাতীয় পরিচয়পত্র তথ্য সার্ভিসে কল করার জন্য আপনাকে ধন্যবাদ।
"ধন্যবাদ, আবার কথা হবে ইনশা’আল্লাহ।",closing_statement,জাতীয় পরিচয়পত্র তথ্য সার্ভিসে কল করার জন্য আপনাকে ধন্যবাদ।
"পরেরবার আবার কথা বলব, ধন্যবাদ।",closing_statement,জাতীয় পরিচয়পত্র তথ্য সার্ভিসে কল করার জন্য আপনাকে ধন্যবাদ।
"প্রয়োজন পড়লে আবার নক করব, ধন্যবাদ।",closing_statement,জাতীয় পরিচয়পত্র তথ্য সার্ভিসে কল করার জন্য আপনাকে ধন্যবাদ।
"প্রয়োজন হলে আবার জানাব, ইনশা’আল্লাহ।",closing_statement,জাতীয় পরিচয়পত্র তথ্য সার্ভিসে কল করার জন্য আপনাকে ধন্যবাদ।
"প্রয়োজনে আবার জানাবো, ধন্যবাদ।",closing_statement,জাতীয় পরিচয়পত্র তথ্য সার্ভিসে কল করার জন্য আপনাকে ধন্যবাদ।
"শুভেচ্ছা নিন, বিদায়।",closing_statement,জাতীয় পরিচয়পত্র তথ্য সার্ভিসে কল করার জন্য আপনাকে ধন্যবাদ।
আমার সংশোধন আবেদনটি কি প্রসেসিংয়ে আছে?,correction_application_current_status,আপনার এই প্রশ্নের উত্তরটি জানতে ৯ বাটন চেপে কল সেন্টার প্রতিনিধির সঙ্গে সরাসরি কথা বলুন।
"আমি সংশোধন দিয়েছি, এখন কি অবস্থায় আছে?",correction_application_current_status,আপনার এই প্রশ্নের উত্তরটি জানতে ৯ বাটন চেপে কল সেন্টার প্রতিনিধির সঙ্গে সরাসরি কথা বলুন।
এনআইডি করেকশনের প্রসেসিং আপডেট কী?,correction_application_current_status,আপনার এই প্রশ্নের উত্তরটি জানতে ৯ বাটন চেপে কল সেন্টার প্রতিনিধির সঙ্গে সরাসরি কথা বলুন।
এনআইডি কার্ডের ভুল ঠিক করার আবেদন কি এগোচ্ছে?,correction_application_current_status,আপনার এই প্রশ্নের উত্তরটি জানতে ৯ বাটন চেপে কল সেন্টার প্রতিনিধির সঙ্গে সরাসরি কথা বলুন।
এনআইডি ডাটা কারেক্ট করার আবেদনটা কোথায় আটকে আছে?,correction_application_current_status,আপনার এই প্রশ্নের উত্তরটি জানতে ৯ বাটন চেপে কল সেন্টার প্রতিনিধির সঙ্গে সরাসরি কথা বলুন।
এনআইডি ডিটেইলস সংশোধনের আবেদন এখন কোথায় আছে?,correction_application_current_status,আপনার এই প্রশ্নের উত্তরটি জানতে ৯ বাটন চেপে কল সেন্টার প্রতিনিধির সঙ্গে সরাসরি কথা বলুন।
এনআইডি তথ্য ঠিক করার আবেদন বর্তমান অবস্থা কী?,correction_application_current_status,আপনার এই প্রশ্নের উত্তরটি জানতে ৯ বাটন চেপে কল সেন্টার প্রতিনিধির সঙ্গে সরাসরি কথা বলুন।
এনআইডি তথ্য শুদ্ধিকরণের আবেদন কোথায় দাঁড়িয়ে আছে?,correction_application_current_status,আপনার এই প্রশ্নের উত্তরটি জানতে ৯ বাটন চেপে কল সেন্টার প্রতিনিধির সঙ্গে সরাসরি কথা বলুন।
এনআইডি পরিবর্তন/সংশোধনের আবেদন-এর অবস্থা জানান।,correction_application_current_status,আপনার এই প্রশ্নের উত্তরটি জানতে ৯ বাটন চেপে কল সেন্টার প্রতিনিধির সঙ্গে সরাসরি কথা বলুন।
এনআইডি সংশোধন প্রক্রিয়ার বর্তমান অবস্থা চান।,correction_application_current_status,আপনার এই প্রশ্নের উত্তরটি জানতে ৯ বাটন চেপে কল সেন্টার প্রতিনিধির সঙ্গে সরাসরি কথা বলুন।
"সংশোধন আবেদন করেছি, এখন কোন পর্যায়ে আছে জানাবেন?",correction_application_current_status,আপনার এই প্রশ্নের উত্তরটি জানতে ৯ বাটন চেপে কল সেন্টার প্রতিনিধির সঙ্গে সরাসরি কথা বলুন।
সংশোধনের অ্যাপ্লিকেশন প্রসেসিং টাইম কত?,correction_application_current_status,আপনার এই প্রশ্নের উত্তরটি জানতে ৯ বাটন চেপে কল সেন্টার প্রতিনিধির সঙ্গে সরাসরি কথা বলুন।
সংশোধনের আবেদন-এর ট্র্যাকিং ইনফো পাওয়া যাবে?,correction_application_current_status,আপনার এই প্রশ্নের উত্তরটি জানতে ৯ বাটন চেপে কল সেন্টার প্রতিনিধির সঙ্গে সরাসরি কথা বলুন।
সংশোধনের কাজ কতটা এগিয়েছে বলবেন?,correction_application_current_status,আপনার এই প্রশ্নের উত্তরটি জানতে ৯ বাটন চেপে কল সেন্টার প্রতিনিধির সঙ্গে সরাসরি কথা বলুন।
আগে ক্যানসেল হয়েছে; রি-অ্যাপ্লাই করলে কি ফি আবার দিতে হবে?,correction_application_rejected_need_new_fee,"হ্যাঁ, প্রতিবার আবেদন করার জন্য নির্ধারিত হারে ফিস জমা দিতে হবে।"
আগের আবেদন বাতিল হয়েছে নতুন করে সংশোধন আবেদন জমা দিতে কি ফি পুনরায় জমা দিতে হবে?,correction_application_rejected_need_new_fee,"হ্যাঁ, প্রতিবার আবেদন করার জন্য নির্ধারিত হারে ফিস জমা দিতে হবে।"
আগের আবেদন রিজেক্ট; রি-অ্যাপ্লাই ফি কি আবার দিতে হয়?,correction_application_rejected_need_new_fee,"হ্যাঁ, প্রতিবার আবেদন করার জন্য নির্ধারিত হারে ফিস জমা দিতে হবে।"
আবেদন গ্রহণ না হলে আবার আবেদনে কি ফি জমা দিতে হয়?,correction_application_rejected_need_new_fee,"হ্যাঁ, প্রতিবার আবেদন করার জন্য নির্ধারিত হারে ফিস জমা দিতে হবে।"
আবেদন বাতিল হলে কি পুনরায় আবেদন করতে ফি দিতে হবে?,correction_application_rejected_need_new_fee,"হ্যাঁ, প্রতিবার আবেদন করার জন্য নির্ধারিত হারে ফিস জমা দিতে হবে।"
নতুন করে আবেদন করতে গেলে বাতিল হওয়ার পর ফি দিতে হবে কি?,correction_application_rejected_need_new_fee,"হ্যাঁ, প্রতিবার আবেদন করার জন্য নির্ধারিত হারে ফিস জমা দিতে হবে।"
নাকচ আবেদন পুনঃআবেদনে কি নির্ধারিত ফি প্রযোজ্য?,correction_application_rejected_need_new_fee,"হ্যাঁ, প্রতিবার আবেদন করার জন্য নির্ধারিত হারে ফিস জমা দিতে হবে।"
পুনরায় আবেদন করতে গেলে বাতিলের পর কি ফি পরিশোধ করতে হবে?,correction_application_rejected_need_new_fee,"হ্যাঁ, প্রতিবার আবেদন করার জন্য নির্ধারিত হারে ফিস জমা দিতে হবে।"
বাতিল হওয়া আবেদনের পুনঃপ্রক্রিয়ায় কি ফি দিতে হবে?,correction_application_rejected_need_new_fee,"হ্যাঁ, প্রতিবার আবেদন করার জন্য নির্ধারিত হারে ফিস জমা দিতে হবে।"
আবেদন করেছি; স্ট্যাটাস জানতে পারব কোথায়?,correction_application_status,আপনার এই প্রশ্নের উত্তরটি জানতে ৯ বাটন চেপে কল সেন্টার প্রতিনিধির সঙ্গে সরাসরি কথা বলুন।
আবেদন দাখিল করেছি; এখন কীভাবে ফলোআপ করব?,correction_application_status,আপনার এই প্রশ্নের উত্তরটি জানতে ৯ বাটন চেপে কল সেন্টার প্রতিনিধির সঙ্গে সরাসরি কথা বলুন।
আমার আবেদনটির অবস্থা কি দেখা যাবে এখন?,correction_application_status,আপনার এই প্রশ্নের উত্তরটি জানতে ৯ বাটন চেপে কল সেন্টার প্রতিনিধির সঙ্গে সরাসরি কথা বলুন।
আমার এনআইডি সংশোধনের আবেদনটির অগ্রগতি জানতে চাই।,correction_application_status,আপনার এই প্রশ্নের উত্তরটি জানতে ৯ বাটন চেপে কল সেন্টার প্রতিনিধির সঙ্গে সরাসরি কথা বলুন।
এনআইডি সংশোধনের আপডেট কিভাবে জানা যায়?,correction_application_status,আপনার এই প্রশ্নের উত্তরটি জানতে ৯ বাটন চেপে কল সেন্টার প্রতিনিধির সঙ্গে সরাসরি কথা বলুন।
এনআইডি সংশোধনের স্ট্যাটাস চেক করার উপায় কি আছে?,correction_application_status,আপনার এই প্রশ্নের উত্তরটি জানতে ৯ বাটন চেপে কল সেন্টার প্রতিনিধির সঙ্গে সরাসরি কথা বলুন।
"এনআইডির তথ্য সংশোধন প্রসেস কতদিনে শেষ হয়, এবং এখন কী অবস্থা?",correction_application_status,আপনার এই প্রশ্নের উত্তরটি জানতে ৯ বাটন চেপে কল সেন্টার প্রতিনিধির সঙ্গে সরাসরি কথা বলুন।
ভুল সংশোধনের ফলোআপ দরকার; এখন কী অবস্থায়?,correction_application_status,আপনার এই প্রশ্নের উত্তরটি জানতে ৯ বাটন চেপে কল সেন্টার প্রতিনিধির সঙ্গে সরাসরি কথা বলুন।
সংশোধনের আবেদনটির ট্র্যাকিং কীভাবে করব?,correction_application_status,আপনার এই প্রশ্নের উত্তরটি জানতে ৯ বাটন চেপে কল সেন্টার প্রতিনিধির সঙ্গে সরাসরি কথা বলুন।
এনআইডি তথ্য সংশোধনের জন্য অ্যাপ্লিকেশন পাঠিয়েছি; পরে দেখি আরও ভুল—কি করণীয়?,correction_applied_more_correction_needed,আবেদন বাতিল চাইতে পারেন অথবা চাহিত তথ্যাদি সংশোধন সম্পন্ন হওয়ার পর পুনরায় আবেদন করতে পারেন।
সাবমিটেড আবেদন কি বাতিল করে আবার দেওয়া যায়? করণীয় কী?,correction_applied_more_correction_needed,আবেদন বাতিল চাইতে পারেন অথবা চাহিত তথ্যাদি সংশোধন সম্পন্ন হওয়ার পর পুনরায় আবেদন করতে পারেন।
এনআইডি ওয়ালেটের ব্যালেন্স ভুল দেখাচ্ছে—কি করা উচিত?,correction_fee_submitted_but_balance_zero,আপনার এই প্রশ্নের উত্তরটি জানতে ৯ বাটন চেপে কল সেন্টার প্রতিনিধির সঙ্গে সরাসরি কথা বলুন।
"টোকেন নম্বর ভুলে গেছি/হারিয়েছি, কার্ড কিভাবে নেবো?",correction_slip_lost_can_get_card,"হ্যাঁ, সংশোধন অনুমোদন হলে আপনি এনআইডি নম্বর দিয়ে অনলাইনে লগ-ইন করে কার্ডটি ডাউনলোড করতে পারবেন।"
টোকেন হারিয়ে গেলে সংশোধিত কার্ড সংগ্রহের পথ কী?,correction_slip_lost_can_get_card,"হ্যাঁ, সংশোধন অনুমোদন হলে আপনি এনআইডি নম্বর দিয়ে অনলাইনে লগ-ইন করে কার্ডটি ডাউনলোড করতে পারবেন।"
"প্রাপ্তি কাগজ হারিয়ে গেছে, এনআইডি কার্ড পাওয়ার উপায় কী?",correction_slip_lost_can_get_card,"হ্যাঁ, সংশোধন অনুমোদন হলে আপনি এনআইডি নম্বর দিয়ে অনলাইনে লগ-ইন করে কার্ডটি ডাউনলোড করতে পারবেন।"
মৃত ব্যক্তির NID ডেটা সংশোধনের জন্য কর্তৃপক্ষের কাছে কীভাবে আবেদন করবো?,dead_people_id_card_update,"মৃত ব্যক্তির উপযুক্ত ওয়ারিশ কর্তৃক অনলাইন মৃত্যু সনদসহ প্রয়োজনীয় দলিলাদি দাখিলপূর্বক মহাপরিচালক, জাতীয় পরিচয় নিবন্ধন অনুবিভাগ বরাবর সংশ্লিষ্ট উপজেলা/থানা নির্বাচন অফিসের মাধ্যমে অথবা সরাসরি নির্বাচন ভবন, ঢাকাতে লিখিত আবেদন করতে পারবেন"
মৃত ব্যক্তির জাতীয় পরিচয় নিবন্ধনে তথ্য বদলাতে কোন কোন ডকুমেন্ট লাগে?,dead_people_id_card_update,"মৃত ব্যক্তির উপযুক্ত ওয়ারিশ কর্তৃক অনলাইন মৃত্যু সনদসহ প্রয়োজনীয় দলিলাদি দাখিলপূর্বক মহাপরিচালক, জাতীয় পরিচয় নিবন্ধন অনুবিভাগ বরাবর সংশ্লিষ্ট উপজেলা/থানা নির্বাচন অফিসের মাধ্যমে অথবা সরাসরি নির্বাচন ভবন, ঢাকাতে লিখিত আবেদন করতে পারবেন"
মৃত্যুবরণকারী ব্যক্তির আইডি ডেটা আপডেট করতে কোন প্রমাণ দাখিল করতে হয়?,dead_people_id_card_update,"মৃত ব্যক্তির উপযুক্ত ওয়ারিশ কর্তৃক অনলাইন মৃত্যু সনদসহ প্রয়োজনীয় দলিলাদি দাখিলপূর্বক মহাপরিচালক, জাতীয় পরিচয় নিবন্ধন অনুবিভাগ বরাবর সংশ্লিষ্ট উপজেলা/থানা নির্বাচন অফিসের মাধ্যমে অথবা সরাসরি নির্বাচন ভবন, ঢাকাতে লিখিত আবেদন করতে পারবেন"
স্বর্গীয় পিতার জাতীয় পরিচয়পত্রে সংশোধন কোথায় করব?,dead_people_id_card_update,"মৃত ব্যক্তির উপযুক্ত ওয়ারিশ কর্তৃক অনলাইন মৃত্যু সনদসহ প্রয়োজনীয় দলিলাদি দাখিলপূর্বক মহাপরিচালক, জাতীয় পরিচয় নিবন্ধন অনুবিভাগ বরাবর সংশ্লিষ্ট উপজেলা/থানা নির্বাচন অফিসের মাধ্যমে অথবা সরাসরি নির্বাচন ভবন, ঢাকাতে লিখিত আবেদন করতে পারবেন"
আপনার উপস্থিতি আছে কি?,delayed_question_prompt,"দুঃখিত, আমি আপনার প্রশ্নের জন্য অপেক্ষা করছি। অনুগ্রহপূর্বক আপনার প্রশ্নটি করুন।"
আপনি আছেন কি?,delayed_question_prompt,"দুঃখিত, আমি আপনার প্রশ্নের জন্য অপেক্ষা করছি। অনুগ্রহপূর্বক আপনার প্রশ্নটি করুন।"
আপনি কি আমাকে গাইড করবেন একটু?,delayed_question_prompt,"দুঃখিত, আমি আপনার প্রশ্নের জন্য অপেক্ষা করছি। অনুগ্রহপূর্বক আপনার প্রশ্নটি করুন।"
আপনি কি আমাকে শুনছেন এখন?,delayed_question_prompt,"দুঃখিত, আমি আপনার প্রশ্নের জন্য অপেক্ষা করছি। অনুগ্রহপূর্বক আপনার প্রশ্নটি করুন।"
আপনি কি লাইনে আছেন?,delayed_question_prompt,"দুঃখিত, আমি আপনার প্রশ্নের জন্য অপেক্ষা করছি। অনুগ্রহপূর্বক আপনার প্রশ্নটি করুন।"
কী করতে হবে এখন?,delayed_question_prompt,"দুঃখিত, আমি আপনার প্রশ্নের জন্য অপেক্ষা করছি। অনুগ্রহপূর্বক আপনার প্রশ্নটি করুন।"
"হ্যালো, আছেন তো?",delayed_question_prompt,"দুঃখিত, আমি আপনার প্রশ্নের জন্য অপেক্ষা করছি। অনুগ্রহপূর্বক আপনার প্রশ্নটি করুন।"
"ভুল করে 2nd time রেজিস্ট্রেশন, এখন কী করবো?",double_voter_registration_issue,সংশ্লিষ্ট উপজেলা/ থানা নির্বাচন অফিসে যোগাযোগ করুন।
"ভুলে আবার এনরোল করেছি, কার কাছে যোগাযোগ করবো?",double_voter_registration_issue,সংশ্লিষ্ট উপজেলা/ থানা নির্বাচন অফিসে যোগাযোগ করুন।
যাচাইতে Match Found হলে পরবর্তী স্টেপ কী?,double_voter_registration_issue,সংশ্লিষ্ট উপজেলা/ থানা নির্বাচন অফিসে যোগাযোগ করুন।
"অনলাইনে এখনো লক দেখাচ্ছে, কখন ঠিক হবে?",eight_hours_time_up,আপনার এই প্রশ্নের উত্তরটি জানতে ৯ বাটন চেপে কল সেন্টার প্রতিনিধির সঙ্গে সরাসরি কথা বলুন।
"আজ আট ঘণ্টা পূর্ণ, কিন্তু লক আছে; দয়া করে গাইড করুন।",eight_hours_time_up,আপনার এই প্রশ্নের উত্তরটি জানতে ৯ বাটন চেপে কল সেন্টার প্রতিনিধির সঙ্গে সরাসরি কথা বলুন।
আট ঘণ্টা পর রেজিস্ট্রেশন করতে গেলে লক—হেল্প দরকার।,eight_hours_time_up,আপনার এই প্রশ্নের উত্তরটি জানতে ৯ বাটন চেপে কল সেন্টার প্রতিনিধির সঙ্গে সরাসরি কথা বলুন।
লকড অ্যাকাউন্ট কবে আনলক হবে—কোনো টাইমলাইন আছে?,eight_hours_time_up,আপনার এই প্রশ্নের উত্তরটি জানতে ৯ বাটন চেপে কল সেন্টার প্রতিনিধির সঙ্গে সরাসরি কথা বলুন।
"আঙুলের ছাপ নিলে ডাটা আসে না, কীভাবে সমাধান করবো?",fingerprint_error_info_not_found,আপনার ফিঙ্গারপ্রিন্টে সমস্যা থাকলে তা সংশ্লিষ্ট থানা/উপজেলা নির্বাচন অফিসে গিয়ে আপডেট করুন। তবে একাধিকবার প্রচেষ্টা সত্বেও ফিঙ্গারপ্রিন্ট ক্যাপচার না করা গেলে এনআইডি উইং হতে অনাপত্তি পত্র/ প্রত্যয়নপত্র নেয়া যেতে পারে।
"আঙুলের ছাপ মেলাতে পারছি না, কীভাবে সমাধান হবে?",fingerprint_error_info_not_found,আপনার ফিঙ্গারপ্রিন্টে সমস্যা থাকলে তা সংশ্লিষ্ট থানা/উপজেলা নির্বাচন অফিসে গিয়ে আপডেট করুন। তবে একাধিকবার প্রচেষ্টা সত্বেও ফিঙ্গারপ্রিন্ট ক্যাপচার না করা গেলে এনআইডি উইং হতে অনাপত্তি পত্র/ প্রত্যয়নপত্র নেয়া যেতে পারে।
"আঙুলের ছাপ স্ক্যান হয় না, তথ্যও নেই—কি করণীয়?",fingerprint_error_info_not_found,আপনার ফিঙ্গারপ্রিন্টে সমস্যা থাকলে তা সংশ্লিষ্ট থানা/উপজেলা নির্বাচন অফিসে গিয়ে আপডেট করুন। তবে একাধিকবার প্রচেষ্টা সত্বেও ফিঙ্গারপ্রিন্ট ক্যাপচার না করা গেলে এনআইডি উইং হতে অনাপত্তি পত্র/ প্রত্যয়নপত্র নেয়া যেতে পারে।
"ফিঙ্গারপ্রিন্ট দিয়ে তথ্য আসছে না, কীভাবে ঠিক করা যাবে?",fingerprint_error_info_not_found,আপনার ফিঙ্গারপ্রিন্টে সমস্যা থাকলে তা সংশ্লিষ্ট থানা/উপজেলা নির্বাচন অফিসে গিয়ে আপডেট করুন। তবে একাধিকবার প্রচেষ্টা সত্বেও ফিঙ্গারপ্রিন্ট ক্যাপচার না করা গেলে এনআইডি উইং হতে অনাপত্তি পত্র/ প্রত্যয়নপত্র নেয়া যেতে পারে।
"ফিঙ্গারপ্রিন্ট মিলছে না বলে ভেরিফাই হচ্ছে না, উপায় কী?",fingerprint_error_info_not_found,আপনার ফিঙ্গারপ্রিন্টে সমস্যা থাকলে তা সংশ্লিষ্ট থানা/উপজেলা নির্বাচন অফিসে গিয়ে আপডেট করুন। তবে একাধিকবার প্রচেষ্টা সত্বেও ফিঙ্গারপ্রিন্ট ক্যাপচার না করা গেলে এনআইডি উইং হতে অনাপত্তি পত্র/ প্রত্যয়নপত্র নেয়া যেতে পারে।
ফিঙ্গারপ্রিন্টে NID তথ্য না মিললে কীভাবে ঠিক করবো?,fingerprint_error_info_not_found,আপনার ফিঙ্গারপ্রিন্টে সমস্যা থাকলে তা সংশ্লিষ্ট থানা/উপজেলা নির্বাচন অফিসে গিয়ে আপডেট করুন। তবে একাধিকবার প্রচেষ্টা সত্বেও ফিঙ্গারপ্রিন্ট ক্যাপচার না করা গেলে এনআইডি উইং হতে অনাপত্তি পত্র/ প্রত্যয়নপত্র নেয়া যেতে পারে।
ফিঙ্গারপ্রিন্টের কারণে সিম replace করতে পারছি না—সমাধান কী?,fingerprint_error_info_not_found,আপনার ফিঙ্গারপ্রিন্টে সমস্যা থাকলে তা সংশ্লিষ্ট থানা/উপজেলা নির্বাচন অফিসে গিয়ে আপডেট করুন। তবে একাধিকবার প্রচেষ্টা সত্বেও ফিঙ্গারপ্রিন্ট ক্যাপচার না করা গেলে এনআইডি উইং হতে অনাপত্তি পত্র/ প্রত্যয়নপত্র নেয়া যেতে পারে।
"আমি এনআইডি কার্ডের জন্য বায়োমেট্রিক দিয়েছি, এখন কি করতে হবে আমাকে?",foreign_resident_action_after_biometrics_new,আপনার এই প্রশ্নের উত্তরটি জানতে ৯ বাটন চেপে কল সেন্টার প্রতিনিধির সঙ্গে সরাসরি কথা বলুন।
"আমি বিদেশি মিশনে জাতীয় পরিচয়পত্রের বায়োমেট্রিক করেছি, পরের ধাপ কী?",foreign_resident_action_after_biometrics_new,আপনার এই প্রশ্নের উত্তরটি জানতে ৯ বাটন চেপে কল সেন্টার প্রতিনিধির সঙ্গে সরাসরি কথা বলুন।
"কনস্যুলেটে বায়োমেট্রিক জমা, এখন কি কোনো ডকুমেন্ট লাগবে?",foreign_resident_action_after_biometrics_new,আপনার এই প্রশ্নের উত্তরটি জানতে ৯ বাটন চেপে কল সেন্টার প্রতিনিধির সঙ্গে সরাসরি কথা বলুন।
"প্রবাসী হিসেবে এনআইডি করেছি, স্মার্ট আইডি কার্ড কবে এবং কোথায় পাবো?",foreign_resident_card_collection,প্রবাসী বাংলাদেশীদের নিবন্ধন সম্পন্ন হলে অনলাইন থেকে এনআইডি এর একটি pdf কপি ডাউনলোড করে ব্যবহার করতে পারবেন। দেশভিত্তিক স্মার্ট এনআইডি কার্ড মুদ্রণ পূর্বক সংশ্লিষ্ট দূতাবাসে প্রেরণের মাধ্যমে বিতরণ করা হয়ে থাকে।
প্রবাসে তোলা ছবির ফাইল উপজেলা পাস করেছে; কিন্তু মেসেজ আসছে না—কি করা উচিত?,foreign_resident_card_picture_done__inquery_done_no_msg_new,আপনার এই প্রশ্নের উত্তরটি জানতে ৯ বাটন চেপে কল সেন্টার প্রতিনিধির সঙ্গে সরাসরি কথা বলুন।
"প্রবাস থেকে ভোটার আইডি পেতে চাই, কী কী করণীয়?",foreign_resident_card_registration_process,"যে সকল দেশে প্রবাসী বাংলাদেশীদের এনআইডি বা ভোটার নিবন্ধন কার্যক্রম চলমান রয়েছে, সেসকল দেশের ক্ষেত্রে ওয়েব পোর্টাল services.nidw.gov.bd/ ভিজিট করে রেজিস্টেশন পূর্বক নিবন্ধন ফর্ম পূরন করুন। অতঃপর উক্ত ফর্মের প্রিন্ট কপি, অনলাইন জন্ম সনদ, পাসপোর্ট এবং পাসপোর্ট সাইজের ছবি নিয়ে এপয়েনমেন্টের তারিখ অনুযায়ী বাংলাদেশ দূতাবাস/এম্বাসী অফিসে এসে বায়োমেট্রিক প্রদান করুন।"
বিদেশে থেকে জাতীয় পরিচয়পত্রের জন্য আবেদন করার নিয়মটা কীভাবে?,foreign_resident_card_registration_process,"যে সকল দেশে প্রবাসী বাংলাদেশীদের এনআইডি বা ভোটার নিবন্ধন কার্যক্রম চলমান রয়েছে, সেসকল দেশের ক্ষেত্রে ওয়েব পোর্টাল services.nidw.gov.bd/ ভিজিট করে রেজিস্টেশন পূর্বক নিবন্ধন ফর্ম পূরন করুন। অতঃপর উক্ত ফর্মের প্রিন্ট কপি, অনলাইন জন্ম সনদ, পাসপোর্ট এবং পাসপোর্ট সাইজের ছবি নিয়ে এপয়েনমেন্টের তারিখ অনুযায়ী বাংলাদেশ দূতাবাস/এম্বাসী অফিসে এসে বায়োমেট্রিক প্রদান করুন।"
আমি কাতারে আছি; এখান থেকে কীভাবে ভোটার তালিকায় নাম তুলব?,foreign_resident_card_registration_query_country_limitation,"বর্তমানে সংযুক্ত আরব আমিরাত, সৌদি আরব, কাতার, মালয়েশিয়া, কুয়েত, যুক্তরাজ্য, ইতালি, অস্ট্রেলিয়া ও কানাডায় প্রবাসী বাংলাদেশীদের ভোটার নিবন্ধন ও এনআইডি বিতরণ কার্যক্রম চালু রয়েছে।"
আমি রিয়াদ/দাম্মাম; এখান থেকে এনআইডি করানো সম্ভব?,foreign_resident_card_registration_query_country_limitation,"বর্তমানে সংযুক্ত আরব আমিরাত, সৌদি আরব, কাতার, মালয়েশিয়া, কুয়েত, যুক্তরাজ্য, ইতালি, অস্ট্রেলিয়া ও কানাডায় প্রবাসী বাংলাদেশীদের ভোটার নিবন্ধন ও এনআইডি বিতরণ কার্যক্রম চালু রয়েছে।"
বাংলাদেশের এনআইডি কার্ড পেতে আমার কি করতে হবে যখন আমি মালয়েশিয়ায় আছি?,foreign_resident_card_registration_query_country_limitation,"বর্তমানে সংযুক্ত আরব আমিরাত, সৌদি আরব, কাতার, মালয়েশিয়া, কুয়েত, যুক্তরাজ্য, ইতালি, অস্ট্রেলিয়া ও কানাডায় প্রবাসী বাংলাদেশীদের ভোটার নিবন্ধন ও এনআইডি বিতরণ কার্যক্রম চালু রয়েছে।"
বিদেশে প্রবাসী সেবা হিসেবে এনআইডি কোথায় দেওয়া হচ্ছে?,foreign_resident_card_registration_query_country_limitation,"বর্তমানে সংযুক্ত আরব আমিরাত, সৌদি আরব, কাতার, মালয়েশিয়া, কুয়েত, যুক্তরাজ্য, ইতালি, অস্ট্রেলিয়া ও কানাডায় প্রবাসী বাংলাদেশীদের ভোটার নিবন্ধন ও এনআইডি বিতরণ কার্যক্রম চালু রয়েছে।"
প্রবাসী এনআইডি আবেদনের স্ট্যাটাস রিজেক্ট—এটা কেন হতে পারে?,foreign_resident_card_registration_rejected,"কোন ব্যক্তি একাধিকবার ভোটার নিবন্ধনের চেষ্টা করলে আবেদন বাতিল হতে পারে। তবে অন্য কোন কারণে বাতিল হলে তা জানতে সংশ্লিষ্ট দূতাবাস অথবা এনআইডি উইং, নিবন্ধন ও প্রবাসী অধিশাখায় যোগাযোগ করুন।"
প্রবাসীদের জন্য ভোটার নিবন্ধনে কী কী কাগজপত্র আবশ্যক?,foreign_resident_card_registration_required_documents,"দূতাবাসে ভোটার নিবন্ধন করতে হলে পূরণকৃত ফরম (২ক) এর প্রিন্ট কপি, অনলাইন জন্ম সনদ, পাসপোর্ট এবং পাসপোর্ট সাইজের ছবি প্রয়োজন লাগবে।"
"বাংলাদেশের ভোটার আমি, এখন বিদেশে—আবার কি ভোটার তালিকায় যুক্ত হতে হবে?",foreign_resident_multiple_registration_new,"আপনি বাংলাদেশে ছবিযুক্ত ভোটার তালিকায় অন্তর্ভূক্ত হয়ে থাকলে প্রবাসে নিবন্ধনের প্রয়োজন নেই। মনে রাখবেন, একাধিকবার নিবন্ধন করা আইনত দণ্ডনীয় অপরাধ।"""""
আমার ওভারসিজ NID আবেদন এম্বাসিতে Adjudication Pending দেখাচ্ছে; কী পদক্ষেপ নেব?,foreign_resident_nid_adjudication_pending,"আপনার বায়োমেট্রিকস যাচাইয়ের কার্যক্রম চলমান আছে। অনুগ্রহপূর্বক অপেক্ষা করুন।   দীর্ঘদিন যাবত আবেদন পেন্ডিং থাকলে অনুগ্রহপূর্বক আপনার কোনো নিকটাত্মীয়ের মাধ্যমে বাংলাদেশে অবস্থিত উপজেলা/থানা নির্বাচন অফিসে যোগাযোগ করতে পারেন।"""" ,যোগাযোগের ঠিকানাঃ “*****”"
"NID সাইটে ফর্ম নম্বর লিখে রেজিস্টার করতে পারছি না, কী করতে হবে?",form_number_not_working,আপনি যদি ২০২০ বা তার পরে নতুন ভোটার হয়ে থাকেন সেক্ষেত্রে ফর্ম নম্বরের পূর্বে বড় হাতের অক্ষরে NIDFN লিখুন যেমন NIDFN ও ফরম নম্বর। এরপরও ব্যর্থ হলে ৯ বাটন চেপে কল সেন্টার প্রতিনিধির সঙ্গে সরাসরি কথা বলুন।
"ফর্ম নম্বর এন্ট্রি করলে সিস্টেম নিচ্ছে না, কী করতে হবে?",form_number_not_working,আপনি যদি ২০২০ বা তার পরে নতুন ভোটার হয়ে থাকেন সেক্ষেত্রে ফর্ম নম্বরের পূর্বে বড় হাতের অক্ষরে NIDFN লিখুন যেমন NIDFN ও ফরম নম্বর। এরপরও ব্যর্থ হলে ৯ বাটন চেপে কল সেন্টার প্রতিনিধির সঙ্গে সরাসরি কথা বলুন।
"আচ্ছা, এখানেই শেষ করি।",goodbye,বিদায়! আপনার দিনটা সুন্দর কাটুক।
"আপনার সহায়তায় উপকৃত, এখন বিদায়।",goodbye,বিদায়! আপনার দিনটা সুন্দর কাটুক।
আলোচনার সমাপ্তি ঘোষণা করছি।,goodbye,বিদায়! আপনার দিনটা সুন্দর কাটুক।
এই মুহূর্তে কথোপকথন শেষ করছি।,goodbye,বিদায়! আপনার দিনটা সুন্দর কাটুক।
"এইটুকুই আজ, বাই।",goodbye,বিদায়! আপনার দিনটা সুন্দর কাটুক।
"এখানেই লগআউট করছি, বিদায়।",goodbye,বিদায়! আপনার দিনটা সুন্দর কাটুক।
কথা হবে পরে,goodbye,বিদায়! আপনার দিনটা সুন্দর কাটুক।
কৃতজ্ঞতা প্রকাশ করে বিদায় নিচ্ছি।,goodbye,বিদায়! আপনার দিনটা সুন্দর কাটুক।
ধন্যবাদ জানিয়ে আলাপ শেষ করছি।,goodbye,বিদায়! আপনার দিনটা সুন্দর কাটুক।
পরে আবার কথা হবে ইনশাআল্লাহ,goodbye,বিদায়! আপনার দিনটা সুন্দর কাটুক।
"পরে কথা হবে, ঠিক আছে?",goodbye,বিদায়! আপনার দিনটা সুন্দর কাটুক।
"পরে দেখা হবে ইনশাআল্লাহ, বিদায়।",goodbye,বিদায়! আপনার দিনটা সুন্দর কাটুক।
ফি আমানিল্লাহ।,goodbye,বিদায়! আপনার দিনটা সুন্দর কাটুক।
"যাই, পরে কথা হবে।",goodbye,বিদায়! আপনার দিনটা সুন্দর কাটুক।
শুভ দিন কামনা করে বিদায় নিচ্ছি।,goodbye,বিদায়! আপনার দিনটা সুন্দর কাটুক।
আপনাকে কীভাবে সম্বোধন করবো?,greeting_and_request_for_question,"জাতীয় পরিচয়পত্র তথ্য সার্ভিসে আপনাকে স্বাগতম। আমি জুঁই, আপনাকে জাতীয় পরিচয়পত্র বিষয়ক কি তথ্য দিয়ে সাহায্য করতে পারি?"
আপনার কাজ কি NID তথ্য দেওয়া?,greeting_and_request_for_question,"জাতীয় পরিচয়পত্র তথ্য সার্ভিসে আপনাকে স্বাগতম। আমি জুঁই, আপনাকে জাতীয় পরিচয়পত্র বিষয়ক কি তথ্য দিয়ে সাহায্য করতে পারি?"
আপনার সাথে কি NID নিয়ে কথা বলা যাবে?,greeting_and_request_for_question,"জাতীয় পরিচয়পত্র তথ্য সার্ভিসে আপনাকে স্বাগতম। আমি জুঁই, আপনাকে জাতীয় পরিচয়পত্র বিষয়ক কি তথ্য দিয়ে সাহায্য করতে পারি?"
আপনার সাথে কীভাবে আলাপ শুরু করবো?,greeting_and_request_for_question,"জাতীয় পরিচয়পত্র তথ্য সার্ভিসে আপনাকে স্বাগতম। আমি জুঁই, আপনাকে জাতীয় পরিচয়পত্র বিষয়ক কি তথ্য দিয়ে সাহায্য করতে পারি?"
আপনি কি আমাকে নির্দেশনা দিতে পারবেন?,greeting_and_request_for_question,"জাতীয় পরিচয়পত্র তথ্য সার্ভিসে আপনাকে স্বাগতম। আমি জুঁই, আপনাকে জাতীয় পরিচয়পত্র বিষয়ক কি তথ্য দিয়ে সাহায্য করতে পারি?"
আপনি কি প্রশ্নের উত্তর দেবেন?,greeting_and_request_for_question,"জাতীয় পরিচয়পত্র তথ্য সার্ভিসে আপনাকে স্বাগতম। আমি জুঁই, আপনাকে জাতীয় পরিচয়পত্র বিষয়ক কি তথ্য দিয়ে সাহায্য করতে পারি?"
আপনি কি বর্তমানে উপলব্ধ?,greeting_and_request_for_question,"জাতীয় পরিচয়পত্র তথ্য সার্ভিসে আপনাকে স্বাগতম। আমি জুঁই, আপনাকে জাতীয় পরিচয়পত্র বিষয়ক কি তথ্য দিয়ে সাহায্য করতে পারি?"
আমাকে কি এখন কেউ সহায়তা করবেন?,greeting_and_request_for_question,"জাতীয় পরিচয়পত্র তথ্য সার্ভিসে আপনাকে স্বাগতম। আমি জুঁই, আপনাকে জাতীয় পরিচয়পত্র বিষয়ক কি তথ্য দিয়ে সাহায্য করতে পারি?"
আমি কি আপনাকে প্রশ্ন পাঠাতে পারি?,greeting_and_request_for_question,"জাতীয় পরিচয়পত্র তথ্য সার্ভিসে আপনাকে স্বাগতম। আমি জুঁই, আপনাকে জাতীয় পরিচয়পত্র বিষয়ক কি তথ্য দিয়ে সাহায্য করতে পারি?"
এখন কি আপনার সাথে কথা বলা যাবে?,greeting_and_request_for_question,"জাতীয় পরিচয়পত্র তথ্য সার্ভিসে আপনাকে স্বাগতম। আমি জুঁই, আপনাকে জাতীয় পরিচয়পত্র বিষয়ক কি তথ্য দিয়ে সাহায্য করতে পারি?"
এখানে কী ধরনের সেবা পাওয়া যায়?,greeting_and_request_for_question,"জাতীয় পরিচয়পত্র তথ্য সার্ভিসে আপনাকে স্বাগতম। আমি জুঁই, আপনাকে জাতীয় পরিচয়পত্র বিষয়ক কি তথ্য দিয়ে সাহায্য করতে পারি?"
এখানে কেউ আছেন কি?,greeting_and_request_for_question,"জাতীয় পরিচয়পত্র তথ্য সার্ভিসে আপনাকে স্বাগতম। আমি জুঁই, আপনাকে জাতীয় পরিচয়পত্র বিষয়ক কি তথ্য দিয়ে সাহায্য করতে পারি?"
"সালাম, কথা বলা যাবে?",greeting_and_request_for_question,"জাতীয় পরিচয়পত্র তথ্য সার্ভিসে আপনাকে স্বাগতম। আমি জুঁই, আপনাকে জাতীয় পরিচয়পত্র বিষয়ক কি তথ্য দিয়ে সাহায্য করতে পারি?"
"হাই, আপনি অনলাইনে তো?",greeting_and_request_for_question,"জাতীয় পরিচয়পত্র তথ্য সার্ভিসে আপনাকে স্বাগতম। আমি জুঁই, আপনাকে জাতীয় পরিচয়পত্র বিষয়ক কি তথ্য দিয়ে সাহায্য করতে পারি?"
কেমন আছো?,greetings,আমি আপনাকে কিভাবে সাহায্য করতে পারি?
অনলাইন এনআইডি পোর্টালে তথ্য সংশোধনের করণীয় কী?,how_to_apply_for_correction_in_online_portal,প্রথমে services.nidw.gov.bd/ ওয়েবসাইট ভিজিট করে একাউন্ট রেজিস্ট্রেশন করুন এবং নির্ধারিত ফী প্রদান পূর্বক এনআইডি সংশোধনের আবেদন করুন।
অনলাইনে এনআইডি তথ্য আপডেটের জন্য কোথায় আবেদন করব?,how_to_apply_for_correction_in_online_portal,প্রথমে services.nidw.gov.bd/ ওয়েবসাইট ভিজিট করে একাউন্ট রেজিস্ট্রেশন করুন এবং নির্ধারিত ফী প্রদান পূর্বক এনআইডি সংশোধনের আবেদন করুন।
অনলাইনে কার্ডের ভুল তথ্য সংশোধনের আবেদন কোথায় করবো?,how_to_apply_for_correction_in_online_portal,প্রথমে services.nidw.gov.bd/ ওয়েবসাইট ভিজিট করে একাউন্ট রেজিস্ট্রেশন করুন এবং নির্ধারিত ফী প্রদান পূর্বক এনআইডি সংশোধনের আবেদন করুন।
অনলাইনে কিভাবে এনআইডির তথ্য পরিবর্তনের আবেদন করা যায়?,how_to_apply_for_correction_in_online_portal,প্রথমে services.nidw.gov.bd/ ওয়েবসাইট ভিজিট করে একাউন্ট রেজিস্ট্রেশন করুন এবং নির্ধারিত ফী প্রদান পূর্বক এনআইডি সংশোধনের আবেদন করুন।
অনলাইনে জাতীয় পরিচয়পত্র পরিবর্তন/সংশোধনের আবেদন কীভাবে করব?,how_to_apply_for_correction_in_online_portal,প্রথমে services.nidw.gov.bd/ ওয়েবসাইট ভিজিট করে একাউন্ট রেজিস্ট্রেশন করুন এবং নির্ধারিত ফী প্রদান পূর্বক এনআইডি সংশোধনের আবেদন করুন।
অনলাইনে জাতীয় পরিচয়পত্র সংশোধন করতে কোন পোর্টাল ব্যবহার করব?,how_to_apply_for_correction_in_online_portal,প্রথমে services.nidw.gov.bd/ ওয়েবসাইট ভিজিট করে একাউন্ট রেজিস্ট্রেশন করুন এবং নির্ধারিত ফী প্রদান পূর্বক এনআইডি সংশোধনের আবেদন করুন।
অনলাইনে জাতীয় পরিচয়পত্রের ভুল সংশোধনের জন্য কোন সাইটে যাবো?,how_to_apply_for_correction_in_online_portal,প্রথমে services.nidw.gov.bd/ ওয়েবসাইট ভিজিট করে একাউন্ট রেজিস্ট্রেশন করুন এবং নির্ধারিত ফী প্রদান পূর্বক এনআইডি সংশোধনের আবেদন করুন।
ই-সেবার মাধ্যমে এনআইডি কার্ড সংশোধনের ধাপাবলি চাই—কীভাবে করব?,how_to_apply_for_correction_in_online_portal,প্রথমে services.nidw.gov.bd/ ওয়েবসাইট ভিজিট করে একাউন্ট রেজিস্ট্রেশন করুন এবং নির্ধারিত ফী প্রদান পূর্বক এনআইডি সংশোধনের আবেদন করুন।
অফিসে প্রয়োজনীয় তথ্য না পেলে অভিযোগ কাকে করবো?,how_to_complain_not_getting_help_from_election_office,"আপনি যদি কোনো থানা/উপজেলা নির্বাচন অফিসের বিরুদ্ধে অভিযোগ দাখিল করতে চান সেক্ষেত্রে, সংশ্লিষ্ট “জেলা নির্বাচন আফিসার” বরাবর লিখিত অভিযোগ করতে পারেন।  আপনি যদি কোনো জেলা নির্বাচন অফিসের বিরুদ্ধে অভিযোগ দাখিল করতে চান সেক্ষেত্রে, সংশ্লিষ্ট “আঞ্চলিক নির্বাচন আফিসার” বরাবর লিখিত অভিযোগ করতে পারেন। আপনি যদি কোনো আঞ্চলিক নির্বাচন অফিসের বিরুদ্ধে অভিযোগ দাখিল করতে চান সেক্ষেত্রে, “মহাপরিচালক, জাতীয় পরিচয় নিবন্ধন অনুবিভাগ” বরাবর লিখিত অভিযোগ করতে পারেন।"""""
উপজেলা ইসি অফিসে কাজ না হলে অভিযোগ কোথায় দাখিল করবো?,how_to_complain_not_getting_help_from_election_office,"আপনি যদি কোনো থানা/উপজেলা নির্বাচন অফিসের বিরুদ্ধে অভিযোগ দাখিল করতে চান সেক্ষেত্রে, সংশ্লিষ্ট “জেলা নির্বাচন আফিসার” বরাবর লিখিত অভিযোগ করতে পারেন।  আপনি যদি কোনো জেলা নির্বাচন অফিসের বিরুদ্ধে অভিযোগ দাখিল করতে চান সেক্ষেত্রে, সংশ্লিষ্ট “আঞ্চলিক নির্বাচন আফিসার” বরাবর লিখিত অভিযোগ করতে পারেন। আপনি যদি কোনো আঞ্চলিক নির্বাচন অফিসের বিরুদ্ধে অভিযোগ দাখিল করতে চান সেক্ষেত্রে, “মহাপরিচালক, জাতীয় পরিচয় নিবন্ধন অনুবিভাগ” বরাবর লিখিত অভিযোগ করতে পারেন।"""""
"আগের আইডি কার্ডে স্বামীর নাম ছিলো, কিন্তু বর্তমান কার্ডে নাই, কেন?",husband_name_previous_card,বর্তমানে জাতীয় পরিচয়পত্রে স্বামীর নাম দৃশ্যমান থাকে না। স্বামীর নাম জাতীয় পরিচয়পত্র ডাটাবেজে সংরক্ষিত থাকে।
"আগের বা এনআইডি কার্ডের পুরনো সংস্করণে স্বামীর নাম ছিল, কিন্তু নতুন কার্ডে নেই, এর কারণ কি?",husband_name_previous_card,বর্তমানে জাতীয় পরিচয়পত্রে স্বামীর নাম দৃশ্যমান থাকে না। স্বামীর নাম জাতীয় পরিচয়পত্র ডাটাবেজে সংরক্ষিত থাকে।
এনআইডি কার্ডে spouse name কেন প্রদর্শিত হয় না—কোনো বিশেষ কারণ আছে?,husband_name_previous_card,বর্তমানে জাতীয় পরিচয়পত্রে স্বামীর নাম দৃশ্যমান থাকে না। স্বামীর নাম জাতীয় পরিচয়পত্র ডাটাবেজে সংরক্ষিত থাকে।
এনআইডি স্মার্ট কার্ডে স্বামী-স্ত্রীর নাম দেখা যায় না কেন?,husband_name_previous_card,বর্তমানে জাতীয় পরিচয়পত্রে স্বামীর নাম দৃশ্যমান থাকে না। স্বামীর নাম জাতীয় পরিচয়পত্র ডাটাবেজে সংরক্ষিত থাকে।
নতুন আইডি কার্ডে স্বামীর নাম কেন বাদ দেওয়া হয়েছে—কারণ কী?,husband_name_previous_card,বর্তমানে জাতীয় পরিচয়পত্রে স্বামীর নাম দৃশ্যমান থাকে না। স্বামীর নাম জাতীয় পরিচয়পত্র ডাটাবেজে সংরক্ষিত থাকে।
নতুন এনআইডি কার্ডে স্বামীর নাম প্রিন্ট হয় না কেন?,husband_name_previous_card,বর্তমানে জাতীয় পরিচয়পত্রে স্বামীর নাম দৃশ্যমান থাকে না। স্বামীর নাম জাতীয় পরিচয়পত্র ডাটাবেজে সংরক্ষিত থাকে।
নতুন স্মার্ট এনআইডিতে স্বামীর নাম দেখায় না—এটা কেন?,husband_name_previous_card,বর্তমানে জাতীয় পরিচয়পত্রে স্বামীর নাম দৃশ্যমান থাকে না। স্বামীর নাম জাতীয় পরিচয়পত্র ডাটাবেজে সংরক্ষিত থাকে।
স্মার্ট আইডিতে স্বামীর নাম না থাকাটা কি ঠিক নিয়ম?,husband_name_previous_card,বর্তমানে জাতীয় পরিচয়পত্রে স্বামীর নাম দৃশ্যমান থাকে না। স্বামীর নাম জাতীয় পরিচয়পত্র ডাটাবেজে সংরক্ষিত থাকে।
স্মার্ট এনআইডিতে স্বামীর নাম না দেখানোর নীতিমালা কী?,husband_name_previous_card,বর্তমানে জাতীয় পরিচয়পত্রে স্বামীর নাম দৃশ্যমান থাকে না। স্বামীর নাম জাতীয় পরিচয়পত্র ডাটাবেজে সংরক্ষিত থাকে।
স্মার্ট বা নতুন আইডি কার্ডে স্বামীর নাম না থাকার কারণ কি?,husband_name_previous_card,বর্তমানে জাতীয় পরিচয়পত্রে স্বামীর নাম দৃশ্যমান থাকে না। স্বামীর নাম জাতীয় পরিচয়পত্র ডাটাবেজে সংরক্ষিত থাকে।
স্মার্টকার্ডে স্বামীর নাম বাদ পড়ার কারণ জানাবেন?,husband_name_previous_card,বর্তমানে জাতীয় পরিচয়পত্রে স্বামীর নাম দৃশ্যমান থাকে না। স্বামীর নাম জাতীয় পরিচয়পত্র ডাটাবেজে সংরক্ষিত থাকে।
ডিভোর্স পরবর্তী সময়ে জাতীয় আইডিতে স্বামীর নাম ডিলিটের প্রক্রিয়া জানাবেন?,husband_talak_name_remove,তালাকনামা (ইসলাম ধর্ম ব্যতীত অন্যান্য ধর্মাবলম্বীদের জন্য বিবাহ বিচ্ছেদের এফিডেভিট) সংযুক্ত করে অনলাইনে সংশোধন আবেদন করতে হবে।
তালাক হয়েছে; এনআইডি থেকে স্বামীর নাম change করে blank করতে কী করতে হবে?,husband_talak_name_remove,তালাকনামা (ইসলাম ধর্ম ব্যতীত অন্যান্য ধর্মাবলম্বীদের জন্য বিবাহ বিচ্ছেদের এফিডেভিট) সংযুক্ত করে অনলাইনে সংশোধন আবেদন করতে হবে।
তালাকপ্রাপ্তা; এনআইডিতে spouse নাম কাটা যাবে কীভাবে?,husband_talak_name_remove,তালাকনামা (ইসলাম ধর্ম ব্যতীত অন্যান্য ধর্মাবলম্বীদের জন্য বিবাহ বিচ্ছেদের এফিডেভিট) সংযুক্ত করে অনলাইনে সংশোধন আবেদন করতে হবে।
এনআইডি তথ্য তাড়াতাড়ি সংশোধন করাতে কি বাড়তি টাকা দিতে হয়?,instant_card_correction_fee,"আন্তরিকভাবে দুঃখিত, এনআইডি সংশোধনের ক্ষেত্রে জরুরি কোন ফি নাই।"
অনেক আগে এনআইডি অনলাইন সেবায় নিবন্ধন করেছিলাম—সেই ইউজারনেম ও পাসওয়ার্ড দিয়ে কি এখন লগইন করা সম্ভব?,login_using_old_id_password,"হ্যাঁ, পারবেন।"
অনেকদিন আগে করা রেজিস্ট্রেশন দিয়ে কি আজও লগইন হবে?,login_using_old_id_password,"হ্যাঁ, পারবেন।"
ডুয়াল সিটিজেনশিপ সনদ কোথায় ইস্যু হয়?,ministry_provide_dual_citizenship_certificate,দ্বৈত নাগরিকত্ব সনদ স্বরাষ্ট্র মন্ত্রণালয় থেকে প্রদান করা হয়।
ডুয়াল সিটিজেনশিপ সনদ কোন মন্ত্রণালয়ের তত্ত্বাবধানে ইস্যু হয়?,ministry_provide_dual_citizenship_certificate,দ্বৈত নাগরিকত্ব সনদ স্বরাষ্ট্র মন্ত্রণালয় থেকে প্রদান করা হয়।
ডুয়াল সিটিজেনশিপ সার্টিফিকেট ইস্যু কোন কর্তৃপক্ষ করে?,ministry_provide_dual_citizenship_certificate,দ্বৈত নাগরিকত্ব সনদ স্বরাষ্ট্র মন্ত্রণালয় থেকে প্রদান করা হয়।
ডুয়াল সিটিজেনশিপ সার্টিফিকেট প্রদানের অনুমোদনকারী কে?,ministry_provide_dual_citizenship_certificate,দ্বৈত নাগরিকত্ব সনদ স্বরাষ্ট্র মন্ত্রণালয় থেকে প্রদান করা হয়।
ডুয়াল সিটিজেনশিপ সার্টিফিকেটের জন্য কোন দপ্তরে যেতে হবে?,ministry_provide_dual_citizenship_certificate,দ্বৈত নাগরিকত্ব সনদ স্বরাষ্ট্র মন্ত্রণালয় থেকে প্রদান করা হয়।
দ্বৈত নাগরিকত্ব সনদ ইস্যু কোন দপ্তর করে থাকে?,ministry_provide_dual_citizenship_certificate,দ্বৈত নাগরিকত্ব সনদ স্বরাষ্ট্র মন্ত্রণালয় থেকে প্রদান করা হয়।
দ্বৈত নাগরিকত্ব সনদ কোন সরকারি কর্তৃপক্ষ থেকে পাওয়া যাবে?,ministry_provide_dual_citizenship_certificate,দ্বৈত নাগরিকত্ব সনদ স্বরাষ্ট্র মন্ত্রণালয় থেকে প্রদান করা হয়।
দ্বৈত নাগরিকত্ব সার্টিফিকেট প্রাপ্তির জন্য কার কাছে যাওয়া উচিত?,ministry_provide_dual_citizenship_certificate,দ্বৈত নাগরিকত্ব সনদ স্বরাষ্ট্র মন্ত্রণালয় থেকে প্রদান করা হয়।
ভোটার এলাকা পরিবর্তনের জন্য কোন কোন কাগজপত্র দাখিল করতে হবে?,necessary_documents_to_modify_voter_area,"ভোটার এলাকা পরিবর্তনের জন্য প্রয়োজনীয় দলিলাদি  (ক) যে এলাকায় স্থানান্তরিত হবেন সে এলাকার চেয়ারম্যান/ মেয়র/ কাউন্সিলর কর্তৃক নাগরিকত্ব সনদ। (খ) ইউটিলিটি বিলের কপি (গ্যাস/বিদ্যুৎ/পানি)। (গ) যে এলাকায় স্থানান্তরিত হবেন, সেই এলাকায় নিজ নামে বা পিতার নামে মাঠ পর্চা/ জমির দলিল/ভূমি উন্নয়ন ট্যাক্স পরিশোধের রশিদ। (ঘ) আবেদনকারীর জাতীয় পরিচয়পত্রের কপি।"""""
এনআইডি করার পর ভোটার হওয়ার বয়স কবে পূর্ণ হয়?,new_nid_card_age,ভোটার হওয়ার জন্য বয়স ১৮ বছর বা তদুর্দ্ধ হতে হয়।
ভোটার হওয়ার জন্য বয়স কতটা বাধ্যতামূলক?,new_nid_card_age,ভোটার হওয়ার জন্য বয়স ১৮ বছর বা তদুর্দ্ধ হতে হয়।
ভোটার হিসেবে নাম তোলার জন্য বয়স কতো চাই?,new_nid_card_age,ভোটার হওয়ার জন্য বয়স ১৮ বছর বা তদুর্দ্ধ হতে হয়।
১৮ পূর্ণ হলে কি সাথে সাথে ভোটার হওয়া যায়?,new_nid_card_age,ভোটার হওয়ার জন্য বয়স ১৮ বছর বা তদুর্দ্ধ হতে হয়।
১৮ বছর পূর্ণ না হলে কি ভোটার তালিকায় নাম ওঠে?,new_nid_card_age,ভোটার হওয়ার জন্য বয়স ১৮ বছর বা তদুর্দ্ধ হতে হয়।
আমার ভোটার হওয়ার আবেদনটি গ্রহণ হয়নি—সমাধানের জন্য কোথায় যাব?,new_voter_application_cancelled,আপনি সংশ্লিষ্ট উপজেলা/থানা নির্বাচন অফিসে যোগাযোগ করে আপনার নতুন ভোটার বাতিল হওয়ার কারণ অনুসন্ধান করতে পারেন।
নতুন ভোটার হওয়ার আবেদন রিজেক্ট হয়েছে—পরবর্তী পদক্ষেপ কী?,new_voter_application_cancelled,আপনি সংশ্লিষ্ট উপজেলা/থানা নির্বাচন অফিসে যোগাযোগ করে আপনার নতুন ভোটার বাতিল হওয়ার কারণ অনুসন্ধান করতে পারেন।
ভোটার আবেদন বাতিল দেখালে কার সাথে কথা বলা উচিত?,new_voter_application_cancelled,আপনি সংশ্লিষ্ট উপজেলা/থানা নির্বাচন অফিসে যোগাযোগ করে আপনার নতুন ভোটার বাতিল হওয়ার কারণ অনুসন্ধান করতে পারেন।
ভোটার তালিকা অন্তর্ভুক্তির আবেদন বাতিল—সমাধানের পথ কী?,new_voter_application_cancelled,আপনি সংশ্লিষ্ট উপজেলা/থানা নির্বাচন অফিসে যোগাযোগ করে আপনার নতুন ভোটার বাতিল হওয়ার কারণ অনুসন্ধান করতে পারেন।
ভোটার হওয়ার নতুন আবেদন নাকচ হলে পরবর্তী ধাপ কী?,new_voter_application_cancelled,আপনি সংশ্লিষ্ট উপজেলা/থানা নির্বাচন অফিসে যোগাযোগ করে আপনার নতুন ভোটার বাতিল হওয়ার কারণ অনুসন্ধান করতে পারেন।
থানা নির্বাচন অফিসে আবেদন প্রসেস না হলে কোন কর্তৃপক্ষের কাছে যাব?,new_voter_application_not_submitted_to_upazila_or_thana_office,সকল কাগজপত্রসহ সংশ্লিষ্ট জেলা নির্বাচন কর্মকর্তার সাথে যোগাযোগ করুন।
ভোটার নিবন্ধনের আবেদন স্থানীয় অফিসে আটকে গেলে কী করব?,new_voter_application_not_submitted_to_upazila_or_thana_office,সকল কাগজপত্রসহ সংশ্লিষ্ট জেলা নির্বাচন কর্মকর্তার সাথে যোগাযোগ করুন।
ভোটার হিসেবে নিবন্ধনের আবেদন রিজেক্ট হলে কোথায় যোগাযোগ করতে হবে?,new_voter_application_not_submitted_to_upazila_or_thana_office,সকল কাগজপত্রসহ সংশ্লিষ্ট জেলা নির্বাচন কর্মকর্তার সাথে যোগাযোগ করুন।
স্থানীয় নির্বাচন কার্যালয় আবেদন গ্রহণ করেনি; কাকে জানাবো?,new_voter_application_not_submitted_to_upazila_or_thana_office,সকল কাগজপত্রসহ সংশ্লিষ্ট জেলা নির্বাচন কর্মকর্তার সাথে যোগাযোগ করুন।
অনলাইন আবেদন পর প্রিন্ট কপির সাথে কোন কোন নথি দিতে হয়?,new_voter_apply_online_what_documents_needed,নিবন্ধনের জন্য অনলাইনে পূরণকৃত নিবন্ধন ফর্মের প্রিন্ট কপির সঙ্গে যেসব কাগজপত্র জমা দিতে হবেঃ (১) ১৭ ডিজিটের অনলাইন জন্মসনদের কপি। (২) জাতীয়তা/নাগরিকত্ব সনদের কপি। (৩) পিতা-মাতা ভাই-বোনের এনআইডির কপি। পিতা-মাতা মৃত হলে অনলাইন মৃত্যু সনদের কপি। (৪) বিবাহিত হলে স্বামী/ স্ত্রীর এনআইডির কপি। (৫) এসএসসি/দাখিল/সমমান অথবা অষ্টম শ্রেণি পাশের সনদের কপি (প্রযোজ্য ক্ষেত্রে)। (৬) ইউটিলিটি বিলের (বিদ্যুৎ/গ্যাস/পানি/চৌকিদারী ট্যাক্স রশিদ) ফটোকপি।
"অনলাইনে আবেদন করলাম, এখন জমা দেওয়ার কাগজপত্রগুলো কোনগুলো?",new_voter_apply_online_what_documents_needed,নিবন্ধনের জন্য অনলাইনে পূরণকৃত নিবন্ধন ফর্মের প্রিন্ট কপির সঙ্গে যেসব কাগজপত্র জমা দিতে হবেঃ (১) ১৭ ডিজিটের অনলাইন জন্মসনদের কপি। (২) জাতীয়তা/নাগরিকত্ব সনদের কপি। (৩) পিতা-মাতা ভাই-বোনের এনআইডির কপি। পিতা-মাতা মৃত হলে অনলাইন মৃত্যু সনদের কপি। (৪) বিবাহিত হলে স্বামী/ স্ত্রীর এনআইডির কপি। (৫) এসএসসি/দাখিল/সমমান অথবা অষ্টম শ্রেণি পাশের সনদের কপি (প্রযোজ্য ক্ষেত্রে)। (৬) ইউটিলিটি বিলের (বিদ্যুৎ/গ্যাস/পানি/চৌকিদারী ট্যাক্স রশিদ) ফটোকপি।
অনলাইনে সাবমিট করে এখন কোন কোন সার্টিফিকেটের কপি দিতে হবে?,new_voter_apply_online_what_documents_needed,নিবন্ধনের জন্য অনলাইনে পূরণকৃত নিবন্ধন ফর্মের প্রিন্ট কপির সঙ্গে যেসব কাগজপত্র জমা দিতে হবেঃ (১) ১৭ ডিজিটের অনলাইন জন্মসনদের কপি। (২) জাতীয়তা/নাগরিকত্ব সনদের কপি। (৩) পিতা-মাতা ভাই-বোনের এনআইডির কপি। পিতা-মাতা মৃত হলে অনলাইন মৃত্যু সনদের কপি। (৪) বিবাহিত হলে স্বামী/ স্ত্রীর এনআইডির কপি। (৫) এসএসসি/দাখিল/সমমান অথবা অষ্টম শ্রেণি পাশের সনদের কপি (প্রযোজ্য ক্ষেত্রে)। (৬) ইউটিলিটি বিলের (বিদ্যুৎ/গ্যাস/পানি/চৌকিদারী ট্যাক্স রশিদ) ফটোকপি।
ই-আবেদন দেওয়ার পর কোন কোন কাগজ জমা করা আবশ্যক?,new_voter_apply_online_what_documents_needed,নিবন্ধনের জন্য অনলাইনে পূরণকৃত নিবন্ধন ফর্মের প্রিন্ট কপির সঙ্গে যেসব কাগজপত্র জমা দিতে হবেঃ (১) ১৭ ডিজিটের অনলাইন জন্মসনদের কপি। (২) জাতীয়তা/নাগরিকত্ব সনদের কপি। (৩) পিতা-মাতা ভাই-বোনের এনআইডির কপি। পিতা-মাতা মৃত হলে অনলাইন মৃত্যু সনদের কপি। (৪) বিবাহিত হলে স্বামী/ স্ত্রীর এনআইডির কপি। (৫) এসএসসি/দাখিল/সমমান অথবা অষ্টম শ্রেণি পাশের সনদের কপি (প্রযোজ্য ক্ষেত্রে)। (৬) ইউটিলিটি বিলের (বিদ্যুৎ/গ্যাস/পানি/চৌকিদারী ট্যাক্স রশিদ) ফটোকপি।
নতুন ভোটার হিসেবে আমার জাতীয় পরিচয়পত্র কেন বাতিল দেখাচ্ছে?,new_voter_but_card_rejected,আপনি সংশ্লিষ্ট উপজেলা/থানা নির্বাচন অফিসে যোগাযোগ করে আপনার নতুন ভোটার বাতিল হওয়ার কারণ অনুসন্ধান করতে পারেন। অথবা আপনার এই প্রশ্নের উত্তরটি জানতে ৯ বাটন চেপে কল সেন্টার প্রতিনিধির সঙ্গে সরাসরি কথা বলুন।
কার্ড ডাউনলোড না হলে নতুন ভোটার হিসেবে আমাকে কী করতে হবে?,new_voter_can_not_download_card_with_form_number,অনলাইনে রেজিষ্ট্রেশন প্রক্রিয়াটি সম্পন্ন করার পর “কার্ড ডাউনলোড” অপশনটি না পেলে সংশ্লিষ্ট উপজেলা/থানা নির্বাচন অফিসে যোগাযোগ করুন।
নতুন ভোটার রেজিস্ট্রেশনের পর কার্ড ডাউনলোড বাটন না দেখালে কী করতে হবে?,new_voter_can_not_download_card_with_form_number,অনলাইনে রেজিষ্ট্রেশন প্রক্রিয়াটি সম্পন্ন করার পর “কার্ড ডাউনলোড” অপশনটি না পেলে সংশ্লিষ্ট উপজেলা/থানা নির্বাচন অফিসে যোগাযোগ করুন।
ভোটার কার্ড পাবার জন্য কতদিন লাগবে?,new_voter_card_getting_time,আপনার এই প্রশ্নের উত্তরটি জানতে ৯ বাটন চেপে কল সেন্টার প্রতিনিধির সঙ্গে সরাসরি কথা বলুন।
"কার্ড নেই, ফর্ম নম্বর আছে; অনলাইনে রেজিস্ট্রেশন সম্ভব না হলে কোথায় যোগাযোগ করবো?",new_voter_card_not_taken_has_form_no_can_not_register_online,আপনার এই প্রশ্নের উত্তরটি জানতে ৯ বাটন চেপে কল সেন্টার প্রতিনিধির সঙ্গে সরাসরি কথা বলুন।
ফর্ম নম্বর দিয়ে অনলাইনে রেজিস্ট্রেশন করতে পারছি না; কার্ড তুলিনি—এখন কী?,new_voter_card_not_taken_has_form_no_can_not_register_online,আপনার এই প্রশ্নের উত্তরটি জানতে ৯ বাটন চেপে কল সেন্টার প্রতিনিধির সঙ্গে সরাসরি কথা বলুন।
"ভোটার হয়েছি আগে, কার্ড নেই; এই ফরম নাম্বার দিয়ে অনলাইনে কীভাবে রেজিস্ট্রেশন করব?",new_voter_card_not_taken_has_form_no_can_not_register_online,আপনার এই প্রশ্নের উত্তরটি জানতে ৯ বাটন চেপে কল সেন্টার প্রতিনিধির সঙ্গে সরাসরি কথা বলুন।
এনআইডি প্রথম নিবন্ধন কি সম্পূর্ণ ফ্রি?,new_voter_fees,নতুন ভোটার অথবা এনআইডি নিবন্ধনের জন্য কোন প্রকার ফি প্রদান করতে হয় না।
নতুন ভোটার হওয়ার জন্য কি ফি জমা দিতে হয়?,new_voter_fees,নতুন ভোটার অথবা এনআইডি নিবন্ধনের জন্য কোন প্রকার ফি প্রদান করতে হয় না।
নতুন ভোটার হওয়ার জন্য টাকা নেওয়া হয় কি?,new_voter_fees,নতুন ভোটার অথবা এনআইডি নিবন্ধনের জন্য কোন প্রকার ফি প্রদান করতে হয় না।
ভোটার তালিকাভুক্তির খরচ কত পড়ে?,new_voter_fees,নতুন ভোটার অথবা এনআইডি নিবন্ধনের জন্য কোন প্রকার ফি প্রদান করতে হয় না।
ভোটার তালিকায় অন্তর্ভুক্তির খরচ কতটা?,new_voter_fees,নতুন ভোটার অথবা এনআইডি নিবন্ধনের জন্য কোন প্রকার ফি প্রদান করতে হয় না।
ভোটার তালিকায় নাম তোলার জন্য কি ফিস দিতে হয়?,new_voter_fees,নতুন ভোটার অথবা এনআইডি নিবন্ধনের জন্য কোন প্রকার ফি প্রদান করতে হয় না।
ভোটার হওয়ার সেবা কি বিনামূল্যে?,new_voter_fees,নতুন ভোটার অথবা এনআইডি নিবন্ধনের জন্য কোন প্রকার ফি প্রদান করতে হয় না।
আমি নতুন ভোটার—প্লাস্টিক এনআইডি কবে হাতে আসে?,new_voter_got_normal_card_when_get_smart_card,স্মার্ট কার্ড সাধারণত উপজেলা ভিত্তিক মুদ্রণ করা হয়ে থাকে। আপনার এলাকায় স্মার্ট কার্ড বিতরণ শুরু হলে থানা/উপজেলা নির্বাচন অফিসে যোগাযোগ করুন।
আমি নতুন ভোটার—স্মার্ট কার্ডের জন্য কত সময় অপেক্ষা করতে হয়?,new_voter_got_normal_card_when_get_smart_card,স্মার্ট কার্ড সাধারণত উপজেলা ভিত্তিক মুদ্রণ করা হয়ে থাকে। আপনার এলাকায় স্মার্ট কার্ড বিতরণ শুরু হলে থানা/উপজেলা নির্বাচন অফিসে যোগাযোগ করুন।
আমি নতুন ভোটার; কোথায় গেলে কার্ড ডাউনলোড করতে পারবো?,new_voter_how_to_get_card,"services.nidw.gov.bd এই ওয়েব পোর্টালে প্রবেশ করে নিম্নোক্ত ধাপগুলো অনুসরণ করুন- (১) """"রেজিস্টার করুন"""" অপশন থেকে নতুন একটি একাউন্ট করুন। (২) লগইন করুন। (৩) ডাউনলোড অপশন থেকে আপনার কাঙ্খিত এনআইডি কার্ডের পিডিএফ ডাউনলোড করুন।"
"নতুন ভোটার, জাতীয় পরিচয়পত্র কিভাবে পেতে পারি?",new_voter_how_to_get_card,"services.nidw.gov.bd এই ওয়েব পোর্টালে প্রবেশ করে নিম্নোক্ত ধাপগুলো অনুসরণ করুন- (১) """"রেজিস্টার করুন"""" অপশন থেকে নতুন একটি একাউন্ট করুন। (২) লগইন করুন। (৩) ডাউনলোড অপশন থেকে আপনার কাঙ্খিত এনআইডি কার্ডের পিডিএফ ডাউনলোড করুন।"
আবেদন করার পর কোনো তথ্য না পেলে কীভাবে ফলোআপ করব?,new_voter_no_messages_from_upzila_or_thana,নিবন্ধন ফর্ম ও অন্যান্য সকল ডকুমেন্টস সহ সংশ্লিষ্ট উপজেলা/থানা নির্বাচন অফিসে যোগাযোগ করুন।
আবেদন করার পর বার্তা না পাওয়ায় কাকে যোগাযোগ করব?,new_voter_no_messages_from_upzila_or_thana,নিবন্ধন ফর্ম ও অন্যান্য সকল ডকুমেন্টস সহ সংশ্লিষ্ট উপজেলা/থানা নির্বাচন অফিসে যোগাযোগ করুন।
আবেদন করার বহুদিন পরও বার্তা নেই—কোথায় খোঁজ নেব?,new_voter_no_messages_from_upzila_or_thana,নিবন্ধন ফর্ম ও অন্যান্য সকল ডকুমেন্টস সহ সংশ্লিষ্ট উপজেলা/থানা নির্বাচন অফিসে যোগাযোগ করুন।
নতুন ভোটার রেজিস্ট্রেশন স্ট্যাটাস জানতে পারছি না; বার্তা আসেনি—কী করব?,new_voter_no_messages_from_upzila_or_thana,নিবন্ধন ফর্ম ও অন্যান্য সকল ডকুমেন্টস সহ সংশ্লিষ্ট উপজেলা/থানা নির্বাচন অফিসে যোগাযোগ করুন।
নতুন ভোটার হওয়ার আবেদন করেছি; মেসেজ পাচ্ছি না—কার সাথে কথা বলব?,new_voter_no_messages_from_upzila_or_thana,নিবন্ধন ফর্ম ও অন্যান্য সকল ডকুমেন্টস সহ সংশ্লিষ্ট উপজেলা/থানা নির্বাচন অফিসে যোগাযোগ করুন।
"ভোটার আইডির আবেদন স্ট্যাটাস জানতে চাই, কিন্তু এসএমএস আসেনি—কী করব?",new_voter_no_messages_from_upzila_or_thana,নিবন্ধন ফর্ম ও অন্যান্য সকল ডকুমেন্টস সহ সংশ্লিষ্ট উপজেলা/থানা নির্বাচন অফিসে যোগাযোগ করুন।
অনলাইন আবেদন দেওয়ার পর ঠিক কোন কোন কপি জমা দিতে হয়?,new_voter_online_what_documents_to_submit,নিবন্ধনের জন্য অনলাইনে পূরণকৃত নিবন্ধন ফর্মের প্রিন্ট কপির সঙ্গে যেসব কাগজপত্র জমা দিতে হবেঃ (১) ১৭ ডিজিটের অনলাইন জন্মসনদের কপি। (২) জাতীয়তা/নাগরিকত্ব সনদের কপি। (৩) পিতা-মাতা ভাই-বোনের এনআইডির কপি। পিতা-মাতা মৃত হলে অনলাইন মৃত্যু সনদের কপি। (৪) বিবাহিত হলে স্বামী/ স্ত্রীর এনআইডির কপি। (৫) এসএসসি/দাখিল/সমমান অথবা অষ্টম শ্রেণি পাশের সনদের কপি (প্রযোজ্য ক্ষেত্রে)। (৬) ইউটিলিটি বিলের (বিদ্যুৎ/গ্যাস/পানি/চৌকিদারী ট্যাক্স রশিদ) ফটোকপি।
অনলাইন আবেদন সাবমিটের পর কোন কোন প্রমাণপত্র প্রয়োজন?,new_voter_online_what_documents_to_submit,নিবন্ধনের জন্য অনলাইনে পূরণকৃত নিবন্ধন ফর্মের প্রিন্ট কপির সঙ্গে যেসব কাগজপত্র জমা দিতে হবেঃ (১) ১৭ ডিজিটের অনলাইন জন্মসনদের কপি। (২) জাতীয়তা/নাগরিকত্ব সনদের কপি। (৩) পিতা-মাতা ভাই-বোনের এনআইডির কপি। পিতা-মাতা মৃত হলে অনলাইন মৃত্যু সনদের কপি। (৪) বিবাহিত হলে স্বামী/ স্ত্রীর এনআইডির কপি। (৫) এসএসসি/দাখিল/সমমান অথবা অষ্টম শ্রেণি পাশের সনদের কপি (প্রযোজ্য ক্ষেত্রে)। (৬) ইউটিলিটি বিলের (বিদ্যুৎ/গ্যাস/পানি/চৌকিদারী ট্যাক্স রশিদ) ফটোকপি।
অনলাইন নিবন্ধনের পর কোন কোন কাগজপত্র উপস্থাপন করতে হয়?,new_voter_online_what_documents_to_submit,নিবন্ধনের জন্য অনলাইনে পূরণকৃত নিবন্ধন ফর্মের প্রিন্ট কপির সঙ্গে যেসব কাগজপত্র জমা দিতে হবেঃ (১) ১৭ ডিজিটের অনলাইন জন্মসনদের কপি। (২) জাতীয়তা/নাগরিকত্ব সনদের কপি। (৩) পিতা-মাতা ভাই-বোনের এনআইডির কপি। পিতা-মাতা মৃত হলে অনলাইন মৃত্যু সনদের কপি। (৪) বিবাহিত হলে স্বামী/ স্ত্রীর এনআইডির কপি। (৫) এসএসসি/দাখিল/সমমান অথবা অষ্টম শ্রেণি পাশের সনদের কপি (প্রযোজ্য ক্ষেত্রে)। (৬) ইউটিলিটি বিলের (বিদ্যুৎ/গ্যাস/পানি/চৌকিদারী ট্যাক্স রশিদ) ফটোকপি।
অনলাইন ফর্ম সাবমিট করলে পরে কী কী ডকুমেন্টস দিতে হবে?,new_voter_online_what_documents_to_submit,নিবন্ধনের জন্য অনলাইনে পূরণকৃত নিবন্ধন ফর্মের প্রিন্ট কপির সঙ্গে যেসব কাগজপত্র জমা দিতে হবেঃ (১) ১৭ ডিজিটের অনলাইন জন্মসনদের কপি। (২) জাতীয়তা/নাগরিকত্ব সনদের কপি। (৩) পিতা-মাতা ভাই-বোনের এনআইডির কপি। পিতা-মাতা মৃত হলে অনলাইন মৃত্যু সনদের কপি। (৪) বিবাহিত হলে স্বামী/ স্ত্রীর এনআইডির কপি। (৫) এসএসসি/দাখিল/সমমান অথবা অষ্টম শ্রেণি পাশের সনদের কপি (প্রযোজ্য ক্ষেত্রে)। (৬) ইউটিলিটি বিলের (বিদ্যুৎ/গ্যাস/পানি/চৌকিদারী ট্যাক্স রশিদ) ফটোকপি।
অনলাইন রেজিস্ট্রেশন শেষে দাখিলযোগ্য কাগজপত্রের নামগুলো কী?,new_voter_online_what_documents_to_submit,নিবন্ধনের জন্য অনলাইনে পূরণকৃত নিবন্ধন ফর্মের প্রিন্ট কপির সঙ্গে যেসব কাগজপত্র জমা দিতে হবেঃ (১) ১৭ ডিজিটের অনলাইন জন্মসনদের কপি। (২) জাতীয়তা/নাগরিকত্ব সনদের কপি। (৩) পিতা-মাতা ভাই-বোনের এনআইডির কপি। পিতা-মাতা মৃত হলে অনলাইন মৃত্যু সনদের কপি। (৪) বিবাহিত হলে স্বামী/ স্ত্রীর এনআইডির কপি। (৫) এসএসসি/দাখিল/সমমান অথবা অষ্টম শ্রেণি পাশের সনদের কপি (প্রযোজ্য ক্ষেত্রে)। (৬) ইউটিলিটি বিলের (বিদ্যুৎ/গ্যাস/পানি/চৌকিদারী ট্যাক্স রশিদ) ফটোকপি।
অনলাইন সাবমিশন শেষে জমা দিতে হবে এমন কাগজ কোনগুলো?,new_voter_online_what_documents_to_submit,নিবন্ধনের জন্য অনলাইনে পূরণকৃত নিবন্ধন ফর্মের প্রিন্ট কপির সঙ্গে যেসব কাগজপত্র জমা দিতে হবেঃ (১) ১৭ ডিজিটের অনলাইন জন্মসনদের কপি। (২) জাতীয়তা/নাগরিকত্ব সনদের কপি। (৩) পিতা-মাতা ভাই-বোনের এনআইডির কপি। পিতা-মাতা মৃত হলে অনলাইন মৃত্যু সনদের কপি। (৪) বিবাহিত হলে স্বামী/ স্ত্রীর এনআইডির কপি। (৫) এসএসসি/দাখিল/সমমান অথবা অষ্টম শ্রেণি পাশের সনদের কপি (প্রযোজ্য ক্ষেত্রে)। (৬) ইউটিলিটি বিলের (বিদ্যুৎ/গ্যাস/পানি/চৌকিদারী ট্যাক্স রশিদ) ফটোকপি।
অনলাইনে আবেদন করার পর কী কী কাগজপত্র জমা দেওয়া দরকার?,new_voter_online_what_documents_to_submit,নিবন্ধনের জন্য অনলাইনে পূরণকৃত নিবন্ধন ফর্মের প্রিন্ট কপির সঙ্গে যেসব কাগজপত্র জমা দিতে হবেঃ (১) ১৭ ডিজিটের অনলাইন জন্মসনদের কপি। (২) জাতীয়তা/নাগরিকত্ব সনদের কপি। (৩) পিতা-মাতা ভাই-বোনের এনআইডির কপি। পিতা-মাতা মৃত হলে অনলাইন মৃত্যু সনদের কপি। (৪) বিবাহিত হলে স্বামী/ স্ত্রীর এনআইডির কপি। (৫) এসএসসি/দাখিল/সমমান অথবা অষ্টম শ্রেণি পাশের সনদের কপি (প্রযোজ্য ক্ষেত্রে)। (৬) ইউটিলিটি বিলের (বিদ্যুৎ/গ্যাস/পানি/চৌকিদারী ট্যাক্স রশিদ) ফটোকপি।
অনলাইনে নতুন ভোটার অ্যাপ্লিকেশন দেওয়ার পর কোন কোন নথি দরকার?,new_voter_online_what_documents_to_submit,নিবন্ধনের জন্য অনলাইনে পূরণকৃত নিবন্ধন ফর্মের প্রিন্ট কপির সঙ্গে যেসব কাগজপত্র জমা দিতে হবেঃ (১) ১৭ ডিজিটের অনলাইন জন্মসনদের কপি। (২) জাতীয়তা/নাগরিকত্ব সনদের কপি। (৩) পিতা-মাতা ভাই-বোনের এনআইডির কপি। পিতা-মাতা মৃত হলে অনলাইন মৃত্যু সনদের কপি। (৪) বিবাহিত হলে স্বামী/ স্ত্রীর এনআইডির কপি। (৫) এসএসসি/দাখিল/সমমান অথবা অষ্টম শ্রেণি পাশের সনদের কপি (প্রযোজ্য ক্ষেত্রে)। (৬) ইউটিলিটি বিলের (বিদ্যুৎ/গ্যাস/পানি/চৌকিদারী ট্যাক্স রশিদ) ফটোকপি।
অনলাইনে নতুন ভোটার নিবন্ধন সম্পন্ন করার পর কোন কোন নথিপত্র জমা দিতে হবে?,new_voter_online_what_documents_to_submit,নিবন্ধনের জন্য অনলাইনে পূরণকৃত নিবন্ধন ফর্মের প্রিন্ট কপির সঙ্গে যেসব কাগজপত্র জমা দিতে হবেঃ (১) ১৭ ডিজিটের অনলাইন জন্মসনদের কপি। (২) জাতীয়তা/নাগরিকত্ব সনদের কপি। (৩) পিতা-মাতা ভাই-বোনের এনআইডির কপি। পিতা-মাতা মৃত হলে অনলাইন মৃত্যু সনদের কপি। (৪) বিবাহিত হলে স্বামী/ স্ত্রীর এনআইডির কপি। (৫) এসএসসি/দাখিল/সমমান অথবা অষ্টম শ্রেণি পাশের সনদের কপি (প্রযোজ্য ক্ষেত্রে)। (৬) ইউটিলিটি বিলের (বিদ্যুৎ/গ্যাস/পানি/চৌকিদারী ট্যাক্স রশিদ) ফটোকপি।
অনলাইনে ফর্ম সাবমিট করার পরে সংশ্লিষ্ট কাগজপত্র কী কী?,new_voter_online_what_documents_to_submit,নিবন্ধনের জন্য অনলাইনে পূরণকৃত নিবন্ধন ফর্মের প্রিন্ট কপির সঙ্গে যেসব কাগজপত্র জমা দিতে হবেঃ (১) ১৭ ডিজিটের অনলাইন জন্মসনদের কপি। (২) জাতীয়তা/নাগরিকত্ব সনদের কপি। (৩) পিতা-মাতা ভাই-বোনের এনআইডির কপি। পিতা-মাতা মৃত হলে অনলাইন মৃত্যু সনদের কপি। (৪) বিবাহিত হলে স্বামী/ স্ত্রীর এনআইডির কপি। (৫) এসএসসি/দাখিল/সমমান অথবা অষ্টম শ্রেণি পাশের সনদের কপি (প্রযোজ্য ক্ষেত্রে)। (৬) ইউটিলিটি বিলের (বিদ্যুৎ/গ্যাস/পানি/চৌকিদারী ট্যাক্স রশিদ) ফটোকপি।
অনলাইনে ভোটার হওয়ার আবেদন পর কোন কোন নথি প্রয়োজন হবে?,new_voter_online_what_documents_to_submit,নিবন্ধনের জন্য অনলাইনে পূরণকৃত নিবন্ধন ফর্মের প্রিন্ট কপির সঙ্গে যেসব কাগজপত্র জমা দিতে হবেঃ (১) ১৭ ডিজিটের অনলাইন জন্মসনদের কপি। (২) জাতীয়তা/নাগরিকত্ব সনদের কপি। (৩) পিতা-মাতা ভাই-বোনের এনআইডির কপি। পিতা-মাতা মৃত হলে অনলাইন মৃত্যু সনদের কপি। (৪) বিবাহিত হলে স্বামী/ স্ত্রীর এনআইডির কপি। (৫) এসএসসি/দাখিল/সমমান অথবা অষ্টম শ্রেণি পাশের সনদের কপি (প্রযোজ্য ক্ষেত্রে)। (৬) ইউটিলিটি বিলের (বিদ্যুৎ/গ্যাস/পানি/চৌকিদারী ট্যাক্স রশিদ) ফটোকপি।
অনলাইনে রেজিস্ট্রেশন ফর্ম সাবমিটের পর কী ধরনের কপি দিতে হয়?,new_voter_online_what_documents_to_submit,নিবন্ধনের জন্য অনলাইনে পূরণকৃত নিবন্ধন ফর্মের প্রিন্ট কপির সঙ্গে যেসব কাগজপত্র জমা দিতে হবেঃ (১) ১৭ ডিজিটের অনলাইন জন্মসনদের কপি। (২) জাতীয়তা/নাগরিকত্ব সনদের কপি। (৩) পিতা-মাতা ভাই-বোনের এনআইডির কপি। পিতা-মাতা মৃত হলে অনলাইন মৃত্যু সনদের কপি। (৪) বিবাহিত হলে স্বামী/ স্ত্রীর এনআইডির কপি। (৫) এসএসসি/দাখিল/সমমান অথবা অষ্টম শ্রেণি পাশের সনদের কপি (প্রযোজ্য ক্ষেত্রে)। (৬) ইউটিলিটি বিলের (বিদ্যুৎ/গ্যাস/পানি/চৌকিদারী ট্যাক্স রশিদ) ফটোকপি।
এনআইডি অনলাইনে আবেদন করার পর কাগজপত্র কী কী প্রয়োজন?,new_voter_online_what_documents_to_submit,নিবন্ধনের জন্য অনলাইনে পূরণকৃত নিবন্ধন ফর্মের প্রিন্ট কপির সঙ্গে যেসব কাগজপত্র জমা দিতে হবেঃ (১) ১৭ ডিজিটের অনলাইন জন্মসনদের কপি। (২) জাতীয়তা/নাগরিকত্ব সনদের কপি। (৩) পিতা-মাতা ভাই-বোনের এনআইডির কপি। পিতা-মাতা মৃত হলে অনলাইন মৃত্যু সনদের কপি। (৪) বিবাহিত হলে স্বামী/ স্ত্রীর এনআইডির কপি। (৫) এসএসসি/দাখিল/সমমান অথবা অষ্টম শ্রেণি পাশের সনদের কপি (প্রযোজ্য ক্ষেত্রে)। (৬) ইউটিলিটি বিলের (বিদ্যুৎ/গ্যাস/পানি/চৌকিদারী ট্যাক্স রশিদ) ফটোকপি।
এনআইডির জন্য অনলাইন সাবমিশনের পর কোন কোন কাগজপত্র জমা দেব?,new_voter_online_what_documents_to_submit,নিবন্ধনের জন্য অনলাইনে পূরণকৃত নিবন্ধন ফর্মের প্রিন্ট কপির সঙ্গে যেসব কাগজপত্র জমা দিতে হবেঃ (১) ১৭ ডিজিটের অনলাইন জন্মসনদের কপি। (২) জাতীয়তা/নাগরিকত্ব সনদের কপি। (৩) পিতা-মাতা ভাই-বোনের এনআইডির কপি। পিতা-মাতা মৃত হলে অনলাইন মৃত্যু সনদের কপি। (৪) বিবাহিত হলে স্বামী/ স্ত্রীর এনআইডির কপি। (৫) এসএসসি/দাখিল/সমমান অথবা অষ্টম শ্রেণি পাশের সনদের কপি (প্রযোজ্য ক্ষেত্রে)। (৬) ইউটিলিটি বিলের (বিদ্যুৎ/গ্যাস/পানি/চৌকিদারী ট্যাক্স রশিদ) ফটোকপি।
জাতীয় পরিচয়পত্রের অনলাইন রেজিস্ট্রেশনের পর কী কী কাগজ দিতে হবে?,new_voter_online_what_documents_to_submit,নিবন্ধনের জন্য অনলাইনে পূরণকৃত নিবন্ধন ফর্মের প্রিন্ট কপির সঙ্গে যেসব কাগজপত্র জমা দিতে হবেঃ (১) ১৭ ডিজিটের অনলাইন জন্মসনদের কপি। (২) জাতীয়তা/নাগরিকত্ব সনদের কপি। (৩) পিতা-মাতা ভাই-বোনের এনআইডির কপি। পিতা-মাতা মৃত হলে অনলাইন মৃত্যু সনদের কপি। (৪) বিবাহিত হলে স্বামী/ স্ত্রীর এনআইডির কপি। (৫) এসএসসি/দাখিল/সমমান অথবা অষ্টম শ্রেণি পাশের সনদের কপি (প্রযোজ্য ক্ষেত্রে)। (৬) ইউটিলিটি বিলের (বিদ্যুৎ/গ্যাস/পানি/চৌকিদারী ট্যাক্স রশিদ) ফটোকপি।
ভোটার তালিকায় নাম তোলার অনলাইন প্রক্রিয়ার পর কী কী কাগজ লাগবে?,new_voter_online_what_documents_to_submit,নিবন্ধনের জন্য অনলাইনে পূরণকৃত নিবন্ধন ফর্মের প্রিন্ট কপির সঙ্গে যেসব কাগজপত্র জমা দিতে হবেঃ (১) ১৭ ডিজিটের অনলাইন জন্মসনদের কপি। (২) জাতীয়তা/নাগরিকত্ব সনদের কপি। (৩) পিতা-মাতা ভাই-বোনের এনআইডির কপি। পিতা-মাতা মৃত হলে অনলাইন মৃত্যু সনদের কপি। (৪) বিবাহিত হলে স্বামী/ স্ত্রীর এনআইডির কপি। (৫) এসএসসি/দাখিল/সমমান অথবা অষ্টম শ্রেণি পাশের সনদের কপি (প্রযোজ্য ক্ষেত্রে)। (৬) ইউটিলিটি বিলের (বিদ্যুৎ/গ্যাস/পানি/চৌকিদারী ট্যাক্স রশিদ) ফটোকপি।
ভোটার নিবন্ধনে কোন কোন বিষয় বাধ্যতামূলকভাবে যাচাই হয়?,new_voter_pre_condition,"ভোটার হওয়ার পূর্ব শর্তগুলো হলো ক) জন্মসূত্রে বাংলাদেশের নাগরিক হতে হবে। খ) বয়স ১৮ বছর কম বয়স্ক নহেন। গ) কোন উপযুক্ত আদালত কর্তৃক অপ্রকৃতিস্থ বলিয়া ঘোষিত নহেন। (ঘ) উক্ত ভোটার এলাকা বা ক্ষেত্রমত নির্বাচনী এলাকার অধিবাসী বা অধিবাসী বলিয়া গণ্য হন। (ঙ) বাংলাদেশ Bangladesh Collaborators (Special Tribunals) order, 1972 (P.O. No. 8 of 1972) এর অধীন কোন অপরাধে দণ্ডিত না হইয়া থাকেন এবং (চ) International Crimes (Tribunals) Act, 1973 (Act No. XIX of 1973) এর অধীন কোন অপরাধে দণ্ডিত না হইয়া থাকেন।"
ভোটার নিবন্ধনের ক্ষেত্রে নাগরিকত্বের প্রমাণ সম্পর্কিত শর্ত কী?,new_voter_pre_condition,"ভোটার হওয়ার পূর্ব শর্তগুলো হলো ক) জন্মসূত্রে বাংলাদেশের নাগরিক হতে হবে। খ) বয়স ১৮ বছর কম বয়স্ক নহেন। গ) কোন উপযুক্ত আদালত কর্তৃক অপ্রকৃতিস্থ বলিয়া ঘোষিত নহেন। (ঘ) উক্ত ভোটার এলাকা বা ক্ষেত্রমত নির্বাচনী এলাকার অধিবাসী বা অধিবাসী বলিয়া গণ্য হন। (ঙ) বাংলাদেশ Bangladesh Collaborators (Special Tribunals) order, 1972 (P.O. No. 8 of 1972) এর অধীন কোন অপরাধে দণ্ডিত না হইয়া থাকেন এবং (চ) International Crimes (Tribunals) Act, 1973 (Act No. XIX of 1973) এর অধীন কোন অপরাধে দণ্ডিত না হইয়া থাকেন।"
ভোটার হতে গেলে কী কী শর্ত পূরণ করতে হবে?,new_voter_pre_condition,"ভোটার হওয়ার পূর্ব শর্তগুলো হলো ক) জন্মসূত্রে বাংলাদেশের নাগরিক হতে হবে। খ) বয়স ১৮ বছর কম বয়স্ক নহেন। গ) কোন উপযুক্ত আদালত কর্তৃক অপ্রকৃতিস্থ বলিয়া ঘোষিত নহেন। (ঘ) উক্ত ভোটার এলাকা বা ক্ষেত্রমত নির্বাচনী এলাকার অধিবাসী বা অধিবাসী বলিয়া গণ্য হন। (ঙ) বাংলাদেশ Bangladesh Collaborators (Special Tribunals) order, 1972 (P.O. No. 8 of 1972) এর অধীন কোন অপরাধে দণ্ডিত না হইয়া থাকেন এবং (চ) International Crimes (Tribunals) Act, 1973 (Act No. XIX of 1973) এর অধীন কোন অপরাধে দণ্ডিত না হইয়া থাকেন।"
ভোটার হতে গেলে কোন ধরনের সনদ প্রয়োজন?,new_voter_pre_condition,"ভোটার হওয়ার পূর্ব শর্তগুলো হলো ক) জন্মসূত্রে বাংলাদেশের নাগরিক হতে হবে। খ) বয়স ১৮ বছর কম বয়স্ক নহেন। গ) কোন উপযুক্ত আদালত কর্তৃক অপ্রকৃতিস্থ বলিয়া ঘোষিত নহেন। (ঘ) উক্ত ভোটার এলাকা বা ক্ষেত্রমত নির্বাচনী এলাকার অধিবাসী বা অধিবাসী বলিয়া গণ্য হন। (ঙ) বাংলাদেশ Bangladesh Collaborators (Special Tribunals) order, 1972 (P.O. No. 8 of 1972) এর অধীন কোন অপরাধে দণ্ডিত না হইয়া থাকেন এবং (চ) International Crimes (Tribunals) Act, 1973 (Act No. XIX of 1973) এর অধীন কোন অপরাধে দণ্ডিত না হইয়া থাকেন।"
ভোটার হবার জন্য কী কী কাগজপত্র লাগবে?,new_voter_pre_condition,"ভোটার হওয়ার পূর্ব শর্তগুলো হলো ক) জন্মসূত্রে বাংলাদেশের নাগরিক হতে হবে। খ) বয়স ১৮ বছর কম বয়স্ক নহেন। গ) কোন উপযুক্ত আদালত কর্তৃক অপ্রকৃতিস্থ বলিয়া ঘোষিত নহেন। (ঘ) উক্ত ভোটার এলাকা বা ক্ষেত্রমত নির্বাচনী এলাকার অধিবাসী বা অধিবাসী বলিয়া গণ্য হন। (ঙ) বাংলাদেশ Bangladesh Collaborators (Special Tribunals) order, 1972 (P.O. No. 8 of 1972) এর অধীন কোন অপরাধে দণ্ডিত না হইয়া থাকেন এবং (চ) International Crimes (Tribunals) Act, 1973 (Act No. XIX of 1973) এর অধীন কোন অপরাধে দণ্ডিত না হইয়া থাকেন।"
নতুন ভোটার হিসেবে স্মার্ট কার্ড কবে পাবো জানতে কী করবো?,new_voter_smart_card_how_to_get,প্রথমে services.nidw.gov.bd/nid-pub/card-status/ এই ওয়েব পোর্টাল থেকে খোঁজ নিন আপনার স্মার্ট কার্ডটি মূদ্রিত হয়েছে কি না। কার্ডটি মুদ্রিত হয়ে থাকলে সংশ্লিষ্ট উপজেলা বা থানা নির্বাচন অফিস থেকে স্মার্ট কার্ডটি সংগ্রহ করুন।
"অ্যাডজুডিকেশন পেন্ডিং কেন হয়, সমাধানে কী করা যায়?",nid_adjudication_pending,"অনুগ্রহপূর্বক অপেক্ষা করুন। তবে দীর্ঘদিন আবেদন পেন্ডিং থাকলে আপনার অনলাইন জন্ম সনদ, এসএসসি সনদ (যদি থাকে), মাতার এনআইডি কার্ডের কপিসহ এনআইডি উইং এর কারিগরি অধিশাখায় যোগাযোগ করতে পারেন।"
অ্যাডজুডিকেশন পেন্ডিং দেখাচ্ছে; কোন দপ্তরে যোগাযোগ করব?,nid_adjudication_pending,"অনুগ্রহপূর্বক অপেক্ষা করুন। তবে দীর্ঘদিন আবেদন পেন্ডিং থাকলে আপনার অনলাইন জন্ম সনদ, এসএসসি সনদ (যদি থাকে), মাতার এনআইডি কার্ডের কপিসহ এনআইডি উইং এর কারিগরি অধিশাখায় যোগাযোগ করতে পারেন।"
অ্যাডজুডিকেশন পেন্ডিং স্ট্যাটাসে অফিসে গেলে কী নথি লাগবে?,nid_adjudication_pending,"অনুগ্রহপূর্বক অপেক্ষা করুন। তবে দীর্ঘদিন আবেদন পেন্ডিং থাকলে আপনার অনলাইন জন্ম সনদ, এসএসসি সনদ (যদি থাকে), মাতার এনআইডি কার্ডের কপিসহ এনআইডি উইং এর কারিগরি অধিশাখায় যোগাযোগ করতে পারেন।"
নতুন এনআইডি আবেদন করার পরেও Adjudication Pending কেন?,nid_adjudication_pending,"অনুগ্রহপূর্বক অপেক্ষা করুন। তবে দীর্ঘদিন আবেদন পেন্ডিং থাকলে আপনার অনলাইন জন্ম সনদ, এসএসসি সনদ (যদি থাকে), মাতার এনআইডি কার্ডের কপিসহ এনআইডি উইং এর কারিগরি অধিশাখায় যোগাযোগ করতে পারেন।"
ভোটার আবেদন অ্যাডজুডিকেশন পেন্ডিং; কার সাথে যোগাযোগ করা উচিত?,nid_adjudication_pending,"অনুগ্রহপূর্বক অপেক্ষা করুন। তবে দীর্ঘদিন আবেদন পেন্ডিং থাকলে আপনার অনলাইন জন্ম সনদ, এসএসসি সনদ (যদি থাকে), মাতার এনআইডি কার্ডের কপিসহ এনআইডি উইং এর কারিগরি অধিশাখায় যোগাযোগ করতে পারেন।"
এনআইডি ডেটা আপডেটের জন্য স্থানীয় কোন অফিসে যেতে হবে?,nid_information_misentry_correction_procedure,সংশ্লিষ্ট থানা/উপজেলা নির্বাচন অফিসে যোগাযোগ করে ডেমোগ্রাফিক তথ্য সংশোধনের স্বপক্ষে পর্যাপ্ত দলিলাদি উপস্থাপন করে আবেদন করতে হবে। এক্ষেত্রে বায়োমেট্রিক যাচাই সাপেক্ষে সংশ্লিষ্ট নির্বাচন কর্মকর্তা পরবর্তী করণীয় সম্পর্কে পরামর্শ প্রদান করবেন।
এনআইডির তথ্য ঠিক করাতে কোন নির্বাচন অফিসে যেতে হবে?,nid_information_misentry_correction_procedure,সংশ্লিষ্ট থানা/উপজেলা নির্বাচন অফিসে যোগাযোগ করে ডেমোগ্রাফিক তথ্য সংশোধনের স্বপক্ষে পর্যাপ্ত দলিলাদি উপস্থাপন করে আবেদন করতে হবে। এক্ষেত্রে বায়োমেট্রিক যাচাই সাপেক্ষে সংশ্লিষ্ট নির্বাচন কর্মকর্তা পরবর্তী করণীয় সম্পর্কে পরামর্শ প্রদান করবেন।
এনআইডির ভুল তথ্য সংশোধনে কার কাছে যোগাযোগ করব?,nid_information_misentry_correction_procedure,সংশ্লিষ্ট থানা/উপজেলা নির্বাচন অফিসে যোগাযোগ করে ডেমোগ্রাফিক তথ্য সংশোধনের স্বপক্ষে পর্যাপ্ত দলিলাদি উপস্থাপন করে আবেদন করতে হবে। এক্ষেত্রে বায়োমেট্রিক যাচাই সাপেক্ষে সংশ্লিষ্ট নির্বাচন কর্মকর্তা পরবর্তী করণীয় সম্পর্কে পরামর্শ প্রদান করবেন।
জাতীয় আইডিতে ভুল হলে সংশোধনের জন্য কার কাছে যাব?,nid_information_misentry_correction_procedure,সংশ্লিষ্ট থানা/উপজেলা নির্বাচন অফিসে যোগাযোগ করে ডেমোগ্রাফিক তথ্য সংশোধনের স্বপক্ষে পর্যাপ্ত দলিলাদি উপস্থাপন করে আবেদন করতে হবে। এক্ষেত্রে বায়োমেট্রিক যাচাই সাপেক্ষে সংশ্লিষ্ট নির্বাচন কর্মকর্তা পরবর্তী করণীয় সম্পর্কে পরামর্শ প্রদান করবেন।
NID MATCH FOUND—কীভাবে অফিসিয়ালি ঠিক করানো যায়?,nid_match_found_verification_failed_how_to_solve,এ বিষয়ে সংশ্লিষ্ট উপজেলা/থানা নির্বাচন অফিসে যোগাযোগ করুন ও প্রয়োজনীয় নির্দেশনা গ্রহণ করুন।
NID ভেরিফাইতে MATCH FOUND দেখায়; অফলাইনে কিভাবে সমাধান করবো?,nid_match_found_verification_failed_how_to_solve,এ বিষয়ে সংশ্লিষ্ট উপজেলা/থানা নির্বাচন অফিসে যোগাযোগ করুন ও প্রয়োজনীয় নির্দেশনা গ্রহণ করুন।
এনআইডি নম্বরে MATCH FOUND সমস্যা—কোন প্রক্রিয়ায় ঠিক করবো?,nid_match_found_verification_failed_how_to_solve,এ বিষয়ে সংশ্লিষ্ট উপজেলা/থানা নির্বাচন অফিসে যোগাযোগ করুন ও প্রয়োজনীয় নির্দেশনা গ্রহণ করুন।
এনআইডি যাচাই Match Found; অনলাইন যাচাই সম্ভব না—অফলাইন সমাধান কী?,nid_match_found_verification_failed_how_to_solve,এ বিষয়ে সংশ্লিষ্ট উপজেলা/থানা নির্বাচন অফিসে যোগাযোগ করুন ও প্রয়োজনীয় নির্দেশনা গ্রহণ করুন।
"এনআইডি যাচাই করতে গেলে MATCH FOUND দেখায়, ফলে ভেরিফাই হচ্ছে না—এখন কী করবো?",nid_match_found_verification_failed_how_to_solve,এ বিষয়ে সংশ্লিষ্ট উপজেলা/থানা নির্বাচন অফিসে যোগাযোগ করুন ও প্রয়োজনীয় নির্দেশনা গ্রহণ করুন।
ভোটার তথ্য যাচাই করতে গেলে Match Found—কোন সমাধান প্রযোজ্য?,nid_match_found_verification_failed_how_to_solve,এ বিষয়ে সংশ্লিষ্ট উপজেলা/থানা নির্বাচন অফিসে যোগাযোগ করুন ও প্রয়োজনীয় নির্দেশনা গ্রহণ করুন।
নতুন ভোটার হিসেবে অন্তর্ভুক্ত হতে কত বছর হতে হবে?,nid_registration_age,যাদের জন্ম তারিখ ১ জানুয়ারি ২০০৮ বা তার পূর্বে তারা এনআইডি নিবন্ধনের জন্য আবেদন করতে পারবে।
প্রথমবার ভোটার রেজিস্ট্রেশনে বয়স কত হওয়া লাগবে?,nid_registration_age,যাদের জন্ম তারিখ ১ জানুয়ারি ২০০৮ বা তার পূর্বে তারা এনআইডি নিবন্ধনের জন্য আবেদন করতে পারবে।
ভোটার আইডির জন্য কত বছর বয়স পূর্ণ হতে হবে?,nid_registration_age,যাদের জন্ম তারিখ ১ জানুয়ারি ২০০৮ বা তার পূর্বে তারা এনআইডি নিবন্ধনের জন্য আবেদন করতে পারবে।
ভোটার হওয়ার জন্য কমপক্ষে কত বয়স দরকার?,nid_registration_age,যাদের জন্ম তারিখ ১ জানুয়ারি ২০০৮ বা তার পূর্বে তারা এনআইডি নিবন্ধনের জন্য আবেদন করতে পারবে।
ভোটার হিসেবে নাম তুলতে ন্যূনতম বয়স কত ধরা হয়?,nid_registration_age,যাদের জন্ম তারিখ ১ জানুয়ারি ২০০৮ বা তার পূর্বে তারা এনআইডি নিবন্ধনের জন্য আবেদন করতে পারবে।
iPhone ব্যবহারকারীদের জন্য এনআইডি ওয়ালেট ডাউনলোডের উপায় কী?,nid_wallet_download_iphone,এ্যাপল স্টোর থেকে এনআইডি Wallet অ্যাপটি ডাউনলোড করতে পারবেন।
অ্যাপল স্টোর ছাড়া কি অন্য কোথাও থেকে আইফোনে এনআইডি ওয়ালেট পাওয়া যায়?,nid_wallet_download_iphone,এ্যাপল স্টোর থেকে এনআইডি Wallet অ্যাপটি ডাউনলোড করতে পারবেন।
আইফোনের জন্য এনআইডি ওয়ালেট অ্যাপ পাওয়া যাবে কোথায়?,nid_wallet_download_iphone,এ্যাপল স্টোর থেকে এনআইডি Wallet অ্যাপটি ডাউনলোড করতে পারবেন।
"আমার Android ফোন নাই, এনআইডি Wallet ডাউনলোড এর কাজ কিভাবে করবো?",nid_wallet_download_iphone,এ্যাপল স্টোর থেকে এনআইডি Wallet অ্যাপটি ডাউনলোড করতে পারবেন।
"আমার আইফোন আছে, এনআইডি ওয়ালেট কীভাবে নামাবো?",nid_wallet_download_iphone,এ্যাপল স্টোর থেকে এনআইডি Wallet অ্যাপটি ডাউনলোড করতে পারবেন।
iPhone দিয়ে এনআইডি ওয়ালেট নেওয়ার কোনো উপায় আছে কি?,no_android_phone,অনুগ্রহপূর্বক অন্য কোনো Android Phone ব্যবহারকারীর সাহায্য নিয়ে ফেস ভেরিফিকেশন সম্পন্ন করুন। এক্ষেত্রে এনআইডি একাউন্ট রেজিস্ট্রেশনের সময় আপনার ইউজার আইডি এবং গোপন পাসওয়ার্ড দিয়ে একাউন্টটি সুরক্ষিত করতে ভুলবেন না।
"আমার ফোন অ্যান্ড্রয়েড নয়, তাহলে এনআইডি ওয়ালেট নেওয়ার উপায় কী?",no_android_phone,অনুগ্রহপূর্বক অন্য কোনো Android Phone ব্যবহারকারীর সাহায্য নিয়ে ফেস ভেরিফিকেশন সম্পন্ন করুন। এক্ষেত্রে এনআইডি একাউন্ট রেজিস্ট্রেশনের সময় আপনার ইউজার আইডি এবং গোপন পাসওয়ার্ড দিয়ে একাউন্টটি সুরক্ষিত করতে ভুলবেন না।
"পরিবর্তন সম্পন্ন, eNID কপি পাওয়া যাচ্ছে না—কোথায় যাব এখন?",no_download_option_after_correction,অনুগ্রহপূর্বক সংশ্লিষ্ট থানা/উপজেলা নির্বাচন অফিসে যোগাযোগ করুন।
NID Wallet-এ ফেস ভেরিফিকেশন স্ক্রিন থেকে এগোয় না—কী করণীয়?,no_face_verification,অনুগ্রহপূর্বক এনআইডি wallet অ্যাপে প্রদর্শিত নির্দেশনা অনুযায়ী সঠিকভাবে আপনার চেহারা ক্যামেরার সামনে তুলে ধরুন। পর্যাপ্ত আলোর ব্যবস্থা আছে কিনা চেক করুন। এরপরেও সমাধান না হয়ে থাকলে অন্য কোনো স্মার্টফোন ব্যবহারকারীর সাহায্য নিয়ে ফেস ভেরিফিকেশন সম্পন্ন করুন।
এনআইডি Wallet এ ফেস ভেরিফিকেশন করতে পারছি না।,no_face_verification,অনুগ্রহপূর্বক এনআইডি wallet অ্যাপে প্রদর্শিত নির্দেশনা অনুযায়ী সঠিকভাবে আপনার চেহারা ক্যামেরার সামনে তুলে ধরুন। পর্যাপ্ত আলোর ব্যবস্থা আছে কিনা চেক করুন। এরপরেও সমাধান না হয়ে থাকলে অন্য কোনো স্মার্টফোন ব্যবহারকারীর সাহায্য নিয়ে ফেস ভেরিফিকেশন সম্পন্ন করুন।
এনআইডি Wallet ফেস ভেরিফিকেশনে সমস্যা বারবার—কীভাবে কাটাবো?,no_face_verification,অনুগ্রহপূর্বক এনআইডি wallet অ্যাপে প্রদর্শিত নির্দেশনা অনুযায়ী সঠিকভাবে আপনার চেহারা ক্যামেরার সামনে তুলে ধরুন। পর্যাপ্ত আলোর ব্যবস্থা আছে কিনা চেক করুন। এরপরেও সমাধান না হয়ে থাকলে অন্য কোনো স্মার্টফোন ব্যবহারকারীর সাহায্য নিয়ে ফেস ভেরিফিকেশন সম্পন্ন করুন।
"এনআইডি ওয়ালেট অ্যাপে ফেস ভেরিফিকেশন বারবার ব্যর্থ হচ্ছে, কীভাবে ঠিক করব?",no_face_verification,অনুগ্রহপূর্বক এনআইডি wallet অ্যাপে প্রদর্শিত নির্দেশনা অনুযায়ী সঠিকভাবে আপনার চেহারা ক্যামেরার সামনে তুলে ধরুন। পর্যাপ্ত আলোর ব্যবস্থা আছে কিনা চেক করুন। এরপরেও সমাধান না হয়ে থাকলে অন্য কোনো স্মার্টফোন ব্যবহারকারীর সাহায্য নিয়ে ফেস ভেরিফিকেশন সম্পন্ন করুন।
এনআইডি ওয়ালেট এ ফেস ভেরিফিকেশন করতে পারছি না।,no_face_verification,অনুগ্রহপূর্বক এনআইডি wallet অ্যাপে প্রদর্শিত নির্দেশনা অনুযায়ী সঠিকভাবে আপনার চেহারা ক্যামেরার সামনে তুলে ধরুন। পর্যাপ্ত আলোর ব্যবস্থা আছে কিনা চেক করুন। এরপরেও সমাধান না হয়ে থাকলে অন্য কোনো স্মার্টফোন ব্যবহারকারীর সাহায্য নিয়ে ফেস ভেরিফিকেশন সম্পন্ন করুন।
এনআইডি ওয়ালেট ফেস আইডি ভেরিফিকেশন হচ্ছে না—করনীয় কী?,no_face_verification,অনুগ্রহপূর্বক এনআইডি wallet অ্যাপে প্রদর্শিত নির্দেশনা অনুযায়ী সঠিকভাবে আপনার চেহারা ক্যামেরার সামনে তুলে ধরুন। পর্যাপ্ত আলোর ব্যবস্থা আছে কিনা চেক করুন। এরপরেও সমাধান না হয়ে থাকলে অন্য কোনো স্মার্টফোন ব্যবহারকারীর সাহায্য নিয়ে ফেস ভেরিফিকেশন সম্পন্ন করুন।
"এনআইডি ওয়ালেটে চেহারা যাচাইতে সমস্যা, কীভাবে এগোবো?",no_face_verification,অনুগ্রহপূর্বক এনআইডি wallet অ্যাপে প্রদর্শিত নির্দেশনা অনুযায়ী সঠিকভাবে আপনার চেহারা ক্যামেরার সামনে তুলে ধরুন। পর্যাপ্ত আলোর ব্যবস্থা আছে কিনা চেক করুন। এরপরেও সমাধান না হয়ে থাকলে অন্য কোনো স্মার্টফোন ব্যবহারকারীর সাহায্য নিয়ে ফেস ভেরিফিকেশন সম্পন্ন করুন।
এনআইডি ওয়ালেটের চেহারা যাচাই অপশন ফেইল দেখাচ্ছে—কি করা উচিত?,no_face_verification,অনুগ্রহপূর্বক এনআইডি wallet অ্যাপে প্রদর্শিত নির্দেশনা অনুযায়ী সঠিকভাবে আপনার চেহারা ক্যামেরার সামনে তুলে ধরুন। পর্যাপ্ত আলোর ব্যবস্থা আছে কিনা চেক করুন। এরপরেও সমাধান না হয়ে থাকলে অন্য কোনো স্মার্টফোন ব্যবহারকারীর সাহায্য নিয়ে ফেস ভেরিফিকেশন সম্পন্ন করুন।
এনআইডি ওয়ালেটের ফেস ভেরিফিকেশন ফিচার কাজ করছে না—কি করণীয়?,no_face_verification,অনুগ্রহপূর্বক এনআইডি wallet অ্যাপে প্রদর্শিত নির্দেশনা অনুযায়ী সঠিকভাবে আপনার চেহারা ক্যামেরার সামনে তুলে ধরুন। পর্যাপ্ত আলোর ব্যবস্থা আছে কিনা চেক করুন। এরপরেও সমাধান না হয়ে থাকলে অন্য কোনো স্মার্টফোন ব্যবহারকারীর সাহায্য নিয়ে ফেস ভেরিফিকেশন সম্পন্ন করুন।
"চেহারা শনাক্তকরণ হচ্ছে না এনআইডি ওয়ালেটে, কী করণীয়?",no_face_verification,অনুগ্রহপূর্বক এনআইডি wallet অ্যাপে প্রদর্শিত নির্দেশনা অনুযায়ী সঠিকভাবে আপনার চেহারা ক্যামেরার সামনে তুলে ধরুন। পর্যাপ্ত আলোর ব্যবস্থা আছে কিনা চেক করুন। এরপরেও সমাধান না হয়ে থাকলে অন্য কোনো স্মার্টফোন ব্যবহারকারীর সাহায্য নিয়ে ফেস ভেরিফিকেশন সম্পন্ন করুন।
"আগের আইডি কার্ডে স্বামীর নাম ছিল, তবে স্মার্ট কার্ডে কেন স্বামীর নাম নেই?",no_husband_name_in_smart_card,আন্তর্জাতিক মানদন্ড বজায় রাখার জন্য জাতীয় পরিচয়পত্রে শুধুমাত্র পিতামাতার নাম প্রদর্শিত হয়। স্বামীর নামসহ অন্যান্য তথ্যাদি এনআইডি সার্ভারে সংরক্ষিত থাকে।
"আগের কাগজের এনআইডিতে স্বামীর নাম দেখা যেত, এখন স্মার্ট কার্ডে কেন নেই?",no_husband_name_in_smart_card,আন্তর্জাতিক মানদন্ড বজায় রাখার জন্য জাতীয় পরিচয়পত্রে শুধুমাত্র পিতামাতার নাম প্রদর্শিত হয়। স্বামীর নামসহ অন্যান্য তথ্যাদি এনআইডি সার্ভারে সংরক্ষিত থাকে।
"আগের ন্যাশনাল আইডি কার্ডে হাজবেন্ড নাম ছিল, কিন্তু নতুন স্মার্ট কার্ডে কেন নেই?",no_husband_name_in_smart_card,আন্তর্জাতিক মানদন্ড বজায় রাখার জন্য জাতীয় পরিচয়পত্রে শুধুমাত্র পিতামাতার নাম প্রদর্শিত হয়। স্বামীর নামসহ অন্যান্য তথ্যাদি এনআইডি সার্ভারে সংরক্ষিত থাকে।
আমার স্মার্ট এনআইডিতে পতির নাম কেন দেখা যায় না?,no_husband_name_in_smart_card,আন্তর্জাতিক মানদন্ড বজায় রাখার জন্য জাতীয় পরিচয়পত্রে শুধুমাত্র পিতামাতার নাম প্রদর্শিত হয়। স্বামীর নামসহ অন্যান্য তথ্যাদি এনআইডি সার্ভারে সংরক্ষিত থাকে।
নতুন স্মার্ট NID কার্ডে স্বামীর নাম প্রিন্ট না হওয়ার নীতি কী?,no_husband_name_in_smart_card,আন্তর্জাতিক মানদন্ড বজায় রাখার জন্য জাতীয় পরিচয়পত্রে শুধুমাত্র পিতামাতার নাম প্রদর্শিত হয়। স্বামীর নামসহ অন্যান্য তথ্যাদি এনআইডি সার্ভারে সংরক্ষিত থাকে।
"পুরোনো কাগজের আইডিতে স্বামীর নাম ছিল, স্মার্টে নেই—নীতিটা কী?",no_husband_name_in_smart_card,আন্তর্জাতিক মানদন্ড বজায় রাখার জন্য জাতীয় পরিচয়পত্রে শুধুমাত্র পিতামাতার নাম প্রদর্শিত হয়। স্বামীর নামসহ অন্যান্য তথ্যাদি এনআইডি সার্ভারে সংরক্ষিত থাকে।
স্মার্ট NID-এ স্বামীর নাম কেন দেখা যায় না?,no_husband_name_in_smart_card,আন্তর্জাতিক মানদন্ড বজায় রাখার জন্য জাতীয় পরিচয়পত্রে শুধুমাত্র পিতামাতার নাম প্রদর্শিত হয়। স্বামীর নামসহ অন্যান্য তথ্যাদি এনআইডি সার্ভারে সংরক্ষিত থাকে।
স্মার্ট আইডি কার্ডে স্বামীর নাম সংযোজন করা যায় কি?,no_husband_name_in_smart_card,আন্তর্জাতিক মানদন্ড বজায় রাখার জন্য জাতীয় পরিচয়পত্রে শুধুমাত্র পিতামাতার নাম প্রদর্শিত হয়। স্বামীর নামসহ অন্যান্য তথ্যাদি এনআইডি সার্ভারে সংরক্ষিত থাকে।
স্মার্ট আইডির পেছনে স্বামীর নাম কেন থাকে না?,no_husband_name_in_smart_card,আন্তর্জাতিক মানদন্ড বজায় রাখার জন্য জাতীয় পরিচয়পত্রে শুধুমাত্র পিতামাতার নাম প্রদর্শিত হয়। স্বামীর নামসহ অন্যান্য তথ্যাদি এনআইডি সার্ভারে সংরক্ষিত থাকে।
স্মার্ট এনআইডি কার্ডে স্বামীর নাম কেন হারিয়ে গেল?,no_husband_name_in_smart_card,আন্তর্জাতিক মানদন্ড বজায় রাখার জন্য জাতীয় পরিচয়পত্রে শুধুমাত্র পিতামাতার নাম প্রদর্শিত হয়। স্বামীর নামসহ অন্যান্য তথ্যাদি এনআইডি সার্ভারে সংরক্ষিত থাকে।
স্মার্ট এনআইডি কার্ডে স্বামীর নাম মুদ্রণ বন্ধ কেন?,no_husband_name_in_smart_card,আন্তর্জাতিক মানদন্ড বজায় রাখার জন্য জাতীয় পরিচয়পত্রে শুধুমাত্র পিতামাতার নাম প্রদর্শিত হয়। স্বামীর নামসহ অন্যান্য তথ্যাদি এনআইডি সার্ভারে সংরক্ষিত থাকে।
"স্মার্ট কার্ডে স্বামীর নাম কোথায় থাকে, প্রিন্ট না হওয়ার কারণ কী?",no_husband_name_in_smart_card,আন্তর্জাতিক মানদন্ড বজায় রাখার জন্য জাতীয় পরিচয়পত্রে শুধুমাত্র পিতামাতার নাম প্রদর্শিত হয়। স্বামীর নামসহ অন্যান্য তথ্যাদি এনআইডি সার্ভারে সংরক্ষিত থাকে।
স্মার্ট কার্ডে স্বামীর নাম না থাকার কারণ কী?,no_husband_name_in_smart_card,আন্তর্জাতিক মানদন্ড বজায় রাখার জন্য জাতীয় পরিচয়পত্রে শুধুমাত্র পিতামাতার নাম প্রদর্শিত হয়। স্বামীর নামসহ অন্যান্য তথ্যাদি এনআইডি সার্ভারে সংরক্ষিত থাকে।
স্মার্ট কার্ডে স্বামীর নাম না লিখে দেয়ার পেছনে কারণ কী?,no_husband_name_in_smart_card,আন্তর্জাতিক মানদন্ড বজায় রাখার জন্য জাতীয় পরিচয়পত্রে শুধুমাত্র পিতামাতার নাম প্রদর্শিত হয়। স্বামীর নামসহ অন্যান্য তথ্যাদি এনআইডি সার্ভারে সংরক্ষিত থাকে।
এনআইডি পোর্টালে ভেরিফিকেশন মেসেজ না এলে কিভাবে পাবো?,no_otp_in_registration,"অনাকাঙ্খিত সমস্যার জন্য আমরা আন্তরিকভাবে দুঃখিত। ওটিপি আসতে কিছুটা সময় লাগতে পারে। অনুগ্রহপুর্বক অপেক্ষা করুন অথবা কিছুক্ষণ পর """"পুনরায় পাঠান"""" বাটনে ক্লিক করুন।"
কার্ড রেজিস্ট্রেশনের এসএমএস না পেলে কীভাবে সমাধান করব?,no_otp_in_registration,"অনাকাঙ্খিত সমস্যার জন্য আমরা আন্তরিকভাবে দুঃখিত। ওটিপি আসতে কিছুটা সময় লাগতে পারে। অনুগ্রহপুর্বক অপেক্ষা করুন অথবা কিছুক্ষণ পর """"পুনরায় পাঠান"""" বাটনে ক্লিক করুন।"
ভাড়াটিয়া হিসেবে বসবাস করলে ভোটার বানাতে কী কী কাগজ লাগবে?,no_own_house_in_voter_area,"আপনি যদি বাংলাদেশের প্রকৃত নাগরিক হন এবং আপনার যদি অনলাইন জন্ম সনদ থাকে তাহলে আপনি বর্তমান অথবা স্থায়ী যে কোন ঠিকানায় ভোটার হতে পারবেন। তবে আপনি ভাড়াটিয়া হয়ে থাকলে অতিরিক্ত হিসাবে ভাড়াটিয়া চুক্তিপত্র/ সংশ্লিষ্ট এলাকায় নাগরিকত্ব সনদ/ বাড়িওয়ালার জাতীয় পরিচয়পত্র ও বিদ্যুত বিলের কপি দাখিল করতে হবে। ভূমিহীন হয়ে থাকলে “ভূমিহীন সনদ” সংগ্রহপূর্বক সংশ্লিষ্ট এলাকায় ভোটার হওয়ার জন্য আবেদন করতে পারবেন।"""""
"আমার কার্ড এর পিছনে উপজেলা নাই, রেজিস্ট্রেশন করা যাচ্ছে না, কিভাবে কি করব?",no_upzila_in_online_registration,সংশ্লিষ্ট থানা/উপজেলা নির্বাচন অফিসে গিয়ে নির্ধারিত ফর্মে ঠিকানা সংশোধনের আবেদন করুন। আবেদন অনুমোদন হলে অনলাইনে রেজিস্ট্রেশন করতে পারবেন।
পার্মানেন্ট এড্রেস এ উপজেলা না থাকলে কি করতে হয়?,no_upzila_in_permananet_address,সংশ্লিষ্ট উপজেলা নির্বাচন অফিসে সংশোধন ফরম (ফরম-২) এর মাধ্যমে আবেদন করতে হবে।
"আমি কার্ড পাওয়ার জন্য কাকে যোগাযোগ করব, যেহেতু অন্যরা পেয়েছে?",not_getting_smart_card_though_newer_voter_getting,সংশ্লিষ্ট উপজেলা/থানা/জেলা নির্বাচন অফিসে যোগাযোগ করুন।
আমি কার্ড পাওয়ার জন্য স্থানীয় নির্বাচন অফিসে যেতে পারি কি?,not_getting_smart_card_though_newer_voter_getting,সংশ্লিষ্ট উপজেলা/থানা/জেলা নির্বাচন অফিসে যোগাযোগ করুন।
আমি কার্ডের স্ট্যাটাস জানতে চাই—কোথায় যোগাযোগ করব?,not_getting_smart_card_though_newer_voter_getting,সংশ্লিষ্ট উপজেলা/থানা/জেলা নির্বাচন অফিসে যোগাযোগ করুন।
"আমি কেন দেরিতে কার্ড পাচ্ছি, যখন অন্যরা পেয়ে গেছে—করণীয়?",not_getting_smart_card_though_newer_voter_getting,সংশ্লিষ্ট উপজেলা/থানা/জেলা নির্বাচন অফিসে যোগাযোগ করুন।
কার্ড না পাওয়া নিয়ে আনুষ্ঠানিকভাবে কোথায় অভিযোগ করা যায়?,not_getting_smart_card_though_newer_voter_getting,সংশ্লিষ্ট উপজেলা/থানা/জেলা নির্বাচন অফিসে যোগাযোগ করুন।
কার্ড না পেলে কি উপজেলা নির্বাচন অফিসে যেতে হবে?,not_getting_smart_card_though_newer_voter_getting,সংশ্লিষ্ট উপজেলা/থানা/জেলা নির্বাচন অফিসে যোগাযোগ করুন।
"কার্ড বিতরণ হয়েছে শুনেছি, কিন্তু আমারটা নেই—কি করা উচিত?",not_getting_smart_card_though_newer_voter_getting,সংশ্লিষ্ট উপজেলা/থানা/জেলা নির্বাচন অফিসে যোগাযোগ করুন।
"সবাই পেয়েছে স্মার্ট কার্ড, আমি কেন পাইনি?",not_getting_smart_card_though_newer_voter_getting,সংশ্লিষ্ট উপজেলা/থানা/জেলা নির্বাচন অফিসে যোগাযোগ করুন।
"স্মার্টকার্ডের জন্য আমি কার সাথে যোগাযোগ করব, যেহেতু পাইনি?",not_getting_smart_card_though_newer_voter_getting,সংশ্লিষ্ট উপজেলা/থানা/জেলা নির্বাচন অফিসে যোগাযোগ করুন।
দূতাবাসে দেয়া আবেদনের আপডেট এখন পাওয়া যাবে কি?,nrb_application_status,আপনার এই প্রশ্নের উত্তরটি জানতে ৯ বাটন চেপে কল সেন্টার প্রতিনিধির সঙ্গে সরাসরি কথা বলুন।
প্রবাসী এনআইডি আবেদনটির বর্তমান অগ্রগতি জানাতে পারবেন?,nrb_application_status,আপনার এই প্রশ্নের উত্তরটি জানতে ৯ বাটন চেপে কল সেন্টার প্রতিনিধির সঙ্গে সরাসরি কথা বলুন।
"বিদেশে আছি, ভোটার আইডির কার্ড কবে ডেলিভার হবে?",nrb_application_status,আপনার এই প্রশ্নের উত্তরটি জানতে ৯ বাটন চেপে কল সেন্টার প্রতিনিধির সঙ্গে সরাসরি কথা বলুন।
অনলাইন ভেরিফিকেশন ছাড়া সংশোধনের আবেদন কিভাবে গ্রহণযোগ্য করব?,old_birth_certificate,জন্ম সনদটি অনলাইন করে জমা দিতে হবে
এনআইডি ডুপ্লিকেট কার্ডের রিইস্যু কবে পাওয়া যায়?,online_application_pending,আপনার এই প্রশ্নের উত্তরটি জানতে ৯ বাটন চেপে কল সেন্টার প্রতিনিধির সঙ্গে সরাসরি কথা বলুন।
রিইস্যু আবেদন ট্র্যাকিং-এ কোনো অগ্রগতি নেই—কি করা যায়?,online_application_pending,আপনার এই প্রশ্নের উত্তরটি জানতে ৯ বাটন চেপে কল সেন্টার প্রতিনিধির সঙ্গে সরাসরি কথা বলুন।
"রিইস্যু আবেদনের অগ্রগতি নেই, এখন কী করবো?",online_application_pending,আপনার এই প্রশ্নের উত্তরটি জানতে ৯ বাটন চেপে কল সেন্টার প্রতিনিধির সঙ্গে সরাসরি কথা বলুন।
রিইস্যু কার্ডের ডেলিভারি টাইমলাইনটা কতদিনের?,online_application_pending,আপনার এই প্রশ্নের উত্তরটি জানতে ৯ বাটন চেপে কল সেন্টার প্রতিনিধির সঙ্গে সরাসরি কথা বলুন।
রিইস্যু স্ট্যাটাস অনেকদিন ‘pending’—কবে শেষ হবে?,online_application_pending,আপনার এই প্রশ্নের উত্তরটি জানতে ৯ বাটন চেপে কল সেন্টার প্রতিনিধির সঙ্গে সরাসরি কথা বলুন।
NID correction করার জন্য সরকারের কোন পোর্টালে ঢুকতে হবে?,online_card_correction,জাতীয় পরিচয়পত্র সংক্রান্ত সকল সেবার জন্য ওয়েব পোর্টালের ঠিকানা হলো services.nidw.gov.bd/
অনলাইনে NID এডিটিংয়ের জন্য অফিসিয়াল সাইট কোনটি?,online_card_correction,জাতীয় পরিচয়পত্র সংক্রান্ত সকল সেবার জন্য ওয়েব পোর্টালের ঠিকানা হলো services.nidw.gov.bd/
এনআইডি কারেকশনের জন্য ঠিক কোন ওয়েব লিংকে যেতে হবে?,online_card_correction,জাতীয় পরিচয়পত্র সংক্রান্ত সকল সেবার জন্য ওয়েব পোর্টালের ঠিকানা হলো services.nidw.gov.bd/
এনআইডি কার্ডে ভুল থাকলে কোন ওয়েব পোর্টালে আবেদন করব?,online_card_correction,জাতীয় পরিচয়পত্র সংক্রান্ত সকল সেবার জন্য ওয়েব পোর্টালের ঠিকানা হলো services.nidw.gov.bd/
এনআইডি ভুল সংশোধনের পোর্টাল লিংকটা দিতে পারবেন?,online_card_correction,জাতীয় পরিচয়পত্র সংক্রান্ত সকল সেবার জন্য ওয়েব পোর্টালের ঠিকানা হলো services.nidw.gov.bd/
কার্ড কারেকশনের ফর্ম অনলাইনে কোন লিংকে পাওয়া যাবে?,online_card_correction,জাতীয় পরিচয়পত্র সংক্রান্ত সকল সেবার জন্য ওয়েব পোর্টালের ঠিকানা হলো services.nidw.gov.bd/
কার্ডের তথ্য সংশোধন করতে অনলাইনে কোন পেজে যেতে হবে?,online_card_correction,জাতীয় পরিচয়পত্র সংক্রান্ত সকল সেবার জন্য ওয়েব পোর্টালের ঠিকানা হলো services.nidw.gov.bd/
কার্ডের ভুল তথ্য সংশোধনের আবেদন অনলাইনে করার অফিসিয়াল লিংক কোনটি?,online_card_correction,জাতীয় পরিচয়পত্র সংক্রান্ত সকল সেবার জন্য ওয়েব পোর্টালের ঠিকানা হলো services.nidw.gov.bd/
জাতীয় পরিচয়পত্র সংশোধনের অনলাইন লিংক কোথায় পাব?,online_card_correction,জাতীয় পরিচয়পত্র সংক্রান্ত সকল সেবার জন্য ওয়েব পোর্টালের ঠিকানা হলো services.nidw.gov.bd/
অনলাইনে ফর্ম জমা দিয়ে এনআইডি সংশোধন চেয়েছি; এরপর কী?,online_card_correction_application_done_now_what,৩০ কার্যদিবসের মধ্য আবেদনটি নিষ্পত্তি না হয়ে থাকলে সংশ্লিষ্ট উপজেলা/থানা নির্বাচন অফিসে যোগাযোগ করুন।
অনলাইন প্ল্যাটফর্মে নতুন ভোটার রেজিস্ট্রেশন করার গাইডলাইন কী?,online_new_voter_registration,অনলাইন পোর্টালের মাধ্যমে নতুন ভোটার নিবন্ধনের জন্য ভিজিট করুন services.nidw.gov.bd অতঃপর “আবেদন করুন” বাটনে ক্লিক করে প্রয়োজনীয় তথ্য সরবরাহ করুন।
অনলাইনে নতুন ভোটার এনরোল করতে কীভাবে এবং কোথায় যাবো?,online_new_voter_registration,অনলাইন পোর্টালের মাধ্যমে নতুন ভোটার নিবন্ধনের জন্য ভিজিট করুন services.nidw.gov.bd অতঃপর “আবেদন করুন” বাটনে ক্লিক করে প্রয়োজনীয় তথ্য সরবরাহ করুন।
অনলাইনে ভোটার হিসেবে রেজিস্ট্রেশন করতে হলে কী ধাপ অনুসরণ করতে হয়?,online_new_voter_registration,অনলাইন পোর্টালের মাধ্যমে নতুন ভোটার নিবন্ধনের জন্য ভিজিট করুন services.nidw.gov.bd অতঃপর “আবেদন করুন” বাটনে ক্লিক করে প্রয়োজনীয় তথ্য সরবরাহ করুন।
এনআইডি পোর্টালে নতুন ভোটার হতে আবেদন করার নিয়ম কী?,online_new_voter_registration,অনলাইন পোর্টালের মাধ্যমে নতুন ভোটার নিবন্ধনের জন্য ভিজিট করুন services.nidw.gov.bd অতঃপর “আবেদন করুন” বাটনে ক্লিক করে প্রয়োজনীয় তথ্য সরবরাহ করুন।
নতুন ভোটার রেজিস্ট্রেশন অনলাইনে করতে গেলে কী কী ধাপ আছে?,online_new_voter_registration,অনলাইন পোর্টালের মাধ্যমে নতুন ভোটার নিবন্ধনের জন্য ভিজিট করুন services.nidw.gov.bd অতঃপর “আবেদন করুন” বাটনে ক্লিক করে প্রয়োজনীয় তথ্য সরবরাহ করুন।
নতুন ভোটার হিসেবে আবেদন করতে হলে কোন অনলাইন ঠিকানায় যেতে হবে?,online_new_voter_registration,অনলাইন পোর্টালের মাধ্যমে নতুন ভোটার নিবন্ধনের জন্য ভিজিট করুন services.nidw.gov.bd অতঃপর “আবেদন করুন” বাটনে ক্লিক করে প্রয়োজনীয় তথ্য সরবরাহ করুন।
নতুন ভোটার হিসেবে ইন্টারনেটে আবেদন জমা দেওয়ার পদ্ধতি বলবেন?,online_new_voter_registration,অনলাইন পোর্টালের মাধ্যমে নতুন ভোটার নিবন্ধনের জন্য ভিজিট করুন services.nidw.gov.bd অতঃপর “আবেদন করুন” বাটনে ক্লিক করে প্রয়োজনীয় তথ্য সরবরাহ করুন।
নতুন ভোটার হিসেবে নিজ নাম অনলাইনে অন্তর্ভুক্ত করার পদ্ধতি কী?,online_new_voter_registration,অনলাইন পোর্টালের মাধ্যমে নতুন ভোটার নিবন্ধনের জন্য ভিজিট করুন services.nidw.gov.bd অতঃপর “আবেদন করুন” বাটনে ক্লিক করে প্রয়োজনীয় তথ্য সরবরাহ করুন।
অনলাইনে NID-এর কোনটা একদম সাপোর্ট করে না?,online_no_apply,"যেসকল আবেদন অনলাইন পোর্টালের মাধ্যমে করা যায়না তা হলো (১) ভোটার এলাকা পরিবর্তন, (২) ছবি, স্বাক্ষর ও আঙ্গুলের ছাপ পরিবর্তন সংক্রান্ত আবেদন।"
অনলাইন রেজিস্ট্রেশনের সম্পূর্ণ গাইডলাইনটা কি দিতে পারেন?,online_portal_registration,"অনলাইন পোর্টালের মাধ্যমে জাতীয় পরিচয় পত্র সংশোধন, স্থায়ী ঠিকানা পরিবর্তন, হারানো/ নষ্ট এনআইডি কার্ড পেতে ভিজিট করুন services.nidw.gov.bd/ অতঃপর """"রেজিস্টার করুন"""" বাটনে ক্লিক করে প্রয়োজনীয় তথ্য সরবরাহ করুন। নির্দেশনা মোতাবেক আপনার ফেস ভেরিফিকেশনের মাধ্যমে রেজিস্ট্রেশন কার্যক্রম সম্পন্ন করুন।"
এনআইডি অনলাইন সেবায় নিজেকে কীভাবে রেজিস্টার করব?,online_portal_registration,"অনলাইন পোর্টালের মাধ্যমে জাতীয় পরিচয় পত্র সংশোধন, স্থায়ী ঠিকানা পরিবর্তন, হারানো/ নষ্ট এনআইডি কার্ড পেতে ভিজিট করুন services.nidw.gov.bd/ অতঃপর """"রেজিস্টার করুন"""" বাটনে ক্লিক করে প্রয়োজনীয় তথ্য সরবরাহ করুন। নির্দেশনা মোতাবেক আপনার ফেস ভেরিফিকেশনের মাধ্যমে রেজিস্ট্রেশন কার্যক্রম সম্পন্ন করুন।"
এনআইডি সাইটে সাইন আপ করার প্রক্রিয়াটি কী?,online_portal_registration,"অনলাইন পোর্টালের মাধ্যমে জাতীয় পরিচয় পত্র সংশোধন, স্থায়ী ঠিকানা পরিবর্তন, হারানো/ নষ্ট এনআইডি কার্ড পেতে ভিজিট করুন services.nidw.gov.bd/ অতঃপর """"রেজিস্টার করুন"""" বাটনে ক্লিক করে প্রয়োজনীয় তথ্য সরবরাহ করুন। নির্দেশনা মোতাবেক আপনার ফেস ভেরিফিকেশনের মাধ্যমে রেজিস্ট্রেশন কার্যক্রম সম্পন্ন করুন।"
এনআইডি সেবা ওয়েবসাইটে রেজিস্ট্রেশন করার সঠিক নিয়ম কী?,online_portal_registration,"অনলাইন পোর্টালের মাধ্যমে জাতীয় পরিচয় পত্র সংশোধন, স্থায়ী ঠিকানা পরিবর্তন, হারানো/ নষ্ট এনআইডি কার্ড পেতে ভিজিট করুন services.nidw.gov.bd/ অতঃপর """"রেজিস্টার করুন"""" বাটনে ক্লিক করে প্রয়োজনীয় তথ্য সরবরাহ করুন। নির্দেশনা মোতাবেক আপনার ফেস ভেরিফিকেশনের মাধ্যমে রেজিস্ট্রেশন কার্যক্রম সম্পন্ন করুন।"
জাতীয় পরিচয় অনলাইন সাইটে কীভাবে ইউজার আইডি রেজিস্টার করব?,online_portal_registration,"অনলাইন পোর্টালের মাধ্যমে জাতীয় পরিচয় পত্র সংশোধন, স্থায়ী ঠিকানা পরিবর্তন, হারানো/ নষ্ট এনআইডি কার্ড পেতে ভিজিট করুন services.nidw.gov.bd/ অতঃপর """"রেজিস্টার করুন"""" বাটনে ক্লিক করে প্রয়োজনীয় তথ্য সরবরাহ করুন। নির্দেশনা মোতাবেক আপনার ফেস ভেরিফিকেশনের মাধ্যমে রেজিস্ট্রেশন কার্যক্রম সম্পন্ন করুন।"
এনআইডি অনলাইন পোর্টালে পুরনো রেজিস্ট্রেশন দিয়ে এখন লগইন করতে পারি তো? কিভাবে?,online_previously_registered,"services.nidw.gov.bd/ লিংকে প্রবেশ করে লগইন অপশনে আপনার পূর্বে রেজিস্ট্রিকৃত ইউজার আইডি/ এনআইডি নম্বর এবং পাসওয়ার্ড দিয়ে লগইন করতে পারবেন। যদি ইউজার আইডি ও পাসওয়ার্ড ভুলে গিয়ে থাকেন তাহলে """"পাসওয়ার্ড ভুলে গেলে"""" বাটনে ক্লিক করে প্রয়োজনীয় নির্দেশনা অনুসরন করুন।"
"এনআইডি অনলাইন সেবার পোর্টালে আগে নিবন্ধন করেছি, এখন লগইন করব কীভাবে?",online_previously_registered,"services.nidw.gov.bd/ লিংকে প্রবেশ করে লগইন অপশনে আপনার পূর্বে রেজিস্ট্রিকৃত ইউজার আইডি/ এনআইডি নম্বর এবং পাসওয়ার্ড দিয়ে লগইন করতে পারবেন। যদি ইউজার আইডি ও পাসওয়ার্ড ভুলে গিয়ে থাকেন তাহলে """"পাসওয়ার্ড ভুলে গেলে"""" বাটনে ক্লিক করে প্রয়োজনীয় নির্দেশনা অনুসরন করুন।"
পিতা-মাতার জাতীয় পরিচয়পত্র ছাড়া কি আবেদন জমা নেবে?,parent_no_card_failed_to_be_voter,পিতা মাতার অনলাইন জন্ম সনদ বা পাসপোর্ট বা কেবল পিতা মাতা মৃত হলে অনলাইন মৃত্যু সনদের কপি দাখিল করুন।
পিতা-মাতার জাতীয় পরিচয়পত্র ছাড়া ভোটার তালিকায় অন্তর্ভুক্তির নিয়ম কী?,parent_no_card_failed_to_be_voter,পিতা মাতার অনলাইন জন্ম সনদ বা পাসপোর্ট বা কেবল পিতা মাতা মৃত হলে অনলাইন মৃত্যু সনদের কপি দাখিল করুন।
পিতামাতার আইডি নাই বলে রেজিস্ট্রেশন আটকে—কী ডকুমেন্ট দিলে হবে?,parent_no_card_failed_to_be_voter,পিতা মাতার অনলাইন জন্ম সনদ বা পাসপোর্ট বা কেবল পিতা মাতা মৃত হলে অনলাইন মৃত্যু সনদের কপি দাখিল করুন।
পিতার-মাতার আইডি না থাকায় ভোটার রেজিস্ট্রেশন আটকে গেছে—কীভাবে সমাধান করব?,parent_no_card_failed_to_be_voter,পিতা মাতার অনলাইন জন্ম সনদ বা পাসপোর্ট বা কেবল পিতা মাতা মৃত হলে অনলাইন মৃত্যু সনদের কপি দাখিল করুন।
বাবার-মায়ের আইডি নেই; ভোটার নিবন্ধনের জন্য কাগজপত্র কী জমা দেব?,parent_no_card_failed_to_be_voter,পিতা মাতার অনলাইন জন্ম সনদ বা পাসপোর্ট বা কেবল পিতা মাতা মৃত হলে অনলাইন মৃত্যু সনদের কপি দাখিল করুন।
মা-বাবার এনআইডি নাই বলে ভোটার হতে পারছি না—কীভাবে সমাধান পাব?,parent_no_card_failed_to_be_voter,পিতা মাতার অনলাইন জন্ম সনদ বা পাসপোর্ট বা কেবল পিতা মাতা মৃত হলে অনলাইন মৃত্যু সনদের কপি দাখিল করুন।
মা-বাবার জাতীয় পরিচয়পত্র না থাকলে আমি কি ভোটার আইডির জন্য যোগ্য?,parent_no_card_failed_to_be_voter,পিতা মাতার অনলাইন জন্ম সনদ বা পাসপোর্ট বা কেবল পিতা মাতা মৃত হলে অনলাইন মৃত্যু সনদের কপি দাখিল করুন।
স্বামীর ভোটার আইডি নম্বর আপডেট করতে চাই।,parent_spouse_name_correct_or_add_document_new,পিতা বা মাতা বা স্বামী বা স্ত্রীর এনআইডি কার্ডের কপি দাখিলপূর্বক আবেদন করতে হবে।
ঠিকানা পরিবর্তনের আবেদন করলে কি ফি দিতে হয়?,permanent_address_change_fees,"আপনি যদি বর্তমান ঠিকানার ভোটার হয়ে থাকেন সেক্ষেত্রে স্থায়ী ঠিকানা পরিবর্তনের জন্য ১১৫ টাকা (ভ্যাটসহ) জমা দিতে হবে। কিন্তু আপনি যদি স্থায়ী ঠিকানার ভোটার হয়ে থাকেন তাহলে ভোটার স্থানান্তর ফর্ম-১৩ পূরণ পূর্বক মাইগ্রেশন আবেদন করতে হবে, সেক্ষেত্রে কোনো ফিস প্রদান করতে হয় না।"
ঠিকানা বদলের জন্য ফি কত?,permanent_address_change_fees,"আপনি যদি বর্তমান ঠিকানার ভোটার হয়ে থাকেন সেক্ষেত্রে স্থায়ী ঠিকানা পরিবর্তনের জন্য ১১৫ টাকা (ভ্যাটসহ) জমা দিতে হবে। কিন্তু আপনি যদি স্থায়ী ঠিকানার ভোটার হয়ে থাকেন তাহলে ভোটার স্থানান্তর ফর্ম-১৩ পূরণ পূর্বক মাইগ্রেশন আবেদন করতে হবে, সেক্ষেত্রে কোনো ফিস প্রদান করতে হয় না।"
স্থায়ী ঠিকানা আপডেট কবে থেকে কার্যকর হয়?,permanent_address_change_process_duration,"স্থায়ী ঠিকানা পরিবর্তনের বিষয়টি তদন্ত সাপেক্ষ বিষয় হওয়ায়, তদন্ত প্রতিবেদন প্রাপ্তি সাপেক্ষে নিষ্পত্তি করা হয়।"
স্থায়ী ঠিকানা আপডেট কবে দেখা যায় এনআইডি সিস্টেমে?,permanent_address_change_process_duration,"স্থায়ী ঠিকানা পরিবর্তনের বিষয়টি তদন্ত সাপেক্ষ বিষয় হওয়ায়, তদন্ত প্রতিবেদন প্রাপ্তি সাপেক্ষে নিষ্পত্তি করা হয়।"
স্থায়ী ঠিকানা আপডেট করতে ইসি কত সময় নেয়?,permanent_address_change_process_duration,"স্থায়ী ঠিকানা পরিবর্তনের বিষয়টি তদন্ত সাপেক্ষ বিষয় হওয়ায়, তদন্ত প্রতিবেদন প্রাপ্তি সাপেক্ষে নিষ্পত্তি করা হয়।"
স্থায়ী ঠিকানা আপডেটের প্রক্রিয়ায় কত সময় লাগে?,permanent_address_change_process_duration,"স্থায়ী ঠিকানা পরিবর্তনের বিষয়টি তদন্ত সাপেক্ষ বিষয় হওয়ায়, তদন্ত প্রতিবেদন প্রাপ্তি সাপেক্ষে নিষ্পত্তি করা হয়।"
স্থায়ী ঠিকানা পরিবর্তন কবে সিস্টেমে প্রতিফলিত হয়?,permanent_address_change_process_duration,"স্থায়ী ঠিকানা পরিবর্তনের বিষয়টি তদন্ত সাপেক্ষ বিষয় হওয়ায়, তদন্ত প্রতিবেদন প্রাপ্তি সাপেক্ষে নিষ্পত্তি করা হয়।"
স্থায়ী ঠিকানা পরিবর্তন রেকর্ডে প্রতিফলিত হতে কতদিন লাগে?,permanent_address_change_process_duration,"স্থায়ী ঠিকানা পরিবর্তনের বিষয়টি তদন্ত সাপেক্ষ বিষয় হওয়ায়, তদন্ত প্রতিবেদন প্রাপ্তি সাপেক্ষে নিষ্পত্তি করা হয়।"
স্থায়ী ঠিকানা সংশোধনের জন্য কতদিন অপেক্ষা করতে হয়?,permanent_address_change_process_duration,"স্থায়ী ঠিকানা পরিবর্তনের বিষয়টি তদন্ত সাপেক্ষ বিষয় হওয়ায়, তদন্ত প্রতিবেদন প্রাপ্তি সাপেক্ষে নিষ্পত্তি করা হয়।"
স্থায়ী ঠিকানা হালনাগাদ হয়ে সিস্টেমে দেখাতে কতদিন লাগে?,permanent_address_change_process_duration,"স্থায়ী ঠিকানা পরিবর্তনের বিষয়টি তদন্ত সাপেক্ষ বিষয় হওয়ায়, তদন্ত প্রতিবেদন প্রাপ্তি সাপেক্ষে নিষ্পত্তি করা হয়।"
স্থায়ী ঠিকানা হালনাগাদকরণ সম্পন্ন হতে কতদিন সময় লাগবে?,permanent_address_change_process_duration,"স্থায়ী ঠিকানা পরিবর্তনের বিষয়টি তদন্ত সাপেক্ষ বিষয় হওয়ায়, তদন্ত প্রতিবেদন প্রাপ্তি সাপেক্ষে নিষ্পত্তি করা হয়।"
পারমানেন্ট ঠিকানা update করতে কী কী প্রয়োজনীয় নথি আছে?,permanent_address_new,"স্থায়ী ঠিকানা পরিবর্তনের জন্য প্রয়োজনীয় দলিলাদি (১) অনলাইন জন্ম নিবন্ধন সনদ। (২) নাগরিকত্ব সনদ। (৩) স্থায়ী ঠিকানার ইউটিলিটি বিলের কপি (গ্যাস/বিদ্যুৎ/পানি)। (৪) ভূমি উন্নয়ন ট্যাক্স পরিশোধের রশিদ/ চৌকিদারী রশিদ। (৫) পিতা/মাতা/ স্বামী/স্ত্রীর এনআইডি। (৬) ফ্ল্যাট/জমির দলিলাদি।"""""
স্থায়ী ঠিকানা বদলাতে দরকারি ডকুমেন্টসের লিস্টটা কী?,permanent_address_new,"স্থায়ী ঠিকানা পরিবর্তনের জন্য প্রয়োজনীয় দলিলাদি (১) অনলাইন জন্ম নিবন্ধন সনদ। (২) নাগরিকত্ব সনদ। (৩) স্থায়ী ঠিকানার ইউটিলিটি বিলের কপি (গ্যাস/বিদ্যুৎ/পানি)। (৪) ভূমি উন্নয়ন ট্যাক্স পরিশোধের রশিদ/ চৌকিদারী রশিদ। (৫) পিতা/মাতা/ স্বামী/স্ত্রীর এনআইডি। (৬) ফ্ল্যাট/জমির দলিলাদি।"""""
স্থায়ী ঠিকানা সংশোধনের ই-প্রসেস আছে কি?,permanent_address_update_procedure,"আপনি যদি বর্তমান ঠিকানায় ভোটার হয়ে থাকেন, তাহলে স্থায়ী ঠিকানা সংশোধনের আবেদন অনলাইনে করা যাবে।"
বর্তমান ঠিকানা সংশোধন কি ঘরে বসে অনলাইনে করা সম্ভব?,persent_address_correction_procedure,"আপনি যদি স্থায়ী ঠিকানায় ভোটার হয়ে থাকেন, তাহলে বর্তমান ঠিকানা সংশোধন আবেদন অনলাইনে করা যাবে।"
বর্তমান ঠিকানা হালনাগাদ করতে অনলাইন ব্যবহার করা যাবে কি?,persent_address_correction_procedure,"আপনি যদি স্থায়ী ঠিকানায় ভোটার হয়ে থাকেন, তাহলে বর্তমান ঠিকানা সংশোধন আবেদন অনলাইনে করা যাবে।"
কার্ডের ছবির ত্রুটি সংশোধনের পদ্ধতি কী?,photo_correction,এক্ষেত্রে সংশ্লিষ্ট উপজেলা/থানা নির্বাচন অফিসে স্বশরীরে উপস্থিত হয়ে আবেদন করতে হবে।
"আমার এনআইডি কার্ড কেন আসছে না, কোথায় খোঁজ নেবো?",photo_done_years_ago_but_no_card,প্রাপ্তি রশিদসহ সংশিষ্ট উপজেলা/থানা নির্বাচন অফিসে যোগাযোগ করুন।
"আমার জাতীয় পরিচয়পত্রের কার্ডের কোনো খবর নেই, কাকে ধরতে হবে?",photo_done_years_ago_but_no_card,প্রাপ্তি রশিদসহ সংশিষ্ট উপজেলা/থানা নির্বাচন অফিসে যোগাযোগ করুন।
"এনআইডি নম্বরের জন্য কাকে যোগাযোগ করবো, এসএমএস পাইনি?",photo_done_years_ago_but_no_card,প্রাপ্তি রশিদসহ সংশিষ্ট উপজেলা/থানা নির্বাচন অফিসে যোগাযোগ করুন।
"এনরোলমেন্ট করেছি অনেক আগে, এখনও কার্ড পাই না, পরবর্তী পদক্ষেপ কী?",photo_done_years_ago_but_no_card,প্রাপ্তি রশিদসহ সংশিষ্ট উপজেলা/থানা নির্বাচন অফিসে যোগাযোগ করুন।
কার্ড না পেলে কি থানার নির্বাচন অফিসে যেতে হবে?,photo_done_years_ago_but_no_card,প্রাপ্তি রশিদসহ সংশিষ্ট উপজেলা/থানা নির্বাচন অফিসে যোগাযোগ করুন।
"ছবি দিয়েছি, বার্তা আসেনি—এখন কী করণীয় হতে পারে?",photo_done_years_ago_but_no_card,প্রাপ্তি রশিদসহ সংশিষ্ট উপজেলা/থানা নির্বাচন অফিসে যোগাযোগ করুন।
"ছবি পরিবর্তনের আবেদনকেন্দ্রে জমা, তারপরও কোনো আপডেট নেই—কার কাছে যাব?",photo_signature_change_application_not_approved,সংশ্লিষ্ট জেলা নির্বাচন অফিসে যোগাযোগ করুন
এসএমএস পেয়েছি; অনিবার্য কারণে আজ নয়—পরে গেলে হবে কি?,photo_sms_but_not_in_upzila_other_when,দুঃখিত অন্য কোথাও থেকে ছবি তোলা আপাতত সম্ভব নয়। আপনাকে সংশ্লিষ্ট উপজেলা/ থানা নির্বাচন অফিসে যোগাযোগ করে পরবর্তীতে আপনার সুবিধামত সময়ে বায়োমেট্রিক প্রদানের জন্য যেতে হবে।
ছবি তোলার পর কার্ড নম্বর পাই নাই; কীভাবে সমাধান হবে?,picture_done_but_lost_or_no_sms_slip,অনুগ্রহ পূর্বক আপনার ভোটার এলাকার সংশ্লিষ্ট জেলা/ উপজেলা/থানা নির্বাচন অফিসে যোগাযোগ করুন।
ছবি তোলার পর কোনো বার্তা নেই; এনআইডি পেতে কোথায় যাবো?,picture_done_but_lost_or_no_sms_slip,অনুগ্রহ পূর্বক আপনার ভোটার এলাকার সংশ্লিষ্ট জেলা/ উপজেলা/থানা নির্বাচন অফিসে যোগাযোগ করুন।
স্লিপ না থাকলে এনআইডি অ্যাক্সেসের উপায় কী?,picture_done_but_lost_or_no_sms_slip,অনুগ্রহ পূর্বক আপনার ভোটার এলাকার সংশ্লিষ্ট জেলা/ উপজেলা/থানা নির্বাচন অফিসে যোগাযোগ করুন।
বর্তমান ঠিকানা আপডেটের জন্য কতদিন ধরে অপেক্ষা করতে হবে?,present_address_change_process_duration,বর্তমান ঠিকানা পরিবর্তন সংক্রান্ত আবেদন সাধারণত ত্রিশ কার্যদিবসের মধ্যে নিষ্পন্ন করা হয়ে থাকে।
NID কার্ডে বর্তমান ঠিকানা বদলাতে কোন কোন কাগজ নিতে হবে?,present_and_permanent_address_generic_new,বর্তমান ঠিকানা সংশোধনের জন্য (১) নাগরিকত্ব সনদ (২) ইউটিলিটি বিলের কপি (গ্যাস/বিদ্যুৎ/পানি) (৩) ভূমি উন্নয়ন ট্যাক্স পরিশোধের রশিদ/ চৌকিদারী রশিদ দিতে হবে।
এনআইডি কার্ডে বর্তমান ঠিকানা বদলের জন্য কী কী ডকুমেন্ট লাগে?,present_and_permanent_address_generic_new,বর্তমান ঠিকানা সংশোধনের জন্য (১) নাগরিকত্ব সনদ (২) ইউটিলিটি বিলের কপি (গ্যাস/বিদ্যুৎ/পানি) (৩) ভূমি উন্নয়ন ট্যাক্স পরিশোধের রশিদ/ চৌকিদারী রশিদ দিতে হবে।
এনআইডিতে বাসস্থান ঠিকানা পরিবর্তনের জন্য কোন কোন কপি সাবমিট করতে হয়?,present_and_permanent_address_generic_new,বর্তমান ঠিকানা সংশোধনের জন্য (১) নাগরিকত্ব সনদ (২) ইউটিলিটি বিলের কপি (গ্যাস/বিদ্যুৎ/পানি) (৩) ভূমি উন্নয়ন ট্যাক্স পরিশোধের রশিদ/ চৌকিদারী রশিদ দিতে হবে।
কারেকশন করার পর ডাউনলোডে চেঞ্জ না আসলে কী করবেন?,previous_information_in_downloaded_card_after_correction,সংশ্লিষ্ট থানা/উপজেলা নির্বাচন অফিসে যোগাযোগ করে আপনার অনুমোদিত সংশোধনের বিষয়ে জেনে নিন। এরপরও যদি সংশোধিত তথ্য ডাউনলোকৃত কার্ডে না আসে তাহলে থানা/উপজেলা নির্বাচন অফিস থেকে কার্ডটি মুদ্রণ করে নিতে পারেন।
প্রাপ্তি রসিদ ছাড়া কার্ড নিতে কি কোনো বিকল্প কাগজ চলবে?,receipt_lost_how_to_get_new_card,সংশ্লিষ্ট উপজেলা/থানা নির্বাচন অফিসে গিয়ে এনআইডি নম্বর সংগ্রহ করে অনলাইনে রি-ইস্যু আবেদন করতে হবে।
প্রাপ্তি রসিদ ছাড়া কার্ড সংগ্রহ করতে পারবো কি?,receipt_lost_how_to_get_new_card,সংশ্লিষ্ট উপজেলা/থানা নির্বাচন অফিসে গিয়ে এনআইডি নম্বর সংগ্রহ করে অনলাইনে রি-ইস্যু আবেদন করতে হবে।
"প্রাপ্তি স্লিপ নেই, কার্ড নিতে কী করতে হয়?",receipt_lost_how_to_get_new_card,সংশ্লিষ্ট উপজেলা/থানা নির্বাচন অফিসে গিয়ে এনআইডি নম্বর সংগ্রহ করে অনলাইনে রি-ইস্যু আবেদন করতে হবে।
"প্রাপ্তিপত্র নেই, জাতীয় পরিচয়পত্র সংগ্রহের প্রক্রিয়া কী?",receipt_lost_how_to_get_new_card,সংশ্লিষ্ট উপজেলা/থানা নির্বাচন অফিসে গিয়ে এনআইডি নম্বর সংগ্রহ করে অনলাইনে রি-ইস্যু আবেদন করতে হবে।
রিসিট ছাড়া এনআইডি পাওয়া যাবে কিনা বলবেন?,receipt_lost_how_to_get_new_card,সংশ্লিষ্ট উপজেলা/থানা নির্বাচন অফিসে গিয়ে এনআইডি নম্বর সংগ্রহ করে অনলাইনে রি-ইস্যু আবেদন করতে হবে।
জরুরি NID রি-ইস্যুর বিলম্বের কারণ জানতে চাই—কোথায় যোগাযোগ?,reissue_apply_why_pending_and_urgent_reissue_seven_days_over,"আন্তরিকভাবে দুঃখিত, আপনি সংশ্লিষ্ট উপজেলা/থানা নির্বাচন অফিসে যোগাযোগ করুন।"
"জরুরি পুনঃইস্যুর পর এক সপ্তাহ কেটে গেছে, কোনো এসএমএসও আসেনি—কী করব?",reissue_apply_why_pending_and_urgent_reissue_seven_days_over,"আন্তরিকভাবে দুঃখিত, আপনি সংশ্লিষ্ট উপজেলা/থানা নির্বাচন অফিসে যোগাযোগ করুন।"
"জরুরি রি-ইস্যুতে এক সপ্তাহের বেশি হয়ে গেল, কার্ডের কোন খবর নেই কেন?",reissue_apply_why_pending_and_urgent_reissue_seven_days_over,"আন্তরিকভাবে দুঃখিত, আপনি সংশ্লিষ্ট উপজেলা/থানা নির্বাচন অফিসে যোগাযোগ করুন।"
"রি-ইস্যু আবেদন করতে গিয়ে এতদিন পেরিয়ে গেছে, কেন এখনো রি-ইস্যু হয়নি?",reissue_apply_why_pending_and_urgent_reissue_seven_days_over,"আন্তরিকভাবে দুঃখিত, আপনি সংশ্লিষ্ট উপজেলা/থানা নির্বাচন অফিসে যোগাযোগ করুন।"
"রি-ইস্যু আবেদনের স্ট্যাটাস বারবার Pending দেখাচ্ছে, সমস্যা কোথায়?",reissue_apply_why_pending_and_urgent_reissue_seven_days_over,"আন্তরিকভাবে দুঃখিত, আপনি সংশ্লিষ্ট উপজেলা/থানা নির্বাচন অফিসে যোগাযোগ করুন।"
রি-ইস্যু করলে সাধারণত কতদিনে কার্ড হাতে পাওয়া যায়?,reissue_apply_why_pending_and_urgent_reissue_seven_days_over,"আন্তরিকভাবে দুঃখিত, আপনি সংশ্লিষ্ট উপজেলা/থানা নির্বাচন অফিসে যোগাযোগ করুন।"
রি-ইস্যু কার্ড সংগ্রহের এসএমএস না পেলে কী করা উচিত?,reissue_apply_why_pending_and_urgent_reissue_seven_days_over,"আন্তরিকভাবে দুঃখিত, আপনি সংশ্লিষ্ট উপজেলা/থানা নির্বাচন অফিসে যোগাযোগ করুন।"
রি-ইস্যুর কার্ডের কোনো আপডেট নেই—কার কাছে জানব?,reissue_apply_why_pending_and_urgent_reissue_seven_days_over,"আন্তরিকভাবে দুঃখিত, আপনি সংশ্লিষ্ট উপজেলা/থানা নির্বাচন অফিসে যোগাযোগ করুন।"
এনআইডি ডুপ্লিকেট কার্ডের জন্য কী কী কাগজ দরকার?,reissue_supporting_document,শুধুমাত্র নির্ধারিত ফি জমা দিয়ে অনলাইনে রি-ইস্যু’র আবেদন করতে হবে।
ভোটার আইডি রিপ্লেসমেন্টের ডকুমেন্ট রিকোয়ারমেন্ট কী?,reissue_supporting_document,শুধুমাত্র নির্ধারিত ফি জমা দিয়ে অনলাইনে রি-ইস্যু’র আবেদন করতে হবে।
আমি আবার শুনতে চাই,repeat_again,জি ধন্যবাদ। আমি উত্তরটি আবার বলছি।
একটু আবার বলবেন?,repeat_again,জি ধন্যবাদ। আমি উত্তরটি আবার বলছি।
একটু আস্তে করে পুনরায় বলবেন?,repeat_again,জি ধন্যবাদ। আমি উত্তরটি আবার বলছি।
আপনার কথার তাৎপর্যটা কী?,request_for_clear_pronunciation,"আমি আন্তরিকভাবে দুঃখিত, আপনার প্রশ্নটি স্পষ্ট নয়। অনুগ্রহ করে সঠিকভাবে পুনরায় প্রশ্নটি করুন।"
আপনার কথার মাধ্যমে কী বোঝানো হয়েছে?,request_for_clear_pronunciation,"আমি আন্তরিকভাবে দুঃখিত, আপনার প্রশ্নটি স্পষ্ট নয়। অনুগ্রহ করে সঠিকভাবে পুনরায় প্রশ্নটি করুন।"
আমি কনফিউজড—কী করবো?,request_for_clear_pronunciation,"আমি আন্তরিকভাবে দুঃখিত, আপনার প্রশ্নটি স্পষ্ট নয়। অনুগ্রহ করে সঠিকভাবে পুনরায় প্রশ্নটি করুন।"
আমি কি প্রশ্ন করেছিলাম ভুলে গেছি,request_for_clear_pronunciation,"আমি আন্তরিকভাবে দুঃখিত, আপনার প্রশ্নটি স্পষ্ট নয়। অনুগ্রহ করে সঠিকভাবে পুনরায় প্রশ্নটি করুন।"
আমি বুঝতে পারছি না—এখন কী করবো?,request_for_clear_pronunciation,"আমি আন্তরিকভাবে দুঃখিত, আপনার প্রশ্নটি স্পষ্ট নয়। অনুগ্রহ করে সঠিকভাবে পুনরায় প্রশ্নটি করুন।"
আসল কথা কী?,request_for_clear_pronunciation,"আমি আন্তরিকভাবে দুঃখিত, আপনার প্রশ্নটি স্পষ্ট নয়। অনুগ্রহ করে সঠিকভাবে পুনরায় প্রশ্নটি করুন।"
আসলে আপনি কী বলতে চেয়েছেন—একটু বলবেন?,request_for_clear_pronunciation,"আমি আন্তরিকভাবে দুঃখিত, আপনার প্রশ্নটি স্পষ্ট নয়। অনুগ্রহ করে সঠিকভাবে পুনরায় প্রশ্নটি করুন।"
তবে কি এখানেই শেষ টানবো?,request_for_clear_pronunciation,"আমি আন্তরিকভাবে দুঃখিত, আপনার প্রশ্নটি স্পষ্ট নয়। অনুগ্রহ করে সঠিকভাবে পুনরায় প্রশ্নটি করুন।"
তাহলে কি ধরে নেবো সব ঠিক আছে?,request_for_clear_pronunciation,"আমি আন্তরিকভাবে দুঃখিত, আপনার প্রশ্নটি স্পষ্ট নয়। অনুগ্রহ করে সঠিকভাবে পুনরায় প্রশ্নটি করুন।"
"সরাসরি বলুন, কী করা দরকার?",request_for_clear_pronunciation,"আমি আন্তরিকভাবে দুঃখিত, আপনার প্রশ্নটি স্পষ্ট নয়। অনুগ্রহ করে সঠিকভাবে পুনরায় প্রশ্নটি করুন।"
"অনেক উপকার হলো, বিদায়।",request_for_feedback_or_suggestions,"আমাদের সেবা সহজীকরণে আপনার মূল্যবান মতামত বা পরামর্শ জানালে কৃতজ্ঞ হবো। আপনি সেবা পেয়ে সন্তুষ্ট হলে, ১ চাপুন। আংশিক সন্তুষ্ট হলে, ২ চাপুন এবং অসন্তুষ্ট হলে, ৩ চাপুন।"
"আপনার সময়ের জন্য কৃতজ্ঞ, বিদায়।",request_for_feedback_or_suggestions,"আমাদের সেবা সহজীকরণে আপনার মূল্যবান মতামত বা পরামর্শ জানালে কৃতজ্ঞ হবো। আপনি সেবা পেয়ে সন্তুষ্ট হলে, ১ চাপুন। আংশিক সন্তুষ্ট হলে, ২ চাপুন এবং অসন্তুষ্ট হলে, ৩ চাপুন।"
"আর কোনো জিজ্ঞাসা করব না, ধন্যবাদ।",request_for_feedback_or_suggestions,"আমাদের সেবা সহজীকরণে আপনার মূল্যবান মতামত বা পরামর্শ জানালে কৃতজ্ঞ হবো। আপনি সেবা পেয়ে সন্তুষ্ট হলে, ১ চাপুন। আংশিক সন্তুষ্ট হলে, ২ চাপুন এবং অসন্তুষ্ট হলে, ৩ চাপুন।"
"আর প্রশ্ন নেই, ধন্যবাদ।",request_for_feedback_or_suggestions,"আমাদের সেবা সহজীকরণে আপনার মূল্যবান মতামত বা পরামর্শ জানালে কৃতজ্ঞ হবো। আপনি সেবা পেয়ে সন্তুষ্ট হলে, ১ চাপুন। আংশিক সন্তুষ্ট হলে, ২ চাপুন এবং অসন্তুষ্ট হলে, ৩ চাপুন।"
এখন আর কিছু দরকার নেই,request_for_feedback_or_suggestions,"আমাদের সেবা সহজীকরণে আপনার মূল্যবান মতামত বা পরামর্শ জানালে কৃতজ্ঞ হবো। আপনি সেবা পেয়ে সন্তুষ্ট হলে, ১ চাপুন। আংশিক সন্তুষ্ট হলে, ২ চাপুন এবং অসন্তুষ্ট হলে, ৩ চাপুন।"
"এখন থামি, ধন্যবাদ।",request_for_feedback_or_suggestions,"আমাদের সেবা সহজীকরণে আপনার মূল্যবান মতামত বা পরামর্শ জানালে কৃতজ্ঞ হবো। আপনি সেবা পেয়ে সন্তুষ্ট হলে, ১ চাপুন। আংশিক সন্তুষ্ট হলে, ২ চাপুন এবং অসন্তুষ্ট হলে, ৩ চাপুন।"
"ঠিক আছে, আমি চললাম।",request_for_feedback_or_suggestions,"আমাদের সেবা সহজীকরণে আপনার মূল্যবান মতামত বা পরামর্শ জানালে কৃতজ্ঞ হবো। আপনি সেবা পেয়ে সন্তুষ্ট হলে, ১ চাপুন। আংশিক সন্তুষ্ট হলে, ২ চাপুন এবং অসন্তুষ্ট হলে, ৩ চাপুন।"
"ঠিক আছে, আলোচনার এখানেই ইতি।",request_for_feedback_or_suggestions,"আমাদের সেবা সহজীকরণে আপনার মূল্যবান মতামত বা পরামর্শ জানালে কৃতজ্ঞ হবো। আপনি সেবা পেয়ে সন্তুষ্ট হলে, ১ চাপুন। আংশিক সন্তুষ্ট হলে, ২ চাপুন এবং অসন্তুষ্ট হলে, ৩ চাপুন।"
"ধন্যবাদ, এবার যাই।",request_for_feedback_or_suggestions,"আমাদের সেবা সহজীকরণে আপনার মূল্যবান মতামত বা পরামর্শ জানালে কৃতজ্ঞ হবো। আপনি সেবা পেয়ে সন্তুষ্ট হলে, ১ চাপুন। আংশিক সন্তুষ্ট হলে, ২ চাপুন এবং অসন্তুষ্ট হলে, ৩ চাপুন।"
"সব ঠিক আছে, ধন্যবাদ।",request_for_feedback_or_suggestions,"আমাদের সেবা সহজীকরণে আপনার মূল্যবান মতামত বা পরামর্শ জানালে কৃতজ্ঞ হবো। আপনি সেবা পেয়ে সন্তুষ্ট হলে, ১ চাপুন। আংশিক সন্তুষ্ট হলে, ২ চাপুন এবং অসন্তুষ্ট হলে, ৩ চাপুন।"
"সব পরিষ্কার, বিদায় নিচ্ছি।",request_for_feedback_or_suggestions,"আমাদের সেবা সহজীকরণে আপনার মূল্যবান মতামত বা পরামর্শ জানালে কৃতজ্ঞ হবো। আপনি সেবা পেয়ে সন্তুষ্ট হলে, ১ চাপুন। আংশিক সন্তুষ্ট হলে, ২ চাপুন এবং অসন্তুষ্ট হলে, ৩ চাপুন।"
আপনার সেবা সম্পর্কে বলুন।,service_provided,"আমি জাতীয় পরিচয়পত্র সংশোধন, তথ্য পরিবর্তন, হারানো আইডি কার্ড পুনঃপ্রাপ্তি, তথ্য আপডেটসহ বিভিন্ন এনআইডি কার্ড এবং নির্বাচন কমিশন সম্পর্কিত প্রশ্নের উত্তর ও প্রয়োজনীয় তথ্য সরবরাহ করি,আপনার নির্দিষ্ট প্রশ্ন জিজ্ঞাসা করুন।"
এই সেবার মাধ্যমে এনআইডি স্ট্যাটাস যাচাই করা সম্ভব?,service_provided,"আমি জাতীয় পরিচয়পত্র সংশোধন, তথ্য পরিবর্তন, হারানো আইডি কার্ড পুনঃপ্রাপ্তি, তথ্য আপডেটসহ বিভিন্ন এনআইডি কার্ড এবং নির্বাচন কমিশন সম্পর্কিত প্রশ্নের উত্তর ও প্রয়োজনীয় তথ্য সরবরাহ করি,আপনার নির্দিষ্ট প্রশ্ন জিজ্ঞাসা করুন।"
এখানে ভোটার আইডি সম্পর্কিত কোন ধরনের প্রশ্নের উত্তর পাওয়া যাবে?,service_provided,"আমি জাতীয় পরিচয়পত্র সংশোধন, তথ্য পরিবর্তন, হারানো আইডি কার্ড পুনঃপ্রাপ্তি, তথ্য আপডেটসহ বিভিন্ন এনআইডি কার্ড এবং নির্বাচন কমিশন সম্পর্কিত প্রশ্নের উত্তর ও প্রয়োজনীয় তথ্য সরবরাহ করি,আপনার নির্দিষ্ট প্রশ্ন জিজ্ঞাসা করুন।"
নির্বাচন কমিশন সম্পর্কিত কোন ধরনের প্রশ্ন এখানে করা যেতে পারে?,service_provided,"আমি জাতীয় পরিচয়পত্র সংশোধন, তথ্য পরিবর্তন, হারানো আইডি কার্ড পুনঃপ্রাপ্তি, তথ্য আপডেটসহ বিভিন্ন এনআইডি কার্ড এবং নির্বাচন কমিশন সম্পর্কিত প্রশ্নের উত্তর ও প্রয়োজনীয় তথ্য সরবরাহ করি,আপনার নির্দিষ্ট প্রশ্ন জিজ্ঞাসা করুন।"
ভোটার আইডি পুনঃপ্রাপ্তির তথ্য কি এই প্ল্যাটফর্মে আছে?,service_provided,"আমি জাতীয় পরিচয়পত্র সংশোধন, তথ্য পরিবর্তন, হারানো আইডি কার্ড পুনঃপ্রাপ্তি, তথ্য আপডেটসহ বিভিন্ন এনআইডি কার্ড এবং নির্বাচন কমিশন সম্পর্কিত প্রশ্নের উত্তর ও প্রয়োজনীয় তথ্য সরবরাহ করি,আপনার নির্দিষ্ট প্রশ্ন জিজ্ঞাসা করুন।"
এনআইডি কার্ডে নতুন সই বসানোর নিয়ম কী?,signature_correction,নতুন স্বাক্ষরের স্বপক্ষে  যৌক্তিক দলিলাদিসহ সংশ্লিষ্ট উপজেলা/থানা নির্বাচন অফিসে স্বশরীরে উপস্থিত হয়ে আবেদন করতে হবে।
স্মার্ট আইডি ইস্যুর জন্য কি ফি প্রযোজ্য?,smart_card_collection_fees,"না, স্মার্ট কার্ড উত্তোলনের জন্য কোন ফি জমা দিতে হয় না। তবে পূর্বের পেপার লেমিনেটেড এনআইডি কার্ড অথবা ভোটার নিবন্ধন স্লিপ নিয়ে সংশ্লিষ্ট উপজেলা/থানা অফিসে যোগাযোগ করতে হবে।"
স্মার্ট আইডি পেতে কি কোনো কস্ট আছে?,smart_card_collection_fees,"না, স্মার্ট কার্ড উত্তোলনের জন্য কোন ফি জমা দিতে হয় না। তবে পূর্বের পেপার লেমিনেটেড এনআইডি কার্ড অথবা ভোটার নিবন্ধন স্লিপ নিয়ে সংশ্লিষ্ট উপজেলা/থানা অফিসে যোগাযোগ করতে হবে।"
স্মার্ট আইডি সংগ্রহ করতে কি কোনো শুল্ক আছে?,smart_card_collection_fees,"না, স্মার্ট কার্ড উত্তোলনের জন্য কোন ফি জমা দিতে হয় না। তবে পূর্বের পেপার লেমিনেটেড এনআইডি কার্ড অথবা ভোটার নিবন্ধন স্লিপ নিয়ে সংশ্লিষ্ট উপজেলা/থানা অফিসে যোগাযোগ করতে হবে।"
স্মার্ট এনআইডি তুলতে টাকা লাগে নাকি?,smart_card_collection_fees,"না, স্মার্ট কার্ড উত্তোলনের জন্য কোন ফি জমা দিতে হয় না। তবে পূর্বের পেপার লেমিনেটেড এনআইডি কার্ড অথবা ভোটার নিবন্ধন স্লিপ নিয়ে সংশ্লিষ্ট উপজেলা/থানা অফিসে যোগাযোগ করতে হবে।"
স্মার্ট কার্ড কি বিনামূল্যে পাওয়া যায়?,smart_card_collection_fees,"না, স্মার্ট কার্ড উত্তোলনের জন্য কোন ফি জমা দিতে হয় না। তবে পূর্বের পেপার লেমিনেটেড এনআইডি কার্ড অথবা ভোটার নিবন্ধন স্লিপ নিয়ে সংশ্লিষ্ট উপজেলা/থানা অফিসে যোগাযোগ করতে হবে।"
স্মার্ট কার্ড গ্রহণে কি টাকা খরচ হবে?,smart_card_collection_fees,"না, স্মার্ট কার্ড উত্তোলনের জন্য কোন ফি জমা দিতে হয় না। তবে পূর্বের পেপার লেমিনেটেড এনআইডি কার্ড অথবা ভোটার নিবন্ধন স্লিপ নিয়ে সংশ্লিষ্ট উপজেলা/থানা অফিসে যোগাযোগ করতে হবে।"
স্মার্ট কার্ড নিতে কি কোনও চার্জ প্রযোজ্য?,smart_card_collection_fees,"না, স্মার্ট কার্ড উত্তোলনের জন্য কোন ফি জমা দিতে হয় না। তবে পূর্বের পেপার লেমিনেটেড এনআইডি কার্ড অথবা ভোটার নিবন্ধন স্লিপ নিয়ে সংশ্লিষ্ট উপজেলা/থানা অফিসে যোগাযোগ করতে হবে।"
স্মার্ট কার্ড নিতে কি কোনো টাকা দিতে হবে?,smart_card_collection_fees,"না, স্মার্ট কার্ড উত্তোলনের জন্য কোন ফি জমা দিতে হয় না। তবে পূর্বের পেপার লেমিনেটেড এনআইডি কার্ড অথবা ভোটার নিবন্ধন স্লিপ নিয়ে সংশ্লিষ্ট উপজেলা/থানা অফিসে যোগাযোগ করতে হবে।"
স্মার্ট কার্ড নেওয়ার কি কোনো ফি দিতে হবে?,smart_card_collection_fees,"না, স্মার্ট কার্ড উত্তোলনের জন্য কোন ফি জমা দিতে হয় না। তবে পূর্বের পেপার লেমিনেটেড এনআইডি কার্ড অথবা ভোটার নিবন্ধন স্লিপ নিয়ে সংশ্লিষ্ট উপজেলা/থানা অফিসে যোগাযোগ করতে হবে।"
স্মার্ট কার্ড নেওয়ার জন্য কি পেমেন্ট করতে হবে?,smart_card_collection_fees,"না, স্মার্ট কার্ড উত্তোলনের জন্য কোন ফি জমা দিতে হয় না। তবে পূর্বের পেপার লেমিনেটেড এনআইডি কার্ড অথবা ভোটার নিবন্ধন স্লিপ নিয়ে সংশ্লিষ্ট উপজেলা/থানা অফিসে যোগাযোগ করতে হবে।"
স্মার্ট কার্ড নেওয়ার জন্য টাকা দিতে হয় কি?,smart_card_collection_fees,"না, স্মার্ট কার্ড উত্তোলনের জন্য কোন ফি জমা দিতে হয় না। তবে পূর্বের পেপার লেমিনেটেড এনআইডি কার্ড অথবা ভোটার নিবন্ধন স্লিপ নিয়ে সংশ্লিষ্ট উপজেলা/থানা অফিসে যোগাযোগ করতে হবে।"
স্মার্ট কার্ড পাবার জন্য কত টাকা লাগবে?,smart_card_collection_fees,"না, স্মার্ট কার্ড উত্তোলনের জন্য কোন ফি জমা দিতে হয় না। তবে পূর্বের পেপার লেমিনেটেড এনআইডি কার্ড অথবা ভোটার নিবন্ধন স্লিপ নিয়ে সংশ্লিষ্ট উপজেলা/থানা অফিসে যোগাযোগ করতে হবে।"
স্মার্ট কার্ড সংগ্রহ করতে কি টাকা দিতে হবে?,smart_card_collection_fees,"না, স্মার্ট কার্ড উত্তোলনের জন্য কোন ফি জমা দিতে হয় না। তবে পূর্বের পেপার লেমিনেটেড এনআইডি কার্ড অথবা ভোটার নিবন্ধন স্লিপ নিয়ে সংশ্লিষ্ট উপজেলা/থানা অফিসে যোগাযোগ করতে হবে।"
স্মার্ট কার্ড সংগ্রহে কি কোনো সরকারি ফি আছে?,smart_card_collection_fees,"না, স্মার্ট কার্ড উত্তোলনের জন্য কোন ফি জমা দিতে হয় না। তবে পূর্বের পেপার লেমিনেটেড এনআইডি কার্ড অথবা ভোটার নিবন্ধন স্লিপ নিয়ে সংশ্লিষ্ট উপজেলা/থানা অফিসে যোগাযোগ করতে হবে।"
স্মার্ট কার্ড সংগ্রহের সময় কি কোনো চার্জ দেওয়া লাগে?,smart_card_collection_fees,"না, স্মার্ট কার্ড উত্তোলনের জন্য কোন ফি জমা দিতে হয় না। তবে পূর্বের পেপার লেমিনেটেড এনআইডি কার্ড অথবা ভোটার নিবন্ধন স্লিপ নিয়ে সংশ্লিষ্ট উপজেলা/থানা অফিসে যোগাযোগ করতে হবে।"
স্মার্ট কার্ডের জন্য কি কোনো প্রবিধান অনুযায়ী ফি আছে?,smart_card_collection_fees,"না, স্মার্ট কার্ড উত্তোলনের জন্য কোন ফি জমা দিতে হয় না। তবে পূর্বের পেপার লেমিনেটেড এনআইডি কার্ড অথবা ভোটার নিবন্ধন স্লিপ নিয়ে সংশ্লিষ্ট উপজেলা/থানা অফিসে যোগাযোগ করতে হবে।"
স্মার্ট কার্ডের জন্য কি সরকারি ফি দিতে হয়?,smart_card_collection_fees,"না, স্মার্ট কার্ড উত্তোলনের জন্য কোন ফি জমা দিতে হয় না। তবে পূর্বের পেপার লেমিনেটেড এনআইডি কার্ড অথবা ভোটার নিবন্ধন স্লিপ নিয়ে সংশ্লিষ্ট উপজেলা/থানা অফিসে যোগাযোগ করতে হবে।"
স্মার্ট কার্ডের জন্য ফি কত?,smart_card_collection_fees,"না, স্মার্ট কার্ড উত্তোলনের জন্য কোন ফি জমা দিতে হয় না। তবে পূর্বের পেপার লেমিনেটেড এনআইডি কার্ড অথবা ভোটার নিবন্ধন স্লিপ নিয়ে সংশ্লিষ্ট উপজেলা/থানা অফিসে যোগাযোগ করতে হবে।"
স্মার্ট জাতীয় পরিচয়পত্রের জন্য কি জমা টাকা লাগে?,smart_card_collection_fees,"না, স্মার্ট কার্ড উত্তোলনের জন্য কোন ফি জমা দিতে হয় না। তবে পূর্বের পেপার লেমিনেটেড এনআইডি কার্ড অথবা ভোটার নিবন্ধন স্লিপ নিয়ে সংশ্লিষ্ট উপজেলা/থানা অফিসে যোগাযোগ করতে হবে।"
বিতরণ শেষ—আমার স্মার্ট কার্ড কি পরে দেওয়া হবে?,smart_card_distributed_in_my_area_but_my_card_not_received,সংশ্লিষ্ট থানা/উপজেলা নির্বাচন অফিস থেকে স্মার্ট কার্ড মুদ্রণ সম্পর্কিত তথ্য জেনে নিন।
"স্মার্ট কার্ড বিতরণ শেষ হয়েছে, আমার কার্ড নিতে কোথায় যেতে হবে?",smart_card_distributed_in_my_area_but_my_card_not_received,সংশ্লিষ্ট থানা/উপজেলা নির্বাচন অফিস থেকে স্মার্ট কার্ড মুদ্রণ সম্পর্কিত তথ্য জেনে নিন।
স্মার্ট কার্ডের বণ্টন সম্পন্ন—আমার কার্ড কবে হাতে পাব?,smart_card_distributed_in_my_area_but_my_card_not_received,সংশ্লিষ্ট থানা/উপজেলা নির্বাচন অফিস থেকে স্মার্ট কার্ড মুদ্রণ সম্পর্কিত তথ্য জেনে নিন।
নতুন স্মার্ট কার্ডের জন্য কি কোনো ফি ধার্য করা হয়েছে?,smart_card_fee,প্রথমবার স্মার্ট কার্ড নিতে কোন ফি দিতে হবে না।
স্মার্ট এনআইডি কার্ড কি ফ্রি প্রদান করা হয়?,smart_card_fee,প্রথমবার স্মার্ট কার্ড নিতে কোন ফি দিতে হবে না।
স্মার্ট কার্ড গ্রহণ করতে কি কোনো সরকারি ফি দিতে হবে?,smart_card_fee,প্রথমবার স্মার্ট কার্ড নিতে কোন ফি দিতে হবে না।
স্মার্ট কার্ড নিতে কি কোনো নির্ধারিত টাকা দিতে হয়?,smart_card_fee,প্রথমবার স্মার্ট কার্ড নিতে কোন ফি দিতে হবে না।
স্মার্ট কার্ডের জন্য কি পে করতে হবে?,smart_card_fee,প্রথমবার স্মার্ট কার্ড নিতে কোন ফি দিতে হবে না।
স্মার্ট কার্ড নিতে কোন অফিসে যোগাযোগ করব?,smart_card_from_where,আপনার এই প্রশ্নের উত্তরটি জানতে ৯ বাটন চেপে কল সেন্টার প্রতিনিধির সঙ্গে সরাসরি কথা বলুন।
এনআইডি মিসিং—স্মার্ট কার্ড ইস্যুর জন্য সময় নির্ধারণ কিভাবে করব?,smart_card_lost_how_to_get_new_one_again,"আন্তরিকভাবে দুঃখিত, এই মুহুর্তে স্মার্টকার্ড রি-প্রিন্টের সুযোগ নেই।"
এনআইডি হারালে স্মার্ট কার্ড রিইস্যুর প্রসেসিং টাইম কতদিন?,smart_card_lost_how_to_get_new_one_again,"আন্তরিকভাবে দুঃখিত, এই মুহুর্তে স্মার্টকার্ড রি-প্রিন্টের সুযোগ নেই।"
জাতীয় পরিচয়পত্র হারালে স্মার্ট কার্ড রি-ইস্যু সার্ভিস চালু আছে কি?,smart_card_lost_how_to_get_new_one_again,"আন্তরিকভাবে দুঃখিত, এই মুহুর্তে স্মার্টকার্ড রি-প্রিন্টের সুযোগ নেই।"
পুরোনো এনআইডি হারিয়ে স্মার্ট কার্ডের জন্য অনুরোধ করতে পারি তো?,smart_card_lost_how_to_get_new_one_again,"আন্তরিকভাবে দুঃখিত, এই মুহুর্তে স্মার্টকার্ড রি-প্রিন্টের সুযোগ নেই।"
স্মার্ট এনআইডি না পেলে কি রি-ইস্যুর আবেদন করা যায়?,smart_card_lost_reissue,দুঃখিত। ভোটারযোগ্য সকল নাগরিকের হাতে একবার স্মার্টকার্ড পৌঁছানোর পর স্মার্টকার্ড রিপ্রিন্টের বিষয়ে সিদ্ধান্ত গ্রহণ করা হবে।
স্মার্ট কার্ড হারিয়ে রিপ্রিন্ট করার প্রক্রিয়া কি চালু আছে?,smart_card_lost_reissue,দুঃখিত। ভোটারযোগ্য সকল নাগরিকের হাতে একবার স্মার্টকার্ড পৌঁছানোর পর স্মার্টকার্ড রিপ্রিন্টের বিষয়ে সিদ্ধান্ত গ্রহণ করা হবে।
হারানো স্মার্ট কার্ডের জন্য পুনরায় কি নতুন স্মার্ট কার্ড দেওয়া হবে?,smart_card_lost_reissue,দুঃখিত। ভোটারযোগ্য সকল নাগরিকের হাতে একবার স্মার্টকার্ড পৌঁছানোর পর স্মার্টকার্ড রিপ্রিন্টের বিষয়ে সিদ্ধান্ত গ্রহণ করা হবে।
হারানো স্মার্ট কার্ডের ডুপ্লিকেট কি এখন পাওয়া যাচ্ছে?,smart_card_lost_reissue,দুঃখিত। ভোটারযোগ্য সকল নাগরিকের হাতে একবার স্মার্টকার্ড পৌঁছানোর পর স্মার্টকার্ড রিপ্রিন্টের বিষয়ে সিদ্ধান্ত গ্রহণ করা হবে।
চিপযুক্ত জাতীয় পরিচয়পত্র প্রিন্ট না হওয়ার কারণসমূহ কী?,smart_card_print_problem,"ডাটাবেজে তথ্য যথাযথভাবে না থাকার কারণে স্মার্ট কার্ড মু্দ্রণ হয় না, কারণ জানতে ৯ চাপুন।"
স্মার্ট এনআইডি প্রিন্ট হয়েছে কিনা টেক্সট করে জানতে হলে নম্বর কী?,smart_card_printing_status_sms_how,আপনার এই প্রশ্নের উত্তরটি জানতে ৯ বাটন চেপে কল সেন্টার প্রতিনিধির সঙ্গে সরাসরি কথা বলুন।
স্মার্ট আইডি কার্ড চাইলে কেন অনলাইন কপি ছাড়া কিছু পেলাম না?,smart_card_selected_but_get_pdf,"আন্তরিকভাবে দুঃখিত, এই মুহুর্তে স্মার্টকার্ড রি-প্রিন্টের সুযোগ নেই।"
স্মার্ট এনআইডি অপশনে নরমাল কার্ড—স্মার্ট কি আসবে না?,smart_card_selected_but_get_pdf,"আন্তরিকভাবে দুঃখিত, এই মুহুর্তে স্মার্টকার্ড রি-প্রিন্টের সুযোগ নেই।"
স্মার্ট কার্ড বেছে সংশোধন করেছি; এখন কি কেবল ই-কপিই থাকবে?,smart_card_selected_but_get_pdf,"আন্তরিকভাবে দুঃখিত, এই মুহুর্তে স্মার্টকার্ড রি-প্রিন্টের সুযোগ নেই।"
স্মার্ট কার্ড রি-প্রিন্ট অনুরোধে কি এখন কার্ড দেওয়া হচ্ছে না?,smart_card_selected_but_get_pdf,"আন্তরিকভাবে দুঃখিত, এই মুহুর্তে স্মার্টকার্ড রি-প্রিন্টের সুযোগ নেই।"
স্মার্ট কার্ড সংশোধনের পর প্লাস্টিক কার্ডের কোনো সম্ভাবনা আছে?,smart_card_selected_but_get_pdf,"আন্তরিকভাবে দুঃখিত, এই মুহুর্তে স্মার্টকার্ড রি-প্রিন্টের সুযোগ নেই।"
স্মার্ট কার্ডের জন্য সিলেক্ট করেছিলাম; কেন কেবল অনলাইন কপি?,smart_card_selected_but_get_pdf,"আন্তরিকভাবে দুঃখিত, এই মুহুর্তে স্মার্টকার্ড রি-প্রিন্টের সুযোগ নেই।"
"স্মার্ট কার্ডের রি-প্রিন্টে কার্ড না পেলে, পরে কি পাওয়া যায়?",smart_card_selected_but_get_pdf,"আন্তরিকভাবে দুঃখিত, এই মুহুর্তে স্মার্টকার্ড রি-প্রিন্টের সুযোগ নেই।"
"আমার স্মার্ট কার্ড কি রেডি হয়েছে, জানবো কীভাবে?",smart_card_status,আপনার এই প্রশ্নের উত্তরটি জানতে ৯ বাটন চেপে কল সেন্টার প্রতিনিধির সঙ্গে সরাসরি কথা বলুন।
স্মার্ট কার্ড তৈরি হয়ে গেলে জানার নিয়ম কী?,smart_card_status,আপনার এই প্রশ্নের উত্তরটি জানতে ৯ বাটন চেপে কল সেন্টার প্রতিনিধির সঙ্গে সরাসরি কথা বলুন।
স্মার্ট কার্ড প্রিন্টিং স্ট্যাটাস জানতে কোন মাধ্যম ব্যবহার করবো?,smart_card_status,আপনার এই প্রশ্নের উত্তরটি জানতে ৯ বাটন চেপে কল সেন্টার প্রতিনিধির সঙ্গে সরাসরি কথা বলুন।
স্মার্ট কার্ডের প্রিন্ট হয়েছে কি না ফোনে জেনে নেওয়া যাবে?,smart_card_status,আপনার এই প্রশ্নের উত্তরটি জানতে ৯ বাটন চেপে কল সেন্টার প্রতিনিধির সঙ্গে সরাসরি কথা বলুন।
ছবি জমা করে এসএমএস কবে হাতে পাবে?,sms_after_picture_how_many_days,আপনার এই প্রশ্নের উত্তর জানতে ৯ বাটন চেপে কল সেন্টার প্রতিনিধির সঙ্গে সরাসরি কথা বলুন।
ছবি তোলার পর এনআইডি সংশ্লিষ্ট এসএমএস কবে আসে?,sms_after_picture_how_many_days,আপনার এই প্রশ্নের উত্তর জানতে ৯ বাটন চেপে কল সেন্টার প্রতিনিধির সঙ্গে সরাসরি কথা বলুন।
আবেদন করার পূর্বে কেটে নেয়া ফি কোথায় গেল? কেন আবার ফি চাইছে?,softwere_bug_in_card_processing_system,এনআইডি সংশোধন/ রি-ইস্যু আবেদনের ক্ষেত্রে কারিগরী সমস্যার কারণে এই সমস্যা তৈরি হয়ে থাকতে পারে। এমতাবস্থায় ০ বাটন চেপে আপনার অভিযোগটি রেকর্ড করুন। আশা করা যায় শীঘ্রই আপনার প্রদত্ত ফি পুণঃব্যবহারের উপযোগী হবে।
এনআইডি কার্ডে বিয়ের পর স্বামীর নাম যোগ করার জন্য কি ডকুমেন্টস লাগবে?,spouse_name_correction_new,"স্বামী/স্ত্রী এর নাম সংশোধন এর জন্য নিকাহনামা (ইসলাম ধর্ম ব্যতীত অন্যান্য ধর্মাবলম্বীদের জন্য বিবাহের প্রত্যয়নপত্র/এফিডেভিট), স্বামী/স্ত্রীর এনআইডি, প্রযোজ্য ক্ষেত্রে তালাকনামা, সন্তানদের জাতীয় পরিচয়পত্র/ শিক্ষা সনদ/ অনলাইন জন্ম নিবন্ধন।"
এনআইডিতে বিয়ের পর spouse নাম সংযোজনের জন্য কী কী দরকার হবে?,spouse_name_correction_new,"স্বামী/স্ত্রী এর নাম সংশোধন এর জন্য নিকাহনামা (ইসলাম ধর্ম ব্যতীত অন্যান্য ধর্মাবলম্বীদের জন্য বিবাহের প্রত্যয়নপত্র/এফিডেভিট), স্বামী/স্ত্রীর এনআইডি, প্রযোজ্য ক্ষেত্রে তালাকনামা, সন্তানদের জাতীয় পরিচয়পত্র/ শিক্ষা সনদ/ অনলাইন জন্ম নিবন্ধন।"
ভোটার আইডিতে spouse তথ্য আপডেট করতে কী কী কাগজপত্র লাগে?,spouse_name_correction_new,"স্বামী/স্ত্রী এর নাম সংশোধন এর জন্য নিকাহনামা (ইসলাম ধর্ম ব্যতীত অন্যান্য ধর্মাবলম্বীদের জন্য বিবাহের প্রত্যয়নপত্র/এফিডেভিট), স্বামী/স্ত্রীর এনআইডি, প্রযোজ্য ক্ষেত্রে তালাকনামা, সন্তানদের জাতীয় পরিচয়পত্র/ শিক্ষা সনদ/ অনলাইন জন্ম নিবন্ধন।"
এক ফর্মে সাবমিট করলে কি বর্তমান ও স্থায়ী ঠিকানা আপডেট হবে?,together_present_and_permanent_address_change,"না, উভয় ক্ষেত্রে ভিন্ন ভিন্ন আবেদন করতে হবে।"
একই অ্যাপ্লিকেশনে কি দুটো ঠিকানার জন্য আবেদন করা যায়?,together_present_and_permanent_address_change,"না, উভয় ক্ষেত্রে ভিন্ন ভিন্ন আবেদন করতে হবে।"
একই সাথে কি এনআইডিতে স্থায়ী আর বর্তমান ঠিকানা বদলানো যায়?,together_present_and_permanent_address_change,"না, উভয় ক্ষেত্রে ভিন্ন ভিন্ন আবেদন করতে হবে।"
একেবারে একবারে কি present/permanent address আপডেট করা যাবে?,together_present_and_permanent_address_change,"না, উভয় ক্ষেত্রে ভিন্ন ভিন্ন আবেদন করতে হবে।"
Underage বয়সে নেওয়া এনআইডির ক্ষেত্রে ভোটার হওয়া কবে ধরা হয়?,underaged_card_holder_to_voter,যে কোন বছরের পহেলা জানুয়ারি ১৮ বছর পূর্ণ হবার সাথে সাথে এনআইডি কার্ডধারী ব্যক্তি ভোটার তালিকার অন্তর্ভুক্ত হয়ে থাকেন।
অপ্রাপ্তবয়স্ক এনআইডি থাকলে ভোটার হিসেবে অন্তর্ভুক্ত করার সময় কখন?,underaged_card_holder_to_voter,যে কোন বছরের পহেলা জানুয়ারি ১৮ বছর পূর্ণ হবার সাথে সাথে এনআইডি কার্ডধারী ব্যক্তি ভোটার তালিকার অন্তর্ভুক্ত হয়ে থাকেন।
আবেদন সাবমিট করতে গিয়ে “অপ্রত্যাশিত সমস্যা”—সমাধান কিভাবে সম্ভব?,unexpected_online_problem,আপনার এই প্রশ্নের উত্তরটি জানতে ৯ বাটন চেপে কল সেন্টার প্রতিনিধির সঙ্গে সরাসরি কথা বলুন।
ইসি অনলাইন পোর্টালে unexpected issue—কিভাবে সমাধান নেব?,unexpected_online_problem,আপনার এই প্রশ্নের উত্তরটি জানতে ৯ বাটন চেপে কল সেন্টার প্রতিনিধির সঙ্গে সরাসরি কথা বলুন।
"এনআইডি আপডেট সম্পন্ন, কপি সংগ্রহের উপায় কী?",updated_nid_after_correction,"এনআইডি কার্ডের প্রদর্শিত তথ্য যেমন- নিজ নাম, পিতা-মাতার নাম, জন্ম তারিখ ইত্যাদি সংশোধনের আবেদন অনুমোদন করা হলে সংশোধিত কার্ড ডাউনলোড করতে পারবেন কিন্তু অন্যান্য তথ্য সংশোধন হলে ডাউনলোড সম্ভব নয়।"
এনআইডি আপডেটের পরে কার্ড ডাউনলোড প্রসেস কী?,updated_nid_after_correction,"এনআইডি কার্ডের প্রদর্শিত তথ্য যেমন- নিজ নাম, পিতা-মাতার নাম, জন্ম তারিখ ইত্যাদি সংশোধনের আবেদন অনুমোদন করা হলে সংশোধিত কার্ড ডাউনলোড করতে পারবেন কিন্তু অন্যান্য তথ্য সংশোধন হলে ডাউনলোড সম্ভব নয়।"
এনআইডি ডাটা আপডেট হলে কার্ড সংগ্রহের ঠিকানা কী?,updated_nid_after_correction,"এনআইডি কার্ডের প্রদর্শিত তথ্য যেমন- নিজ নাম, পিতা-মাতার নাম, জন্ম তারিখ ইত্যাদি সংশোধনের আবেদন অনুমোদন করা হলে সংশোধিত কার্ড ডাউনলোড করতে পারবেন কিন্তু অন্যান্য তথ্য সংশোধন হলে ডাউনলোড সম্ভব নয়।"
এনআইডি রেকর্ড সংশোধনের পর নতুন কার্ড পাওয়ার পথ কী?,updated_nid_after_correction,"এনআইডি কার্ডের প্রদর্শিত তথ্য যেমন- নিজ নাম, পিতা-মাতার নাম, জন্ম তারিখ ইত্যাদি সংশোধনের আবেদন অনুমোদন করা হলে সংশোধিত কার্ড ডাউনলোড করতে পারবেন কিন্তু অন্যান্য তথ্য সংশোধন হলে ডাউনলোড সম্ভব নয়।"
ইউটিলিটি বিল আমার নামে নয়—এনআইডিতে ঠিকানা বদলাতে কোন নথি দেব?,utility_bill_not_available_for_address_proof,"পিতা/মাতা বা স্বামী/স্ত্রীর নামে ইউটিলিটি বিলের কপি দেওয়া যেতে পারে। ভাড়াকৃত বাড়ির ক্ষেত্রে বাড়িওয়ালার নামে ইউটিলিটি বিলের কপি, বাড়ি ভাড়ার চুক্তিপত্র এবং উক্ত এলাকার জনপ্রতিনিধি কর্তৃক নাগরিকত্ব সনদ/ প্রত্যয়নপত্র দাখিল করতে হবে।"
ইউটিলিটি বিল ছাড়া কি ঠিকানা পরিবর্তনের ফাইল প্রক্রিয়াজাত হবে?,utility_bill_not_available_for_address_proof,"পিতা/মাতা বা স্বামী/স্ত্রীর নামে ইউটিলিটি বিলের কপি দেওয়া যেতে পারে। ভাড়াকৃত বাড়ির ক্ষেত্রে বাড়িওয়ালার নামে ইউটিলিটি বিলের কপি, বাড়ি ভাড়ার চুক্তিপত্র এবং উক্ত এলাকার জনপ্রতিনিধি কর্তৃক নাগরিকত্ব সনদ/ প্রত্যয়নপত্র দাখিল করতে হবে।"
ইউটিলিটি বিল না থাকলে ভোটার ঠিকানা পরিবর্তনের কি উপায় আছে?,utility_bill_not_available_for_address_proof,"পিতা/মাতা বা স্বামী/স্ত্রীর নামে ইউটিলিটি বিলের কপি দেওয়া যেতে পারে। ভাড়াকৃত বাড়ির ক্ষেত্রে বাড়িওয়ালার নামে ইউটিলিটি বিলের কপি, বাড়ি ভাড়ার চুক্তিপত্র এবং উক্ত এলাকার জনপ্রতিনিধি কর্তৃক নাগরিকত্ব সনদ/ প্রত্যয়নপত্র দাখিল করতে হবে।"
ইউটিলিটি বিল নাই—ঠিকানা বদলের আবেদন কিসের ভিত্তিতে করা যায়?,utility_bill_not_available_for_address_proof,"পিতা/মাতা বা স্বামী/স্ত্রীর নামে ইউটিলিটি বিলের কপি দেওয়া যেতে পারে। ভাড়াকৃত বাড়ির ক্ষেত্রে বাড়িওয়ালার নামে ইউটিলিটি বিলের কপি, বাড়ি ভাড়ার চুক্তিপত্র এবং উক্ত এলাকার জনপ্রতিনিধি কর্তৃক নাগরিকত্ব সনদ/ প্রত্যয়নপত্র দাখিল করতে হবে।"
পিতা/মাতার নামে ইউটিলিটি বিল দিয়ে কি ভোটার ঠিকানা বদলানো যাবে?,utility_bill_not_available_for_address_proof,"পিতা/মাতা বা স্বামী/স্ত্রীর নামে ইউটিলিটি বিলের কপি দেওয়া যেতে পারে। ভাড়াকৃত বাড়ির ক্ষেত্রে বাড়িওয়ালার নামে ইউটিলিটি বিলের কপি, বাড়ি ভাড়ার চুক্তিপত্র এবং উক্ত এলাকার জনপ্রতিনিধি কর্তৃক নাগরিকত্ব সনদ/ প্রত্যয়নপত্র দাখিল করতে হবে।"
স্বামীর/স্ত্রীর নামে বিল দেখিয়ে কি ঠিকানা আপডেট করা সম্ভব?,utility_bill_not_available_for_address_proof,"পিতা/মাতা বা স্বামী/স্ত্রীর নামে ইউটিলিটি বিলের কপি দেওয়া যেতে পারে। ভাড়াকৃত বাড়ির ক্ষেত্রে বাড়িওয়ালার নামে ইউটিলিটি বিলের কপি, বাড়ি ভাড়ার চুক্তিপত্র এবং উক্ত এলাকার জনপ্রতিনিধি কর্তৃক নাগরিকত্ব সনদ/ প্রত্যয়নপত্র দাখিল করতে হবে।"
নতুন এলাকায় ভোটার অন্তর্ভুক্তির জন্য কিভাবে আবেদন করব?,voter_area_change,আপনি যে এলাকায় যেতে চান সেই সংশ্লিষ্ট উপজেলা/ থানা নির্বাচন অফিসে স্বশরীরে উপস্থিত হয়ে স্থানান্তর ফর্ম-১৩ পূরণ করে প্রয়োজনীয় দলিলাদিসহ আবেদন করুন।
পুরনো এলাকা থেকে ভোটার ট্রান্সফারের জন্য কোথায় যেতে হবে?,voter_area_change,আপনি যে এলাকায় যেতে চান সেই সংশ্লিষ্ট উপজেলা/ থানা নির্বাচন অফিসে স্বশরীরে উপস্থিত হয়ে স্থানান্তর ফর্ম-১৩ পূরণ করে প্রয়োজনীয় দলিলাদিসহ আবেদন করুন।
বর্তমান ঠিকানায় ভোটার হতে চাই; আবেদন কোথায় করব?,voter_area_change,আপনি যে এলাকায় যেতে চান সেই সংশ্লিষ্ট উপজেলা/ থানা নির্বাচন অফিসে স্বশরীরে উপস্থিত হয়ে স্থানান্তর ফর্ম-১৩ পূরণ করে প্রয়োজনীয় দলিলাদিসহ আবেদন করুন।
স্থায়ী ঠিকানা থেকে বর্তমান ঠিকানায় ভোটার স্থানান্তর করতে হলে প্রক্রিয়াটি কী?,voter_area_change,আপনি যে এলাকায় যেতে চান সেই সংশ্লিষ্ট উপজেলা/ থানা নির্বাচন অফিসে স্বশরীরে উপস্থিত হয়ে স্থানান্তর ফর্ম-১৩ পূরণ করে প্রয়োজনীয় দলিলাদিসহ আবেদন করুন।
স্থানান্তর মঞ্জুর হলেও eNID-এ পরিবর্তন নাই—সমাধান পেতে কী করতে হবে?,voter_area_change_not_reflected,"আন্তরিকভাবে দুঃখিত, অনুগ্রহপূর্বক সংশ্লিষ্ট থানা/উপজেলা নির্বাচন অফিসে যোগাযোগ করুন।"
ট্রান্সফার পেন্ডিং অবস্থায় কি NID আপডেটের আবেদন নেয়া হয়?,voter_area_change_ongoing,"দুঃখিত, একটি আবেদনের কার্যক্রম চলমান থাকা অবস্থায় অন্য কোন বিষয়ের জন্য আবেদন করা যাবে না।"
ট্রান্সফার রিকোয়েস্ট প্রসেসিং; কি তথ্য সংশোধন সাবমিট করা যাবে না?,voter_area_change_ongoing,"দুঃখিত, একটি আবেদনের কার্যক্রম চলমান থাকা অবস্থায় অন্য কোন বিষয়ের জন্য আবেদন করা যাবে না।"
ট্রান্সফার রিকোয়েস্ট রিভিউতে; কি কার্ড সংশোধন করা যাবে এই সময়ে?,voter_area_change_ongoing,"দুঃখিত, একটি আবেদনের কার্যক্রম চলমান থাকা অবস্থায় অন্য কোন বিষয়ের জন্য আবেদন করা যাবে না।"
ভোটার এলাকা পরিবর্তনের প্রক্রিয়া চলছে; এখন কি সংশোধন সাবমিট করা ঠিক হবে?,voter_area_change_ongoing,"দুঃখিত, একটি আবেদনের কার্যক্রম চলমান থাকা অবস্থায় অন্য কোন বিষয়ের জন্য আবেদন করা যাবে না।"
ভোটার ঠিকানা বদলের আবেদন চলমান থাকলে কি অন্য কোনো সংশোধন আবেদন নেয়?,voter_area_change_ongoing,"দুঃখিত, একটি আবেদনের কার্যক্রম চলমান থাকা অবস্থায় অন্য কোন বিষয়ের জন্য আবেদন করা যাবে না।"
অনলাইন অ্যাপ্লিকেশন দিয়ে ভোটার এলাকা বদলে নেওয়া যায় কি?,voter_area_change_online,"দুঃখিত, এক্ষেত্রে আপনি যে এলাকায় স্থানান্তর হতে চান সেই উপজেলা/থানা নির্বাচন অফিসে স্বশরীরে আবেদন জমা দিতে হবে।"
ভোটার স্থানান্তরের পর রি-ইস্যু ফর্ম কোথায় পাব?,voter_migration_done_now_what_to_do_for_reissue,নির্ধারিত ফি জমা দিয়ে অনলাইনে রিইস্যু আবেদন করুন।
মাইগ্রেট করার পর কার্ডের রিইস্যুর জন্য কী আবেদন লাগবে?,voter_migration_done_now_what_to_do_for_reissue,নির্ধারিত ফি জমা দিয়ে অনলাইনে রিইস্যু আবেদন করুন।
মাইগ্রেশনের পরে রিইস্যু কাকে উদ্দেশ্য করে আবেদন করবো?,voter_migration_done_now_what_to_do_for_reissue,নির্ধারিত ফি জমা দিয়ে অনলাইনে রিইস্যু আবেদন করুন।
ভোটার তালিকায় খুঁজে পাই না—ফটো দেওয়া—এনআইডি কীভাবে নেব?,voter_slip_lost_how_to_get_new_card,সংশ্লিষ্ট জেলা নির্বাচন অফিসে গিয়ে বায়োমেট্রিক যাচাইয়ের মাধ্যমে এনআইডি নম্বর সংগ্রহ করুন এবং এনআইডি কার্ড উত্তোলন করুন।
"রসিদ পাওয়া যাচ্ছে না, ভোটার লিস্টে নামও নাই—এনআইডি তোলার উপায় কী?",voter_slip_lost_how_to_get_new_card,সংশ্লিষ্ট জেলা নির্বাচন অফিসে গিয়ে বায়োমেট্রিক যাচাইয়ের মাধ্যমে এনআইডি নম্বর সংগ্রহ করুন এবং এনআইডি কার্ড উত্তোলন করুন।
"রেজিস্ট্রেশনের টোকেন হারিয়ে গেছে, নামও ওঠেনি—এখন এনআইডি নেব কীভাবে?",voter_slip_lost_how_to_get_new_card,সংশ্লিষ্ট জেলা নির্বাচন অফিসে গিয়ে বায়োমেট্রিক যাচাইয়ের মাধ্যমে এনআইডি নম্বর সংগ্রহ করুন এবং এনআইডি কার্ড উত্তোলন করুন।
"এনআইডি রেজিস্ট্রেশনের স্লিপ হারিয়ে ফেলেছি, কীভাবে এনআইডি সংগ্রহ করবো?",voter_slip_lost_how_to_get_nid,সংশ্লিষ্ট উপজেলা/থানা নির্বাচন অফিস গিয়ে এনআইডি নম্বর সংগ্রহ করে অনলাইনে রি-ইস্যু আবেদন করতে হবে। যদি এনআইডি নম্বর জানা থাকে তাহলে সরাসরি অনলাইনে আবেদন করুন।
এনআইডির কাগজপত্র সব হারিয়েছি—কার্ড তুলতে কী করতে হবে?,voter_slip_lost_how_to_get_nid,সংশ্লিষ্ট উপজেলা/থানা নির্বাচন অফিস গিয়ে এনআইডি নম্বর সংগ্রহ করে অনলাইনে রি-ইস্যু আবেদন করতে হবে। যদি এনআইডি নম্বর জানা থাকে তাহলে সরাসরি অনলাইনে আবেদন করুন।
জাতীয় পরিচয়পত্র খোয়া যাওয়া অবস্থায় কোথায় যোগাযোগ করব?,voter_slip_lost_how_to_get_nid,সংশ্লিষ্ট উপজেলা/থানা নির্বাচন অফিস গিয়ে এনআইডি নম্বর সংগ্রহ করে অনলাইনে রি-ইস্যু আবেদন করতে হবে। যদি এনআইডি নম্বর জানা থাকে তাহলে সরাসরি অনলাইনে আবেদন করুন।
ভোটার আইডি হারানো—নতুন কার্ড কিভাবে সংগ্রহ করবো?,voter_slip_lost_how_to_get_nid,সংশ্লিষ্ট উপজেলা/থানা নির্বাচন অফিস গিয়ে এনআইডি নম্বর সংগ্রহ করে অনলাইনে রি-ইস্যু আবেদন করতে হবে। যদি এনআইডি নম্বর জানা থাকে তাহলে সরাসরি অনলাইনে আবেদন করুন।
রেজিস্ট্রেশন কাগজ হারিয়ে ফেলে দিয়েছি—কার্ড তোলার নিয়ম কী?,voter_slip_lost_how_to_get_nid,সংশ্লিষ্ট উপজেলা/থানা নির্বাচন অফিস গিয়ে এনআইডি নম্বর সংগ্রহ করে অনলাইনে রি-ইস্যু আবেদন করতে হবে। যদি এনআইডি নম্বর জানা থাকে তাহলে সরাসরি অনলাইনে আবেদন করুন।
স্মার্টকার্ড হারানোর পর কার্ড পাওয়ার জন্য কোথায় যোগাযোগ করব?,voter_slip_lost_how_to_get_nid,সংশ্লিষ্ট উপজেলা/থানা নির্বাচন অফিস গিয়ে এনআইডি নম্বর সংগ্রহ করে অনলাইনে রি-ইস্যু আবেদন করতে হবে। যদি এনআইডি নম্বর জানা থাকে তাহলে সরাসরি অনলাইনে আবেদন করুন।
আপনি কি বিয়ে করে ফেলেছেন?,warning_to_prank_caller,"‘জাতীয় পরিচয় তথ্য সেবা ১০৫’ একটি গুরুত্বপূর্ণ সরকারি সেবা। এখানে অপ্রয়োজনীয় ও অপ্রাসঙ্গিক কল করা থেকে বিরত থাকুন, অনুগ্রহপূর্বক অন্যকে সেবা নিতে সহায়তা করুন।"
চেক করছিলাম কাজ করে কিনা,warning_to_prank_caller,"‘জাতীয় পরিচয় তথ্য সেবা ১০৫’ একটি গুরুত্বপূর্ণ সরকারি সেবা। এখানে অপ্রয়োজনীয় ও অপ্রাসঙ্গিক কল করা থেকে বিরত থাকুন, অনুগ্রহপূর্বক অন্যকে সেবা নিতে সহায়তা করুন।"
তুই কি মাথা খারাপ করে ফেলেছিস নাকি?,warning_to_prank_caller,"‘জাতীয় পরিচয় তথ্য সেবা ১০৫’ একটি গুরুত্বপূর্ণ সরকারি সেবা। এখানে অপ্রয়োজনীয় ও অপ্রাসঙ্গিক কল করা থেকে বিরত থাকুন, অনুগ্রহপূর্বক অন্যকে সেবা নিতে সহায়তা করুন।"
তুই কি সামান্য বুঝতে পারিস?,warning_to_prank_caller,"‘জাতীয় পরিচয় তথ্য সেবা ১০৫’ একটি গুরুত্বপূর্ণ সরকারি সেবা। এখানে অপ্রয়োজনীয় ও অপ্রাসঙ্গিক কল করা থেকে বিরত থাকুন, অনুগ্রহপূর্বক অন্যকে সেবা নিতে সহায়তা করুন।"
তুমি কি কখনও সঠিকটা বুঝতে পারো?,warning_to_prank_caller,"‘জাতীয় পরিচয় তথ্য সেবা ১০৫’ একটি গুরুত্বপূর্ণ সরকারি সেবা। এখানে অপ্রয়োজনীয় ও অপ্রাসঙ্গিক কল করা থেকে বিরত থাকুন, অনুগ্রহপূর্বক অন্যকে সেবা নিতে সহায়তা করুন।"
তুমি কি খেতে চাও?,warning_to_prank_caller,"‘জাতীয় পরিচয় তথ্য সেবা ১০৫’ একটি গুরুত্বপূর্ণ সরকারি সেবা। এখানে অপ্রয়োজনীয় ও অপ্রাসঙ্গিক কল করা থেকে বিরত থাকুন, অনুগ্রহপূর্বক অন্যকে সেবা নিতে সহায়তা করুন।"
তুমি কি গান গাও?,warning_to_prank_caller,"‘জাতীয় পরিচয় তথ্য সেবা ১০৫’ একটি গুরুত্বপূর্ণ সরকারি সেবা। এখানে অপ্রয়োজনীয় ও অপ্রাসঙ্গিক কল করা থেকে বিরত থাকুন, অনুগ্রহপূর্বক অন্যকে সেবা নিতে সহায়তা করুন।"
তুমি কি ফেসবুকে আছো?,warning_to_prank_caller,"‘জাতীয় পরিচয় তথ্য সেবা ১০৫’ একটি গুরুত্বপূর্ণ সরকারি সেবা। এখানে অপ্রয়োজনীয় ও অপ্রাসঙ্গিক কল করা থেকে বিরত থাকুন, অনুগ্রহপূর্বক অন্যকে সেবা নিতে সহায়তা করুন।"
তুমি কি মাথামোটা নাকি?,warning_to_prank_caller,"‘জাতীয় পরিচয় তথ্য সেবা ১০৫’ একটি গুরুত্বপূর্ণ সরকারি সেবা। এখানে অপ্রয়োজনীয় ও অপ্রাসঙ্গিক কল করা থেকে বিরত থাকুন, অনুগ্রহপূর্বক অন্যকে সেবা নিতে সহায়তা করুন।"
তুমি কি হাসো?,warning_to_prank_caller,"‘জাতীয় পরিচয় তথ্য সেবা ১০৫’ একটি গুরুত্বপূর্ণ সরকারি সেবা। এখানে অপ্রয়োজনীয় ও অপ্রাসঙ্গিক কল করা থেকে বিরত থাকুন, অনুগ্রহপূর্বক অন্যকে সেবা নিতে সহায়তা করুন।"
তুমি সুন্দরী না কুৎসিত?,warning_to_prank_caller,"‘জাতীয় পরিচয় তথ্য সেবা ১০৫’ একটি গুরুত্বপূর্ণ সরকারি সেবা। এখানে অপ্রয়োজনীয় ও অপ্রাসঙ্গিক কল করা থেকে বিরত থাকুন, অনুগ্রহপূর্বক অন্যকে সেবা নিতে সহায়তা করুন।"
তোমাকে পছন্দ হয়েছে,warning_to_prank_caller,"‘জাতীয় পরিচয় তথ্য সেবা ১০৫’ একটি গুরুত্বপূর্ণ সরকারি সেবা। এখানে অপ্রয়োজনীয় ও অপ্রাসঙ্গিক কল করা থেকে বিরত থাকুন, অনুগ্রহপূর্বক অন্যকে সেবা নিতে সহায়তা করুন।"
তোমাকে ভালোবাসি,warning_to_prank_caller,"‘জাতীয় পরিচয় তথ্য সেবা ১০৫’ একটি গুরুত্বপূর্ণ সরকারি সেবা। এখানে অপ্রয়োজনীয় ও অপ্রাসঙ্গিক কল করা থেকে বিরত থাকুন, অনুগ্রহপূর্বক অন্যকে সেবা নিতে সহায়তা করুন।"
এনআইডি আপডেটের আবেদন বাতিল করতে হলে কাকে রিপোর্ট করব?,way_to_cancel_correction_application,"সংশোধন আবেদনটি বাতিল করার জন্য মহাপরিচালক, জাতীয় পরিচয় নিবন্ধন অনুবিভাগ বরাবর আবেদন লিখে উপজেলা নির্বাচন অফিসে জমা দিন।"
এনআইডি সংশোধনের আবেদনটা বন্ধ করতে হলে কী করতে হবে?,way_to_cancel_correction_application,"সংশোধন আবেদনটি বাতিল করার জন্য মহাপরিচালক, জাতীয় পরিচয় নিবন্ধন অনুবিভাগ বরাবর আবেদন লিখে উপজেলা নির্বাচন অফিসে জমা দিন।"
এনআইডির ভুল সংশোধনের আবেদনের বাতিলের জন্য কর্তৃপক্ষের নাম কী?,way_to_cancel_correction_application,"সংশোধন আবেদনটি বাতিল করার জন্য মহাপরিচালক, জাতীয় পরিচয় নিবন্ধন অনুবিভাগ বরাবর আবেদন লিখে উপজেলা নির্বাচন অফিসে জমা দিন।"
জাতীয় পরিচয়পত্রের জন্য দ্বৈত নাগরিকত্ব কি লাগবে?,whether_nid_card_required_for_dual_citizenship,"এনআইডি কার্ড পেতে দ্বৈত নাগরিকত্ব সনদ প্রয়োজন নেই, তবে পিতা/মাতার বাংলাদেশের এনআইডি কার্ড/মৃত হলে অনলাইন মৃত্যু সনদ/বাংলাদেশী বৈধ পাসপোর্টের কপি প্রয়োজন হবে।"
ডুয়াল সিটিজেনশিপ সনদের বিষয়ে কার কাছে দরখাস্ত করবো?,whom_to_communicate_for_dual_citizenship_certificate,"এ বিষয়ে স্বরাষ্ট্র মন্ত্রণালয়ের সুরক্ষা সেবা বিভাগ, বহির্গমন-৩ শাখা এর সাথে যোগাযোগ করা যেতে পারে।"
ডুয়াল সিটিজেনশিপ সার্টিফিকেট ইস্যুর অফিস কার?,whom_to_communicate_for_dual_citizenship_certificate,"এ বিষয়ে স্বরাষ্ট্র মন্ত্রণালয়ের সুরক্ষা সেবা বিভাগ, বহির্গমন-৩ শাখা এর সাথে যোগাযোগ করা যেতে পারে।"
ডুয়াল সিটিজেনশিপ সার্টিফিকেটের বিষয়ে কোন সেকশনে কল দেব?,whom_to_communicate_for_dual_citizenship_certificate,"এ বিষয়ে স্বরাষ্ট্র মন্ত্রণালয়ের সুরক্ষা সেবা বিভাগ, বহির্গমন-৩ শাখা এর সাথে যোগাযোগ করা যেতে পারে।"
"দুই নাগরিকত্বের সনদের বিষয়ে দায়িত্বপ্রাপ্ত কে, কোথায় যাব?",whom_to_communicate_for_dual_citizenship_certificate,"এ বিষয়ে স্বরাষ্ট্র মন্ত্রণালয়ের সুরক্ষা সেবা বিভাগ, বহির্গমন-৩ শাখা এর সাথে যোগাযোগ করা যেতে পারে।"
দ্বৈত নাগরিকত্ব সার্টিফিকেটের বিষয়ে কোন কর্তৃপক্ষের সাথে কথা বলব?,whom_to_communicate_for_dual_citizenship_certificate,"এ বিষয়ে স্বরাষ্ট্র মন্ত্রণালয়ের সুরক্ষা সেবা বিভাগ, বহির্গমন-৩ শাখা এর সাথে যোগাযোগ করা যেতে পারে।"
দ্বৈত নাগরিকত্বের বিষয়ে কাদের কাছে যাবো?,whom_to_communicate_for_dual_citizenship_certificate,"এ বিষয়ে স্বরাষ্ট্র মন্ত্রণালয়ের সুরক্ষা সেবা বিভাগ, বহির্গমন-৩ শাখা এর সাথে যোগাযোগ করা যেতে পারে।"
আমি কি জাতীয় পরিচয়পত্রের জন্য স্মার্ট কার্ড করতে পারি?,wish_to_create_nid_smart_card_new,"services.nidw.gov.bd এই ওয়েব পোর্টালে """"নতুন নিবন্ধন"""" অপশনে গিয়ে রেজিষ্ট্রেশন করে লগইন করুন। এরপর নিবন্ধন ফরম পূরন করুন এবং এপয়েন্টমেন্ট অপশন থেকে এপয়েন্টমেন্ট নিন অথবা এসএমএস পাওয়া সাপেক্ষে প্রয়োজনীয় কাগজপত্রসহ সংশ্লিষ্ট থানা/উপজেলা নির্বাচন অফিসে গিয়ে ছবি ও বায়োমেট্রিক প্রদান করুন।"
এনআইডি স্মার্ট কার্ড করার জন্য করণীয়গুলো কী?,wish_to_create_nid_smart_card_new,"services.nidw.gov.bd এই ওয়েব পোর্টালে """"নতুন নিবন্ধন"""" অপশনে গিয়ে রেজিষ্ট্রেশন করে লগইন করুন। এরপর নিবন্ধন ফরম পূরন করুন এবং এপয়েন্টমেন্ট অপশন থেকে এপয়েন্টমেন্ট নিন অথবা এসএমএস পাওয়া সাপেক্ষে প্রয়োজনীয় কাগজপত্রসহ সংশ্লিষ্ট থানা/উপজেলা নির্বাচন অফিসে গিয়ে ছবি ও বায়োমেট্রিক প্রদান করুন।"
এনআইডি স্মার্ট কার্ডে কনভার্ট করতে কি পুরোনো কার্ড লাগবে?,wish_to_create_nid_smart_card_new,"services.nidw.gov.bd এই ওয়েব পোর্টালে """"নতুন নিবন্ধন"""" অপশনে গিয়ে রেজিষ্ট্রেশন করে লগইন করুন। এরপর নিবন্ধন ফরম পূরন করুন এবং এপয়েন্টমেন্ট অপশন থেকে এপয়েন্টমেন্ট নিন অথবা এসএমএস পাওয়া সাপেক্ষে প্রয়োজনীয় কাগজপত্রসহ সংশ্লিষ্ট থানা/উপজেলা নির্বাচন অফিসে গিয়ে ছবি ও বায়োমেট্রিক প্রদান করুন।"
জাতীয় পরিচয়পত্রের জন্য নতুন রেজিস্ট্রেশন কোথায় করা যায়?,wish_to_create_nid_smart_card_new,"services.nidw.gov.bd এই ওয়েব পোর্টালে """"নতুন নিবন্ধন"""" অপশনে গিয়ে রেজিষ্ট্রেশন করে লগইন করুন। এরপর নিবন্ধন ফরম পূরন করুন এবং এপয়েন্টমেন্ট অপশন থেকে এপয়েন্টমেন্ট নিন অথবা এসএমএস পাওয়া সাপেক্ষে প্রয়োজনীয় কাগজপত্রসহ সংশ্লিষ্ট থানা/উপজেলা নির্বাচন অফিসে গিয়ে ছবি ও বায়োমেট্রিক প্রদান করুন।"
ভোটার তালিকাভুক্তির জন্য ধাপে ধাপে কী করতে হবে?,wish_to_create_nid_smart_card_new,"services.nidw.gov.bd এই ওয়েব পোর্টালে """"নতুন নিবন্ধন"""" অপশনে গিয়ে রেজিষ্ট্রেশন করে লগইন করুন। এরপর নিবন্ধন ফরম পূরন করুন এবং এপয়েন্টমেন্ট অপশন থেকে এপয়েন্টমেন্ট নিন অথবা এসএমএস পাওয়া সাপেক্ষে প্রয়োজনীয় কাগজপত্রসহ সংশ্লিষ্ট থানা/উপজেলা নির্বাচন অফিসে গিয়ে ছবি ও বায়োমেট্রিক প্রদান করুন।"
ভোটার নিবন্ধন শেষ হলে কি এসএমএস দিয়ে ডাকবে?,wish_to_create_nid_smart_card_new,"services.nidw.gov.bd এই ওয়েব পোর্টালে """"নতুন নিবন্ধন"""" অপশনে গিয়ে রেজিষ্ট্রেশন করে লগইন করুন। এরপর নিবন্ধন ফরম পূরন করুন এবং এপয়েন্টমেন্ট অপশন থেকে এপয়েন্টমেন্ট নিন অথবা এসএমএস পাওয়া সাপেক্ষে প্রয়োজনীয় কাগজপত্রসহ সংশ্লিষ্ট থানা/উপজেলা নির্বাচন অফিসে গিয়ে ছবি ও বায়োমেট্রিক প্রদান করুন।"
ভোটার হওয়ার জন্য কোন কাগজপত্র আর কীভাবে আবেদন করতে হয়?,wish_to_create_nid_smart_card_new,"services.nidw.gov.bd এই ওয়েব পোর্টালে """"নতুন নিবন্ধন"""" অপশনে গিয়ে রেজিষ্ট্রেশন করে লগইন করুন। এরপর নিবন্ধন ফরম পূরন করুন এবং এপয়েন্টমেন্ট অপশন থেকে এপয়েন্টমেন্ট নিন অথবা এসএমএস পাওয়া সাপেক্ষে প্রয়োজনীয় কাগজপত্রসহ সংশ্লিষ্ট থানা/উপজেলা নির্বাচন অফিসে গিয়ে ছবি ও বায়োমেট্রিক প্রদান করুন।"
NID-এ জন্মতারিখ ভুল; সমর্থক দলিল নেই—সংশোধনের জন্য কীভাবে এগোবো?,birth_date_no_proof_model,আপনার এই প্রশ্নের উত্তরটি জানতে ৯ বাটন চেপে কল সেন্টার প্রতিনিধির সঙ্গে সরাসরি কথা বলুন।
"কার্ডে জন্মদিনের তারিখ ভুল রয়েছে, কোনো প্রমাণ নাই—সংশোধন কিভাবে?",birth_date_no_proof_model,আপনার এই প্রশ্নের উত্তরটি জানতে ৯ বাটন চেপে কল সেন্টার প্রতিনিধির সঙ্গে সরাসরি কথা বলুন।
"জন্ম নিবন্ধন সনদ নেই, কার্ডে জন্মতারিখ ভুল—কোন পথে সংশোধন করব?",birth_date_no_proof_model,আপনার এই প্রশ্নের উত্তরটি জানতে ৯ বাটন চেপে কল সেন্টার প্রতিনিধির সঙ্গে সরাসরি কথা বলুন।
"জাতীয় পরিচয়পত্রে DOB ভুল, কোনো প্রমাণ নেই—অভিযোগ বা আবেদন কীভাবে?",birth_date_no_proof_model,আপনার এই প্রশ্নের উত্তরটি জানতে ৯ বাটন চেপে কল সেন্টার প্রতিনিধির সঙ্গে সরাসরি কথা বলুন।
অনলাইন রেজিস্ট্রেশনের পর ফিজিক্যাল ফর্ম কোথায় জমা করব?,new_voter_registered_where_To_submit_the_downloaded_form,সংশ্লিষ্ট উপজেলা/থানা নির্বাচন অফিসে যোগাযোগ করুন।
ফর্ম এবং প্রয়োজনীয় দলিল কোথায় দাখিল করবো?,new_voter_registered_where_To_submit_the_downloaded_form,সংশ্লিষ্ট উপজেলা/থানা নির্বাচন অফিসে যোগাযোগ করুন।
ফর্ম ও প্রয়োজনীয় কাগজ কোথায় দিয়ে আসব?,new_voter_registered_where_To_submit_the_downloaded_form,সংশ্লিষ্ট উপজেলা/থানা নির্বাচন অফিসে যোগাযোগ করুন।
রেজিস্ট্রেশনের কাগজপত্র কোথায় সাবমিট করতে হয়?,new_voter_registered_where_To_submit_the_downloaded_form,সংশ্লিষ্ট উপজেলা/থানা নির্বাচন অফিসে যোগাযোগ করুন।
স্থায়ী ঠিকানা আপডেটের ফিস ফাইনাল কত?,permanent_address_change_fees,"আপনি যদি বর্তমান ঠিকানার ভোটার হয়ে থাকেন সেক্ষেত্রে স্থায়ী ঠিকানা পরিবর্তনের জন্য ১১৫ টাকা (ভ্যাটসহ) জমা দিতে হবে। কিন্তু আপনি যদি স্থায়ী ঠিকানার ভোটার হয়ে থাকেন তাহলে ভোটার স্থানান্তর ফর্ম-১৩ পূরণ পূর্বক মাইগ্রেশন আবেদন করতে হবে, সেক্ষেত্রে কোনো ফিস প্রদান করতে হয় না।"
স্থায়ী ঠিকানা বদলের ক্ষেত্রে চার্জ কতোটা?,permanent_address_change_fees,"আপনি যদি বর্তমান ঠিকানার ভোটার হয়ে থাকেন সেক্ষেত্রে স্থায়ী ঠিকানা পরিবর্তনের জন্য ১১৫ টাকা (ভ্যাটসহ) জমা দিতে হবে। কিন্তু আপনি যদি স্থায়ী ঠিকানার ভোটার হয়ে থাকেন তাহলে ভোটার স্থানান্তর ফর্ম-১৩ পূরণ পূর্বক মাইগ্রেশন আবেদন করতে হবে, সেক্ষেত্রে কোনো ফিস প্রদান করতে হয় না।"
NID correction-এ current address আপডেটের কাগজ লাগবে কী কী?,present_address_change_procedure,আপনার এই প্রশ্নের উত্তর জানতে ৯ বাটন চেপে কল সেন্টার প্রতিনিধির সঙ্গে সরাসরি কথা বলুন।
NID online সিস্টেমে present address পরিবর্তনের ধাপগুলো কী?,present_address_change_procedure,আপনার এই প্রশ্নের উত্তর জানতে ৯ বাটন চেপে কল সেন্টার প্রতিনিধির সঙ্গে সরাসরি কথা বলুন।
NID present address update করতে কী ফর্ম পূরণ করতে হয়?,present_address_change_procedure,আপনার এই প্রশ্নের উত্তর জানতে ৯ বাটন চেপে কল সেন্টার প্রতিনিধির সঙ্গে সরাসরি কথা বলুন।
NID কার্ডে present address change করতে কোথায় যেতে হবে?,present_address_change_procedure,আপনার এই প্রশ্নের উত্তর জানতে ৯ বাটন চেপে কল সেন্টার প্রতিনিধির সঙ্গে সরাসরি কথা বলুন।
NID-তে current address পরিবর্তনের জন্য nearest helpdesk কিভাবে জানবো?,present_address_change_procedure,আপনার এই প্রশ্নের উত্তর জানতে ৯ বাটন চেপে কল সেন্টার প্রতিনিধির সঙ্গে সরাসরি কথা বলুন।
NID-তে present address change করে কিভাবে নতুন কার্ড পাবো?,present_address_change_procedure,আপনার এই প্রশ্নের উত্তর জানতে ৯ বাটন চেপে কল সেন্টার প্রতিনিধির সঙ্গে সরাসরি কথা বলুন।
NID-তে present address update করতে কি পুলিশ ভেরিফিকেশন লাগে?,present_address_change_procedure,আপনার এই প্রশ্নের উত্তর জানতে ৯ বাটন চেপে কল সেন্টার প্রতিনিধির সঙ্গে সরাসরি কথা বলুন।
এনআইডি কার্ডে current address update করতে কাকে কল করবো?,present_address_change_procedure,আপনার এই প্রশ্নের উত্তর জানতে ৯ বাটন চেপে কল সেন্টার প্রতিনিধির সঙ্গে সরাসরি কথা বলুন।
এনআইডি কার্ডে প্রেজেন্ট ঠিকানা সংশোধন করতে কোন অফিসে যেতে হয়?,present_address_change_procedure,আপনার এই প্রশ্নের উত্তর জানতে ৯ বাটন চেপে কল সেন্টার প্রতিনিধির সঙ্গে সরাসরি কথা বলুন।
এনআইডিতে চলতি ঠিকানা আপডেট করার জন্য nearest center-এ কি যাবে?,present_address_change_procedure,আপনার এই প্রশ্নের উত্তর জানতে ৯ বাটন চেপে কল সেন্টার প্রতিনিধির সঙ্গে সরাসরি কথা বলুন।
এনআইডিতে বর্তমান আবাসিক ঠিকানা পরিবর্তনের জন্য আবেদন কেমন করে করব?,present_address_change_procedure,আপনার এই প্রশ্নের উত্তর জানতে ৯ বাটন চেপে কল সেন্টার প্রতিনিধির সঙ্গে সরাসরি কথা বলুন।
এনআইডিতে বর্তমান ঠিকানা আপডেট করার জন্য কি আগের কার্ড জমা রাখতে হবে?,present_address_change_procedure,আপনার এই প্রশ্নের উত্তর জানতে ৯ বাটন চেপে কল সেন্টার প্রতিনিধির সঙ্গে সরাসরি কথা বলুন।
এনআইডিতে বর্তমান ঠিকানা সংশোধনী আবেদন কীভাবে জমা দেব?,present_address_change_procedure,আপনার এই প্রশ্নের উত্তর জানতে ৯ বাটন চেপে কল সেন্টার প্রতিনিধির সঙ্গে সরাসরি কথা বলুন।
এনআইডির current address বদলাতে কোন কাগজপত্র লাগবে?,present_address_change_procedure,আপনার এই প্রশ্নের উত্তর জানতে ৯ বাটন চেপে কল সেন্টার প্রতিনিধির সঙ্গে সরাসরি কথা বলুন।
এনআইডির current address ভুল থাকলে ভোটার লিস্টে সমস্যা হবে কি?,present_address_change_procedure,আপনার এই প্রশ্নের উত্তর জানতে ৯ বাটন চেপে কল সেন্টার প্রতিনিধির সঙ্গে সরাসরি কথা বলুন।
এনআইডির present address ঠিক করতে কি টোকেন আগে নিতে হয়?,present_address_change_procedure,আপনার এই প্রশ্নের উত্তর জানতে ৯ বাটন চেপে কল সেন্টার প্রতিনিধির সঙ্গে সরাসরি কথা বলুন।
এনআইডির present address ভুল থাকলে কিভাবে rectify করবো?,present_address_change_procedure,আপনার এই প্রশ্নের উত্তর জানতে ৯ বাটন চেপে কল সেন্টার প্রতিনিধির সঙ্গে সরাসরি কথা বলুন।
এনআইডির বর্তমান ঠিকানা update করতে কি আগের ঠিকানার বিল দিতে হবে?,present_address_change_procedure,আপনার এই প্রশ্নের উত্তর জানতে ৯ বাটন চেপে কল সেন্টার প্রতিনিধির সঙ্গে সরাসরি কথা বলুন।
জাতীয় আইডি কার্ডে প্রেজেন্ট অ্যাড্রেস এডিট করার উপায় কী?,present_address_change_procedure,আপনার এই প্রশ্নের উত্তর জানতে ৯ বাটন চেপে কল সেন্টার প্রতিনিধির সঙ্গে সরাসরি কথা বলুন।
জাতীয় পরিচয়পত্রে current address আপডেটের আবেদন কতবার করা যায়?,present_address_change_procedure,আপনার এই প্রশ্নের উত্তর জানতে ৯ বাটন চেপে কল সেন্টার প্রতিনিধির সঙ্গে সরাসরি কথা বলুন।
জাতীয় পরিচয়পত্রে present address পরিবর্তন করতে কত সময় লাগতে পারে?,present_address_change_procedure,আপনার এই প্রশ্নের উত্তর জানতে ৯ বাটন চেপে কল সেন্টার প্রতিনিধির সঙ্গে সরাসরি কথা বলুন।
জাতীয় পরিচয়পত্রে প্রেজেন্ট ঠিকানা পরিবর্তনের জন্য অ্যাপয়েন্টমেন্ট লাগে কি?,present_address_change_procedure,আপনার এই প্রশ্নের উত্তর জানতে ৯ বাটন চেপে কল সেন্টার প্রতিনিধির সঙ্গে সরাসরি কথা বলুন।
জাতীয় পরিচয়পত্রে বর্তমান ঠিকানা আপডেট করা কি অনলাইনে হয় নাকি অফলাইনে?,present_address_change_procedure,আপনার এই প্রশ্নের উত্তর জানতে ৯ বাটন চেপে কল সেন্টার প্রতিনিধির সঙ্গে সরাসরি কথা বলুন।
জাতীয় পরিচয়পত্রে বর্তমান ঠিকানা আপডেটের আবেদন ট্র্যাক করবো কীভাবে?,present_address_change_procedure,আপনার এই প্রশ্নের উত্তর জানতে ৯ বাটন চেপে কল সেন্টার প্রতিনিধির সঙ্গে সরাসরি কথা বলুন।
জাতীয় পরিচয়পত্রে বর্তমান ঠিকানা ঠিক করার সহজ পদ্ধতি কী?,present_address_change_procedure,আপনার এই প্রশ্নের উত্তর জানতে ৯ বাটন চেপে কল সেন্টার প্রতিনিধির সঙ্গে সরাসরি কথা বলুন।
জাতীয় পরিচয়পত্রে বর্তমান ঠিকানা বদলে দিতে পারবেন কীভাবে জানাবেন?,present_address_change_procedure,আপনার এই প্রশ্নের উত্তর জানতে ৯ বাটন চেপে কল সেন্টার প্রতিনিধির সঙ্গে সরাসরি কথা বলুন।
জাতীয় পরিচয়পত্রে বর্তমান ঠিকানা সংশোধনের জন্য হেল্পলাইন আছে কি?,present_address_change_procedure,আপনার এই প্রশ্নের উত্তর জানতে ৯ বাটন চেপে কল সেন্টার প্রতিনিধির সঙ্গে সরাসরি কথা বলুন।
জাতীয় পরিচয়পত্রের current address কিভাবে change request দেব?,present_address_change_procedure,আপনার এই প্রশ্নের উত্তর জানতে ৯ বাটন চেপে কল সেন্টার প্রতিনিধির সঙ্গে সরাসরি কথা বলুন।
জাতীয় পরিচয়পত্রের present address আপডেট কবে থেকে কার্যকর ধরা হয়?,present_address_change_procedure,আপনার এই প্রশ্নের উত্তর জানতে ৯ বাটন চেপে কল সেন্টার প্রতিনিধির সঙ্গে সরাসরি কথা বলুন।
জাতীয় পরিচয়ে present address update-এর জন্য কোন আইডি প্রুফ মানবে?,present_address_change_procedure,আপনার এই প্রশ্নের উত্তর জানতে ৯ বাটন চেপে কল সেন্টার প্রতিনিধির সঙ্গে সরাসরি কথা বলুন।
জাতীয় পরিচয়ে present address পরিবর্তনের সময় কি NID নম্বর লাগবে?,present_address_change_procedure,আপনার এই প্রশ্নের উত্তর জানতে ৯ বাটন চেপে কল সেন্টার প্রতিনিধির সঙ্গে সরাসরি কথা বলুন।
জাতীয় পরিচয়ে present address বদলের জন্য কেমন ফি নিতে পারে?,present_address_change_procedure,আপনার এই প্রশ্নের উত্তর জানতে ৯ বাটন চেপে কল সেন্টার প্রতিনিধির সঙ্গে সরাসরি কথা বলুন।
জাতীয় পরিচয়ে নতুন বাসার present address যোগ করতে কোন প্রক্রিয়া?,present_address_change_procedure,আপনার এই প্রশ্নের উত্তর জানতে ৯ বাটন চেপে কল সেন্টার প্রতিনিধির সঙ্গে সরাসরি কথা বলুন।
নির্বাচন অফিসে গিয়ে present address পরিবর্তন করতে কী প্রক্রিয়া?,present_address_change_procedure,আপনার এই প্রশ্নের উত্তর জানতে ৯ বাটন চেপে কল সেন্টার প্রতিনিধির সঙ্গে সরাসরি কথা বলুন।
বর্তমান ঠিকানা আপডেটের জন্য কোন কোন ডকুমেন্ট দরকার হয়?,present_address_change_procedure,আপনার এই প্রশ্নের উত্তর জানতে ৯ বাটন চেপে কল সেন্টার প্রতিনিধির সঙ্গে সরাসরি কথা বলুন।
"ভোটার নিবন্ধনের অনলাইন আবেদনে ভুল, সাবমিট-পরবর্তী রিড্রেস কী?",wrong_information_in_online_application_what_to_do,সংশ্লিষ্ট নির্বাচন অফিস থেকে আপনার আবেদনটি বাতিল করে পুনরায় সঠিক তথ্য দিয়ে নিবন্ধন সম্পন্ন করুন।
সাবমিট করা আবেদন কি বাতিল করে আবার করা যায়?,wrong_information_in_online_application_what_to_do,সংশ্লিষ্ট নির্বাচন অফিস থেকে আপনার আবেদনটি বাতিল করে পুনরায় সঠিক তথ্য দিয়ে নিবন্ধন সম্পন্ন করুন।
লগইনে pass ভুল দেখালে কিভাবে ঠিক করবো?,wrong_password_in_registration,"যদি ইউজার আইডি ও পাসওয়ার্ড ভুলে গিয়ে থাকেন তাহলে, “পাসওয়ার্ড ভুলে গেলে” বাটনে ক্লিক করে প্রয়োজনীয় নির্দেশনা অনুসরন করুন।"
"এনআইডিতে স্বামীকে মৃত দেখানো হয়েছে, সংশোধনের জন্য কোন কোন ডকুমেন্ট লাগবে?",wrongly_dead_declared,পিতা/মাতা/স্বামী/স্ত্রী’র এনআইডি দাখিলপূর্বক অনলাইনে সংশোধনের আবেদন করুন।
Present address আপডেটের আবেদন করেছিলাম; ফলাফলে permanent address-এ চেঞ্জ। করণীয়?,abroad_address_correction_not_possible,আপনি সম্ভবত স্থায়ী ঠিকানার ভোটার। এক্ষেত্রে আপনাকে  উপজেলা/ থানা নির্বাচন অফিসারের নিকট বর্তমান ঠিকানায় ভোটার হওয়ার আবেদন করতে হবে। এর পর পুনরায় ঠিকানা পরিবর্তনের ব্যবস্থা গ্রহণ করতে হবে।
অস্থায়ী ঠিকানা ঠিক করতে গিয়ে স্থায়ী নিবাসের তথ্য পরিবর্তন করেছে। এখন কী করতে হবে?,abroad_address_correction_not_possible,আপনি সম্ভবত স্থায়ী ঠিকানার ভোটার। এক্ষেত্রে আপনাকে  উপজেলা/ থানা নির্বাচন অফিসারের নিকট বর্তমান ঠিকানায় ভোটার হওয়ার আবেদন করতে হবে। এর পর পুনরায় ঠিকানা পরিবর্তনের ব্যবস্থা গ্রহণ করতে হবে।
NID-এ এখনকার ঠিকানা পরিবর্তন করতে গিয়ে স্থায়ী ঠিকানা চেঞ্জ হয়েছে। করণীয় কী?,abroad_address_correction_not_possible,আপনি সম্ভবত স্থায়ী ঠিকানার ভোটার। এক্ষেত্রে আপনাকে  উপজেলা/ থানা নির্বাচন অফিসারের নিকট বর্তমান ঠিকানায় ভোটার হওয়ার আবেদন করতে হবে। এর পর পুনরায় ঠিকানা পরিবর্তনের ব্যবস্থা গ্রহণ করতে হবে।
এনআইডির ঠিকানা ভুলে ব্যাংকের eKYC আটকে—এখন কী?,abroad_correction_impossible_explanation,স্থায়ী ঠিকানায় ভুল থাকলে ভেরিফিকেশনে ভুল তথ্য প্রদর্শন করবে। সেক্ষেত্রে অনলাইনে আবেদন করে সংশোধন করে নেওয়া প্রয়োজন।
স্থায়ী ঠিকানা ভুল থাকলে সব অনলাইন যাচাইয়ের আগে কি সংশোধন আবেদন করা উচিত?,abroad_correction_impossible_explanation,স্থায়ী ঠিকানায় ভুল থাকলে ভেরিফিকেশনে ভুল তথ্য প্রদর্শন করবে। সেক্ষেত্রে অনলাইনে আবেদন করে সংশোধন করে নেওয়া প্রয়োজন।
ভোটার ঠিকানা পরিবর্তন করেছি—নতুন স্মার্ট কার্ড কি বরাদ্দ হবে?,abroad_current_address_issue,"না, ভোটার এলাকা স্থানান্তর করা হয়ে থাকলে কোন প্রকার কার্ড প্রদান করা হয় না।"
এরিয়া চেঞ্জ করলে স্মার্ট এনআইডি কি আবার তৈরি করা হয়?,abroad_current_address_issue,"না, ভোটার এলাকা স্থানান্তর করা হয়ে থাকলে কোন প্রকার কার্ড প্রদান করা হয় না।"
ঠিকানা স্থানান্তরের পর কি নতুন স্মার্ট কার্ড নিতে পারি?,abroad_current_address_issue,"না, ভোটার এলাকা স্থানান্তর করা হয়ে থাকলে কোন প্রকার কার্ড প্রদান করা হয় না।"
ঠিকানা স্থানান্তরের ফলে কি স্মার্ট কার্ড হালনাগাদ হয়ে আসে?,abroad_current_address_issue,"না, ভোটার এলাকা স্থানান্তর করা হয়ে থাকলে কোন প্রকার কার্ড প্রদান করা হয় না।"
ঠিকানা স্থানান্তরের পর কি নতুন কার্ড পাবার প্রক্রিয়া আছে?,abroad_current_address_issue,"না, ভোটার এলাকা স্থানান্তর করা হয়ে থাকলে কোন প্রকার কার্ড প্রদান করা হয় না।"
ঠিকানা বদলালে কি ইসি নতুন স্মার্ট কার্ড সরবরাহ করে?,abroad_current_address_issue,"না, ভোটার এলাকা স্থানান্তর করা হয়ে থাকলে কোন প্রকার কার্ড প্রদান করা হয় না।"
ভোটার ঠিকানা বদলালে স্মার্ট কার্ড কি অটোমেটিক পরিবর্তন হয়ে আসে?,abroad_current_address_issue,"না, ভোটার এলাকা স্থানান্তর করা হয়ে থাকলে কোন প্রকার কার্ড প্রদান করা হয় না।"
ঠিকানা বদলানোর পর স্মার্ট কার্ড কি রি-ইস্যু করা হয়?,abroad_current_address_issue,"না, ভোটার এলাকা স্থানান্তর করা হয়ে থাকলে কোন প্রকার কার্ড প্রদান করা হয় না।"
ভোটার ঠিকানা পরিবর্তনের পরে আগের এলাকায় নামটা কাটে কি?,abroad_france_spain_registration_unavailable,ভোটার ঠিকানা পরিবর্তন করলে পরিবর্তীত ভোটার এলাকায় নাম সংযোজন হয় ও পূর্বের তালিকায় নাম কর্তন হয়ে থাকে।
ভোটার তালিকা মাইগ্রেশনে পুরনো এন্ট্রি কি নিষ্ক্রিয় করে দেওয়া হয়?,abroad_france_spain_registration_unavailable,ভোটার ঠিকানা পরিবর্তন করলে পরিবর্তীত ভোটার এলাকায় নাম সংযোজন হয় ও পূর্বের তালিকায় নাম কর্তন হয়ে থাকে।
"বিদেশে থাকা নাগরিকদের স্মার্টকার্ড বিতরণে ঢিলেঢালা ভাব কেন, দ্রুততার উপায় কী?",abroad_illegal_resident_nid,"বাংলাদেশ নির্বাচন কমিশন দ্রুততম সময়ে নাগরিকদের ভোটার নিবন্ধন কার্যক্রম পরিচালনা করে আসছে। আবেদন করার সময় দেশের স্থায়ী ঠিকানা সঠিকভাবে লিখুন এবং পিতা, মাতা, ভাই বোনের একজনের মোবাইল নম্বর উল্লেখ করুন, যাতে উপজেলা নির্বাচন অফিসার তার সাথে যোগাযোগ করে আপনার পক্ষে তদন্ত রিপোর্ট প্রদান করতে পারে।"
বিদেশপ্রবাসীদের আবেদন তদন্ত না হওয়ায় কি স্মার্টকার্ড ইস্যু আটকে থাকে?,abroad_illegal_resident_nid,"বাংলাদেশ নির্বাচন কমিশন দ্রুততম সময়ে নাগরিকদের ভোটার নিবন্ধন কার্যক্রম পরিচালনা করে আসছে। আবেদন করার সময় দেশের স্থায়ী ঠিকানা সঠিকভাবে লিখুন এবং পিতা, মাতা, ভাই বোনের একজনের মোবাইল নম্বর উল্লেখ করুন, যাতে উপজেলা নির্বাচন অফিসার তার সাথে যোগাযোগ করে আপনার পক্ষে তদন্ত রিপোর্ট প্রদান করতে পারে।"
বিদেশে থাকা নাগরিকের আবেদন দ্রুত সম্পন্ন করতে কী অতিরিক্ত তথ্য দরকার?,abroad_illegal_resident_nid,"বাংলাদেশ নির্বাচন কমিশন দ্রুততম সময়ে নাগরিকদের ভোটার নিবন্ধন কার্যক্রম পরিচালনা করে আসছে। আবেদন করার সময় দেশের স্থায়ী ঠিকানা সঠিকভাবে লিখুন এবং পিতা, মাতা, ভাই বোনের একজনের মোবাইল নম্বর উল্লেখ করুন, যাতে উপজেলা নির্বাচন অফিসার তার সাথে যোগাযোগ করে আপনার পক্ষে তদন্ত রিপোর্ট প্রদান করতে পারে।"
বিদেশপ্রবাসীদের স্মার্টকার্ড সংশোধনের পরও হাতে পেতে দেরি—কেন এমন হচ্ছে?,abroad_illegal_resident_nid,"বাংলাদেশ নির্বাচন কমিশন দ্রুততম সময়ে নাগরিকদের ভোটার নিবন্ধন কার্যক্রম পরিচালনা করে আসছে। আবেদন করার সময় দেশের স্থায়ী ঠিকানা সঠিকভাবে লিখুন এবং পিতা, মাতা, ভাই বোনের একজনের মোবাইল নম্বর উল্লেখ করুন, যাতে উপজেলা নির্বাচন অফিসার তার সাথে যোগাযোগ করে আপনার পক্ষে তদন্ত রিপোর্ট প্রদান করতে পারে।"
জন্ম সনদ ও পাসপোর্টে DOB গরমিল—প্রবাসী ভোটার আবেদন গ্রহণ করবে কি?,abroad_investigation_not_positive,একই তথ্য বিভিন্ন দলিলে ভিন্ন হলে  রেজিস্ট্রেশন অফিসার যাচাইপূর্বক ব্যক্তির নিবন্ধনের উপযুক্ততা নির্ধারণ করবেন।
ঠিকানা যাচাই করতে হলে সবচেয়ে নির্ভরযোগ্য প্রমাণ কী?,abroad_processing_delay_complaint,এনআইডি ভেরিফাইড কপি সংগ্রহ করে নিতে পারেন।
এনআইডির ডাটাবেজে ঠিকানা ভুল—এখন সমাধান কী?,abroad_remittance_warrior_label_request,ঠিকানা সংশোধনের জন্য আবেনদন করতে হবে।
স্থায়ী ঠিকানা সংশোধনের জন্য অনলাইনে কীভাবে আবেদন করব?,abroad_remittance_warrior_label_request,ঠিকানা সংশোধনের জন্য আবেনদন করতে হবে।
NID ঠিকানা করেকশন প্রসেস শুরু করতে কী দরকার?,abroad_remittance_warrior_label_request,ঠিকানা সংশোধনের জন্য আবেনদন করতে হবে।
এনআইডিতে ঠিকানা সংশোধন করতে সরাসরি কী করতে হয়?,abroad_remittance_warrior_label_request,ঠিকানা সংশোধনের জন্য আবেনদন করতে হবে।
এনআইডির ঠিকানা ঠিক করতে নির্বাচন অফিসে কী আবেদন করতে হয়?,abroad_remittance_warrior_label_request,ঠিকানা সংশোধনের জন্য আবেনদন করতে হবে।
এনআইডিতে ঠিকানা পরিবর্তন সম্ভব—এর জন্য আবেদন করতে হবে কি?,abroad_remittance_warrior_label_request,ঠিকানা সংশোধনের জন্য আবেনদন করতে হবে।
ভোটার আইডিতে ঠিকানা টালবাহানা—কীভাবে সমাধান?,abroad_remittance_warrior_label_request,ঠিকানা সংশোধনের জন্য আবেনদন করতে হবে।
স্থায়ী ঠিকানা পরিবর্তনের জন্য ইসির কাছে কি আবেদন লাগবে?,abroad_remittance_warrior_label_request,ঠিকানা সংশোধনের জন্য আবেনদন করতে হবে।
ভোটার নিবন্ধনে ঠিকানা ভুল—সংশোধনের জন্য কী প্রক্রিয়া?,abroad_remittance_warrior_label_request,ঠিকানা সংশোধনের জন্য আবেনদন করতে হবে।
পার্মানেন্ট ঠিকানা আপডেট দরকার—কী করব?,abroad_remittance_warrior_label_request,ঠিকানা সংশোধনের জন্য আবেনদন করতে হবে।
এনআইডিতে অন্যের স্থায়ী ঠিকানা উঠে এসেছে—সমাধানের উপায়?,abroad_remittance_warrior_label_request,ঠিকানা সংশোধনের জন্য আবেনদন করতে হবে।
এনআইডির ঠিকানা ভুল—এটা ঠিক করার অনুমোদিত উপায় কী?,abroad_remittance_warrior_label_request,ঠিকানা সংশোধনের জন্য আবেনদন করতে হবে।
জাতীয় পরিচয়পত্রে ভুল স্থায়ী ঠিকানা কেমন করে ঠিক করব?,abroad_remittance_warrior_label_request,ঠিকানা সংশোধনের জন্য আবেনদন করতে হবে।
ভোটার আইডিতে ঠিকানা বদলাতে চাই—কী করতে হবে?,abroad_remittance_warrior_label_request,ঠিকানা সংশোধনের জন্য আবেনদন করতে হবে।
নরওয়েতে ভোটার নিবন্ধীকরণ কার্যক্রম এখনো শুরু হয়নি কেন?,abroad_smart_card_collection_return,বাংলাদেশ নির্বাচন কমিশন কর্তৃক ধাপে ধাপে বিভিন্ন দেশে প্রবাসী বাংলাদেশী নাগরিকগণের ভোটার নিবন্ধন কার্যক্রম পরিচালনা করছে। উল্লেখিত দেশে এখনো নিবন্ধন কার্যক্রম শুরু না হওয়ায় আমরা আন্তরিকভাবে দুঃখিত। আশা করি খুব শিঘ্রই শুরু হবে। ধন্যবাদ।
ওমানে বাংলাদেশি নাগরিকদের ভোটার নিবন্ধন শুরু না হওয়ার পেছনে কী প্রতিবন্ধকতা?,abroad_smart_card_collection_return,বাংলাদেশ নির্বাচন কমিশন কর্তৃক ধাপে ধাপে বিভিন্ন দেশে প্রবাসী বাংলাদেশী নাগরিকগণের ভোটার নিবন্ধন কার্যক্রম পরিচালনা করছে। উল্লেখিত দেশে এখনো নিবন্ধন কার্যক্রম শুরু না হওয়ায় আমরা আন্তরিকভাবে দুঃখিত। আশা করি খুব শিঘ্রই শুরু হবে। ধন্যবাদ।
আবেদন প্রত্যাখ্যানের পর অফিস নোটে কী বলা থাকে তা কি দেখতে হবে?,abroad_smart_card_priority_request,নোটে উল্লেখিত বিষয় বিবেচনা করতে হবে। অথবা প্রয়োজনীয় দলিলাদি সহ পুনরায় আবেদন করতে হবে।
আবেদন বাতিল হলে কি সঙ্গে সঙ্গে পুনরায় আবেদন করা যায়?,abroad_smart_card_priority_request,নোটে উল্লেখিত বিষয় বিবেচনা করতে হবে। অথবা প্রয়োজনীয় দলিলাদি সহ পুনরায় আবেদন করতে হবে।
জাতীয় পরিচয়পত্র নম্বরের ডিজিট রেঞ্জ কী?,account_unlock_urgent_before_eight_hours,"১০ অংকের, ১৩ অংকের ও ১৭ অংকের হয়ে থাকে।"
পারমানেন্ট ঠিকানার সংশোধনী করার পর প্রেজেন্ট ঠিকানা পরিবর্তিত—এটা কি হওয়ার কথা?,address_change_download_option,দুঃখিত। স্থায়ী ঠিকনা সংশোধনের আবেদন করলে বর্তমান ঠিকানার পরিবর্তন হওয়ার সুযোগ নেই।
স্থায়ী ঠিকানায় সংশোধন আনতে গিয়ে কেন বর্তমান ঠিকানা পরিবর্তন দেখাচ্ছে?,address_change_download_option,দুঃখিত। স্থায়ী ঠিকনা সংশোধনের আবেদন করলে বর্তমান ঠিকানার পরিবর্তন হওয়ার সুযোগ নেই।
"স্ত্রী যদি জমির নামজারী করে থাকেন, NID ঠিকানা বদলে কোন কোন কাগজ জমা দিতে হবে?",address_change_multiple_marriages,"স্ত্রীর নামীয় দলিলাদি, জমির নামজারীর কাগজ এ অন্যান্য দলিলাদি সংযুক্ত করুন।"
ভোটার এলাকা বদল—কার্ডে পুরনো ঠিকানা থাকলে সেটি কোন অফিসে জমা থাকে?,address_change_nid_locked_issue,আপনার স্থানান্তর প্রক্রিয়া সম্পন্ন হওয়ার পূর্বে স্মার্ট কার্ডের মুদ্রণ হয়ে থাকলে পূর্বের ঠিকানা সম্বলিত স্মার্ট কার্ড পাবেন। এবং সেটি পূর্বের উপজেলা নির্বাচন অফিস থেকে সংগ্রহ করতে হবে।
ভোটার তালিকায় ঠিকানা আপডেট করতে চাই; ডকুমেন্টস ছাড়া কি সম্ভব?,address_change_old_card_usage,দুঃখিত প্রয়োজনীয় দলিলাদি ব্যতীত তথ্য সংশোধন সম্ভব নয়।
ভোটার এলাকা পরিবর্তনের আবেদন করতে গেলে কোন কোন কাগজ বাধ্যতামূলক?,address_change_old_card_usage,দুঃখিত প্রয়োজনীয় দলিলাদি ব্যতীত তথ্য সংশোধন সম্ভব নয়।
ভোটার ঠিকানা পরিবর্তনে ন্যূনতম কোন প্রমাণপত্র দেখাতে হয়?,address_change_old_card_usage,দুঃখিত প্রয়োজনীয় দলিলাদি ব্যতীত তথ্য সংশোধন সম্ভব নয়।
এলাকা পরিবর্তনের আবেদন সংখ্যাটি কি পরিস্থিতি বুঝে নির্ধারিত হয়?,address_change_reversal_procedure,প্রয়োজনীয়তার উপর নির্ভর করে।
ভোটার নিবন্ধনের সময় বিদেশে থাকা ব্যক্তির ঠিকানা কীভাবে লিপিবদ্ধ হয়?,address_change_which_office,ব্যক্তি বাংলাদেশে বসবাসরত বর্তমান ও স্থায়ী ঠিকানা উল্লেখ করবেন। প্রবাসী ভোটারের ক্ষেত্রে বিদেশে অবস্থানরত ঠিকানা সংযোজনের সুযোগ আছে। তবে সেটি ডাটাবেজে থাকে এনআইডিতে প্রদর্শিত হয়।
বিদেশে থাকা অবস্থায় কি কেবল স্থায়ী ঠিকানাই এনআইডিতে থাকে?,address_change_which_office,ব্যক্তি বাংলাদেশে বসবাসরত বর্তমান ও স্থায়ী ঠিকানা উল্লেখ করবেন। প্রবাসী ভোটারের ক্ষেত্রে বিদেশে অবস্থানরত ঠিকানা সংযোজনের সুযোগ আছে। তবে সেটি ডাটাবেজে থাকে এনআইডিতে প্রদর্শিত হয়।
বিদেশে থাকা অবস্থায় বাংলাদেশি বর্তমান ঠিকানা নেই—ফরমে কী করবো?,address_change_which_office,ব্যক্তি বাংলাদেশে বসবাসরত বর্তমান ও স্থায়ী ঠিকানা উল্লেখ করবেন। প্রবাসী ভোটারের ক্ষেত্রে বিদেশে অবস্থানরত ঠিকানা সংযোজনের সুযোগ আছে। তবে সেটি ডাটাবেজে থাকে এনআইডিতে প্রদর্শিত হয়।
ব্যাংকিং কাজে বায়োমেট্রিক যাচাই না হওয়ায় আটকে গেছে—এখন কী করতে হবে?,address_field_not_showing,সংশ্লিষ্ট উপজেলা নির্বাচন অফিসে গিয়ে ফিঙ্গারপ্রিন্ট আপডেটের জন্য আবেদন করুন।
সিম রেজিস্ট্রেশনের সময় বায়োমেট্রিক মিলে না—অফিসিয়াল সমাধান কোথায় পাওয়া যাবে?,address_field_not_showing,সংশ্লিষ্ট উপজেলা নির্বাচন অফিসে গিয়ে ফিঙ্গারপ্রিন্ট আপডেটের জন্য আবেদন করুন।
বায়োমেট্রিক যাচাইয়ে আঙুলের ছাপ না মেললে অফিসিয়ালি কীভাবে ফিক্স করবো?,address_field_not_showing,সংশ্লিষ্ট উপজেলা নির্বাচন অফিসে গিয়ে ফিঙ্গারপ্রিন্ট আপডেটের জন্য আবেদন করুন।
সিম রেজিস্ট্রেশনে ফিঙ্গারপ্রিন্ট কাজ করছে না—কার কাছে যাওয়া উচিত?,address_field_not_showing,সংশ্লিষ্ট উপজেলা নির্বাচন অফিসে গিয়ে ফিঙ্গারপ্রিন্ট আপডেটের জন্য আবেদন করুন।
ব্যাংকে বায়োমেট্রিক ভেরিফিকেশন হচ্ছে না—এখন কীভাবে ঠিক করবো?,address_field_not_showing,সংশ্লিষ্ট উপজেলা নির্বাচন অফিসে গিয়ে ফিঙ্গারপ্রিন্ট আপডেটের জন্য আবেদন করুন।
"ব্যাংকে ভেরিফাই হতে দিচ্ছে না, ফিঙ্গারপ্রিন্ট ইস্যু—কিভাবে রিজলভ করবো?",address_field_not_showing,সংশ্লিষ্ট উপজেলা নির্বাচন অফিসে গিয়ে ফিঙ্গারপ্রিন্ট আপডেটের জন্য আবেদন করুন।
এনআইডি অ্যাড্রেস আপডেটের পর কার্ড ডাউনলোড করতে হয় কি?,address_wrong_permanent_showing,স্থায়ী ঠিকানা পরিবর্তন অনুমোদন হলে কার্ড ডাউনলোড এর প্রয়োজনীয়তা নাই।
"ঠিকানা বদলের পর অনলাইন কার্ড ডাউনলোড অপশন কোথায়, নাকি থাকে না?",address_wrong_permanent_showing,স্থায়ী ঠিকানা পরিবর্তন অনুমোদন হলে কার্ড ডাউনলোড এর প্রয়োজনীয়তা নাই।
স্থায়ী ঠিকানা আপডেটের পর অনলাইন কপি আর পাওয়া যায় না—কেন?,address_wrong_permanent_showing,স্থায়ী ঠিকানা পরিবর্তন অনুমোদন হলে কার্ড ডাউনলোড এর প্রয়োজনীয়তা নাই।
"স্থায়ী ঠিকানা পরিবর্তন হয়ে গেছে; কার্ড ডাউনলোড কিভাবে, নাকি লাগে না?",address_wrong_permanent_showing,স্থায়ী ঠিকানা পরিবর্তন অনুমোদন হলে কার্ড ডাউনলোড এর প্রয়োজনীয়তা নাই।
ভোটার আইডি ডাউনলোড অপশন ঠিকানা আপডেটের পর কেন অনুপস্থিত?,address_wrong_permanent_showing,স্থায়ী ঠিকানা পরিবর্তন অনুমোদন হলে কার্ড ডাউনলোড এর প্রয়োজনীয়তা নাই।
ঠিকানা পরিবর্তনের পর অনলাইন কপি না পেয়ে কি কিছু করা দরকার?,address_wrong_permanent_showing,স্থায়ী ঠিকানা পরিবর্তন অনুমোদন হলে কার্ড ডাউনলোড এর প্রয়োজনীয়তা নাই।
"স্থায়ী ঠিকানা বদল—অনলাইনে কার্ড পাওয়া যাবে, নাকি লাগে না?",address_wrong_permanent_showing,স্থায়ী ঠিকানা পরিবর্তন অনুমোদন হলে কার্ড ডাউনলোড এর প্রয়োজনীয়তা নাই।
ঠিকানা পরিবর্তনের পর eNID ডাউনলোড ফিচার থাকে না—কেন?,address_wrong_permanent_showing,স্থায়ী ঠিকানা পরিবর্তন অনুমোদন হলে কার্ড ডাউনলোড এর প্রয়োজনীয়তা নাই।
এনআইডি পোর্টালে সাবমিট করা রিকোয়েস্ট কীভাবে ড্রপ করা যায়—কোনো উপায় আছে?,correction_application_portal_cancellation_impossible,"দুঃখিত স্যার, এরূপ আবেদন এনআইডি পোর্টাল থেকে বাতিল করা সম্ভব নয়। আবেদনটি বাতিল করতে ক্যাটাগরি অনুযায়ী দায়িত্বপ্রাপ্ত কর্মকর্তার কাছে আপনার স্বাক্ষর ও মোবাইল নম্বরসহ লিখিত আবেদন করতে হবে।"
আমি কি NID online services থেকে আমার correction application বাতিল করতে পারব?,correction_application_portal_cancellation_impossible,"দুঃখিত স্যার, এরূপ আবেদন এনআইডি পোর্টাল থেকে বাতিল করা সম্ভব নয়। আবেদনটি বাতিল করতে ক্যাটাগরি অনুযায়ী দায়িত্বপ্রাপ্ত কর্মকর্তার কাছে আপনার স্বাক্ষর ও মোবাইল নম্বরসহ লিখিত আবেদন করতে হবে।"
NID correction status পোর্টালে দেখায় না। আপডেট জানার জন্য কী করবো? আমার অ্যাকাউন্টে কি দেখা যাবে?,correction_application_status_not_showing,এনআইডি সংশোধন সম্পর্কিত আপডেট আপনার মোবাইলে মেসেজের মাধ্যমে পাঠানো হবে। এবং সংশোধন সম্পন্ন হবার পর সংশোধিত তথ্য আপনার একাউন্টে লগইন করে দেখতে পারবেন।
ভোটার কার্ড ফি ভুল NID তে গিয়েছে; কিভাবে আমার NID এ আনা যায়?,correction_wrong_nid_payment_no_refund,এনআইডি সংশোধনের জন্য জমাকৃত ফি ফেরত দেওয়ার কোনো বিধান নেই। পরবর্তীতে যেকোনো সময়ে জমা থাকা এই ফি সংশোধনের জন্য ব্যবহার করতে পারবেন।
ভোট দিতে কি স্মার্ট এনআইডি বাধ্যতামূলকভাবে রাখতে হবে?,deceased_person_data_retrieval,কাগজের ব্যালটে ভোট প্রদানের জন্য স্মার্ট কার্ডের প্রয়োজন হয় না।
"ম্যাচ ফাউন্ড স্ট্যাটাস হলে উপজেলা নির্বাচন অফিস কেন ঠিক করতে পারছে না, কারণটা কী?",disability_foot_prints_afis_alternative,Match_Found/ Adjudication Pending এর সকল ক্ষেত্রে ব্যক্তির হেড অফিসে আসার প্রয়োজন হয় না। এ সমস্যার সমাধানের জন্য উপজেলা নির্বাচন অফিসার হেড অফিসে পত্র পাঠিয়ে থাকেন। তবে বিশেষ কিছু ক্ষেত্রে বাংলাদেশের সকল নাগরিকের তথ্যের নিরাপত্তার  জন্য ব্যক্তিকে স্বশরীরে হেড অফিসে আসার প্রয়োজন পড়ে যা উপজেলা নির্বাচন অফিসার ব্যাখ্যাসহ প্রেরণ করে থাকেন।
ম্যাচ ফাউন্ড ইস্যুতে উপজেলা পর্যায়ে কী কী করা যায়?,disability_foot_prints_afis_alternative,Match_Found/ Adjudication Pending এর সকল ক্ষেত্রে ব্যক্তির হেড অফিসে আসার প্রয়োজন হয় না। এ সমস্যার সমাধানের জন্য উপজেলা নির্বাচন অফিসার হেড অফিসে পত্র পাঠিয়ে থাকেন। তবে বিশেষ কিছু ক্ষেত্রে বাংলাদেশের সকল নাগরিকের তথ্যের নিরাপত্তার  জন্য ব্যক্তিকে স্বশরীরে হেড অফিসে আসার প্রয়োজন পড়ে যা উপজেলা নির্বাচন অফিসার ব্যাখ্যাসহ প্রেরণ করে থাকেন।
স্মার্টকার্ডের চিপ কি করে তথ্য যাচাই করে?,disability_lost_fingers_after_registration,স্মার্ট কার্ডের সাথে মেশিন রিডেবল মাইক্রোচিপ এম্বেডেড অবস্থায় থাকে এবং এই চিপে নাগরিকের সকল তথ্য নিরাপদভাবে এনকোডেড থাকে যা অনুমোদিত সিস্টেম বা মেশিন দ্বারা পাঠ করা সম্ভব।
আঙুলের ছাপ আপডেট করতে কেন বারবার দেরি হচ্ছে?,disability_no_eyes_registration_procedure,ফিঙ্গারপ্রিন্ট আপডেটের ক্ষেত্রে ৭ থেকে ১০ দিনের মতো সময় লাগতে পারে। তবে এ ক্ষেত্রে খুব বেশি সময় লাগলে উপজেলা নির্বাচন অফিসার মহোদয়ের মধ্যমে জাতীয় পরিচয় নিবন্ধন অনুবিভাগের প্রধান কার্যালয়ে যোগাযোগ করা যেতে পারে।
ফিংগারপ্রিন্ট সংশোধনের আবেদন আটকে আছে—কারণ জানতে চাই।,disability_no_eyes_registration_procedure,ফিঙ্গারপ্রিন্ট আপডেটের ক্ষেত্রে ৭ থেকে ১০ দিনের মতো সময় লাগতে পারে। তবে এ ক্ষেত্রে খুব বেশি সময় লাগলে উপজেলা নির্বাচন অফিসার মহোদয়ের মধ্যমে জাতীয় পরিচয় নিবন্ধন অনুবিভাগের প্রধান কার্যালয়ে যোগাযোগ করা যেতে পারে।
"আঙুলের ছাপ আপডেটের আবেদন করেছি, স্ট্যাটাস অপরিবর্তিত—কেন?",disability_no_eyes_registration_procedure,ফিঙ্গারপ্রিন্ট আপডেটের ক্ষেত্রে ৭ থেকে ১০ দিনের মতো সময় লাগতে পারে। তবে এ ক্ষেত্রে খুব বেশি সময় লাগলে উপজেলা নির্বাচন অফিসার মহোদয়ের মধ্যমে জাতীয় পরিচয় নিবন্ধন অনুবিভাগের প্রধান কার্যালয়ে যোগাযোগ করা যেতে পারে।
ফিঙ্গারপ্রিন্ট আপডেটে বিলম্ব হলে কাকে যোগাযোগ করতে হয়?,disability_no_eyes_registration_procedure,ফিঙ্গারপ্রিন্ট আপডেটের ক্ষেত্রে ৭ থেকে ১০ দিনের মতো সময় লাগতে পারে। তবে এ ক্ষেত্রে খুব বেশি সময় লাগলে উপজেলা নির্বাচন অফিসার মহোদয়ের মধ্যমে জাতীয় পরিচয় নিবন্ধন অনুবিভাগের প্রধান কার্যালয়ে যোগাযোগ করা যেতে পারে।
ফিঙ্গারপ্রিন্ট ডেটা আপডেটের কাজ কবে সম্পূর্ণ হবে?,disability_no_eyes_registration_procedure,ফিঙ্গারপ্রিন্ট আপডেটের ক্ষেত্রে ৭ থেকে ১০ দিনের মতো সময় লাগতে পারে। তবে এ ক্ষেত্রে খুব বেশি সময় লাগলে উপজেলা নির্বাচন অফিসার মহোদয়ের মধ্যমে জাতীয় পরিচয় নিবন্ধন অনুবিভাগের প্রধান কার্যালয়ে যোগাযোগ করা যেতে পারে।
বায়োমেট্রিক ডেটা আপডেট পেন্ডিং দেখাচ্ছে—কারণ কী?,disability_no_eyes_registration_procedure,ফিঙ্গারপ্রিন্ট আপডেটের ক্ষেত্রে ৭ থেকে ১০ দিনের মতো সময় লাগতে পারে। তবে এ ক্ষেত্রে খুব বেশি সময় লাগলে উপজেলা নির্বাচন অফিসার মহোদয়ের মধ্যমে জাতীয় পরিচয় নিবন্ধন অনুবিভাগের প্রধান কার্যালয়ে যোগাযোগ করা যেতে পারে।
ফিঙ্গারপ্রিন্ট আপডেটের প্রসেসিংয়ে অযাচিত বিলম্ব—কারণ কী?,disability_no_eyes_registration_procedure,ফিঙ্গারপ্রিন্ট আপডেটের ক্ষেত্রে ৭ থেকে ১০ দিনের মতো সময় লাগতে পারে। তবে এ ক্ষেত্রে খুব বেশি সময় লাগলে উপজেলা নির্বাচন অফিসার মহোদয়ের মধ্যমে জাতীয় পরিচয় নিবন্ধন অনুবিভাগের প্রধান কার্যালয়ে যোগাযোগ করা যেতে পারে।
এনআইডির ফিঙ্গারপ্রিন্ট আপডেটের জন্য কতদিন সময় বরাদ্দ থাকে?,disability_no_eyes_registration_procedure,ফিঙ্গারপ্রিন্ট আপডেটের ক্ষেত্রে ৭ থেকে ১০ দিনের মতো সময় লাগতে পারে। তবে এ ক্ষেত্রে খুব বেশি সময় লাগলে উপজেলা নির্বাচন অফিসার মহোদয়ের মধ্যমে জাতীয় পরিচয় নিবন্ধন অনুবিভাগের প্রধান কার্যালয়ে যোগাযোগ করা যেতে পারে।
"পরিচয়পত্রের পেছনে মোবাইল নম্বর প্রিন্ট করার ব্যবস্থা করা যায় কি, যাতে হারালে খবর দেওয়া যায়?",disability_no_fingerprints_registration,আপনার পরামর্শের জন্য অসংখ্য ধন্যবাদ। পরবর্তীতে আপনার পরামর্শ বিবেচনা করা হতে পারে।
জাতীয় পরিচয়পত্রে একটি কন্ট্যাক্ট নম্বর রাখার অনুরোধটি কি গ্রহণ করবেন?,disability_no_fingerprints_registration,আপনার পরামর্শের জন্য অসংখ্য ধন্যবাদ। পরবর্তীতে আপনার পরামর্শ বিবেচনা করা হতে পারে।
"হাত নেই, তবু ভোটার হতে চাই—প্রক্রিয়াটি বিস্তারিত জানাবেন কি?",disability_no_hands_fingerprint_exemption,"অবশ্যই, আপনি ভোটার হওয়ার বয়সে পৌঁছালে আবেদন করতে পারবেন। আপনার হাত বা আঙুল যদি কোনো অবস্থাতেই ফিঙ্গারপ্রিন্ট গ্রহণের উপযোগী না থাকে, তাহলে ফিঙ্গারপ্রিন্ট ব্যতীত অন্যান্য তথ্য ও বায়োমেট্রিক প্রদানপূর্বক নিবন্ধন সম্পন্ন করুন। এক্ষেত্রে আপনার হাত বা আঙুল না থাকার বিষয়ে সংশ্লিষ্ট রেজিস্ট্রেশন অফিসার একটি প্রত্যয়নপত্র সংযুক্ত করতে হবে।"
হাতের আঙুল নেই—ভোটার আইডি ইস্যুর জন্য কার অনুমোদন দরকার?,disability_no_hands_fingerprint_exemption,"অবশ্যই, আপনি ভোটার হওয়ার বয়সে পৌঁছালে আবেদন করতে পারবেন। আপনার হাত বা আঙুল যদি কোনো অবস্থাতেই ফিঙ্গারপ্রিন্ট গ্রহণের উপযোগী না থাকে, তাহলে ফিঙ্গারপ্রিন্ট ব্যতীত অন্যান্য তথ্য ও বায়োমেট্রিক প্রদানপূর্বক নিবন্ধন সম্পন্ন করুন। এক্ষেত্রে আপনার হাত বা আঙুল না থাকার বিষয়ে সংশ্লিষ্ট রেজিস্ট্রেশন অফিসার একটি প্রত্যয়নপত্র সংযুক্ত করতে হবে।"
দুই হাতের আঙুল নেই—ভোটার আইডির জন্য কোন বিশেষ প্রক্রিয়া আছে?,disability_no_hands_fingerprint_exemption,"অবশ্যই, আপনি ভোটার হওয়ার বয়সে পৌঁছালে আবেদন করতে পারবেন। আপনার হাত বা আঙুল যদি কোনো অবস্থাতেই ফিঙ্গারপ্রিন্ট গ্রহণের উপযোগী না থাকে, তাহলে ফিঙ্গারপ্রিন্ট ব্যতীত অন্যান্য তথ্য ও বায়োমেট্রিক প্রদানপূর্বক নিবন্ধন সম্পন্ন করুন। এক্ষেত্রে আপনার হাত বা আঙুল না থাকার বিষয়ে সংশ্লিষ্ট রেজিস্ট্রেশন অফিসার একটি প্রত্যয়নপত্র সংযুক্ত করতে হবে।"
ফিঙ্গারপ্রিন্ট অনুপলব্ধ—কীভাবে প্রমাণ করে নিবন্ধন করাবো?,disability_no_hands_fingerprint_exemption,"অবশ্যই, আপনি ভোটার হওয়ার বয়সে পৌঁছালে আবেদন করতে পারবেন। আপনার হাত বা আঙুল যদি কোনো অবস্থাতেই ফিঙ্গারপ্রিন্ট গ্রহণের উপযোগী না থাকে, তাহলে ফিঙ্গারপ্রিন্ট ব্যতীত অন্যান্য তথ্য ও বায়োমেট্রিক প্রদানপূর্বক নিবন্ধন সম্পন্ন করুন। এক্ষেত্রে আপনার হাত বা আঙুল না থাকার বিষয়ে সংশ্লিষ্ট রেজিস্ট্রেশন অফিসার একটি প্রত্যয়নপত্র সংযুক্ত করতে হবে।"
হাত নেই—ভোটার তালিকায় নাম তোলার আগে কোন দপ্তরে দেখা করবো?,disability_no_hands_fingerprint_exemption,"অবশ্যই, আপনি ভোটার হওয়ার বয়সে পৌঁছালে আবেদন করতে পারবেন। আপনার হাত বা আঙুল যদি কোনো অবস্থাতেই ফিঙ্গারপ্রিন্ট গ্রহণের উপযোগী না থাকে, তাহলে ফিঙ্গারপ্রিন্ট ব্যতীত অন্যান্য তথ্য ও বায়োমেট্রিক প্রদানপূর্বক নিবন্ধন সম্পন্ন করুন। এক্ষেত্রে আপনার হাত বা আঙুল না থাকার বিষয়ে সংশ্লিষ্ট রেজিস্ট্রেশন অফিসার একটি প্রত্যয়নপত্র সংযুক্ত করতে হবে।"
"আমার আঙুলের ছাপ নেয়া সম্ভব নয়, কী করতে হবে?",disability_no_hands_registration_procedure,মহাপরিচালক বরাবর আবেদনপত্রে সংশ্লিষ্ট উপজেলা নির্বাচন অফিসার কর্তৃক সুপারিশসহ ইটিআই ভবনের ১০৪ নং কক্ষে ব্যক্তিকে স্বশরীরে যোগাযোগ করতে হবে।
আঙুলের ছাপ না থাকলে ভোটার হালনাগাদ কীভাবে?,disability_no_hands_registration_procedure,মহাপরিচালক বরাবর আবেদনপত্রে সংশ্লিষ্ট উপজেলা নির্বাচন অফিসার কর্তৃক সুপারিশসহ ইটিআই ভবনের ১০৪ নং কক্ষে ব্যক্তিকে স্বশরীরে যোগাযোগ করতে হবে।
আঙুল কাটা—বায়োমেট্রিক কীভাবে দেয়া যাবে?,disability_no_hands_registration_procedure,মহাপরিচালক বরাবর আবেদনপত্রে সংশ্লিষ্ট উপজেলা নির্বাচন অফিসার কর্তৃক সুপারিশসহ ইটিআই ভবনের ১০৪ নং কক্ষে ব্যক্তিকে স্বশরীরে যোগাযোগ করতে হবে।
আমার হাতের আঙুল নাই—NID সংক্রান্ত কী করতে হবে?,disability_no_hands_registration_procedure,মহাপরিচালক বরাবর আবেদনপত্রে সংশ্লিষ্ট উপজেলা নির্বাচন অফিসার কর্তৃক সুপারিশসহ ইটিআই ভবনের ১০৪ নং কক্ষে ব্যক্তিকে স্বশরীরে যোগাযোগ করতে হবে।
আঙুলের ছাপ নষ্ট—NID সমাধান কী?,disability_no_hands_registration_procedure,মহাপরিচালক বরাবর আবেদনপত্রে সংশ্লিষ্ট উপজেলা নির্বাচন অফিসার কর্তৃক সুপারিশসহ ইটিআই ভবনের ১০৪ নং কক্ষে ব্যক্তিকে স্বশরীরে যোগাযোগ করতে হবে।
ফিঙ্গারপ্রিন্ট সমস্যা নিয়ে কার কাছে যাব?,disability_no_hands_registration_procedure,মহাপরিচালক বরাবর আবেদনপত্রে সংশ্লিষ্ট উপজেলা নির্বাচন অফিসার কর্তৃক সুপারিশসহ ইটিআই ভবনের ১০৪ নং কক্ষে ব্যক্তিকে স্বশরীরে যোগাযোগ করতে হবে।
"ফিঙ্গারপ্রিন্ট ধরছে না, অথচ জরুরি—কি করা দরকার?",disability_no_hands_registration_procedure,মহাপরিচালক বরাবর আবেদনপত্রে সংশ্লিষ্ট উপজেলা নির্বাচন অফিসার কর্তৃক সুপারিশসহ ইটিআই ভবনের ১০৪ নং কক্ষে ব্যক্তিকে স্বশরীরে যোগাযোগ করতে হবে।
ফিঙ্গারপ্রিন্ট একেবারেই অনুপস্থিত—সরকারি পদক্ষেপ কী?,disability_no_hands_registration_procedure,মহাপরিচালক বরাবর আবেদনপত্রে সংশ্লিষ্ট উপজেলা নির্বাচন অফিসার কর্তৃক সুপারিশসহ ইটিআই ভবনের ১০৪ নং কক্ষে ব্যক্তিকে স্বশরীরে যোগাযোগ করতে হবে।
হাত নাই—NID সংক্রান্ত সহায়তা কিভাবে নেব?,disability_no_hands_registration_procedure,মহাপরিচালক বরাবর আবেদনপত্রে সংশ্লিষ্ট উপজেলা নির্বাচন অফিসার কর্তৃক সুপারিশসহ ইটিআই ভবনের ১০৪ নং কক্ষে ব্যক্তিকে স্বশরীরে যোগাযোগ করতে হবে।
"ফিঙ্গারপ্রিন্ট ধরা পড়ে না, অনেকবার চেষ্টা করেছি—এখন কী?",disability_no_hands_registration_procedure,মহাপরিচালক বরাবর আবেদনপত্রে সংশ্লিষ্ট উপজেলা নির্বাচন অফিসার কর্তৃক সুপারিশসহ ইটিআই ভবনের ১০৪ নং কক্ষে ব্যক্তিকে স্বশরীরে যোগাযোগ করতে হবে।
আঙুলের ছাপ নেই—সরকারি নির্দেশনা অনুযায়ী কী করব?,disability_no_hands_registration_procedure,মহাপরিচালক বরাবর আবেদনপত্রে সংশ্লিষ্ট উপজেলা নির্বাচন অফিসার কর্তৃক সুপারিশসহ ইটিআই ভবনের ১০৪ নং কক্ষে ব্যক্তিকে স্বশরীরে যোগাযোগ করতে হবে।
ডকুমেন্ট জমা দেওয়ার পর ফটো এনরোলমেন্টের এসএমএস কত দিনের মাথায় আসে?,document_submission_photo_sms_timing,উপজেলা/ থানা নির্বাচন কর্মকর্তা ও রেজিস্ট্রেশন কর্মকর্তা এই সময়সূচি নির্ধারণ করে থাকেন এবং এসএমএস এর মাধ্যমে আবেদনকারীকে অবহিত করেন।
কাগজপত্র জমা দেওয়ার পর ফটো তোলার দিন সম্পর্কে কীভাবে জানাবে?,document_submission_photo_sms_timing,উপজেলা/ থানা নির্বাচন কর্মকর্তা ও রেজিস্ট্রেশন কর্মকর্তা এই সময়সূচি নির্ধারণ করে থাকেন এবং এসএমএস এর মাধ্যমে আবেদনকারীকে অবহিত করেন।
ড্রাফট অ্যাপ্লিকেশন ক্যানসেল করলে কি পরে আবেদন করা যাবে? কীভাবে ক্যানসেল করবো?,draft_application_cancellation_method,"এমতাবস্থায় আপনার একাউন্টে লগ ইন করুন, তারপর রি-ইস্যু তে ক্লিক করুন এবং পরিশেষে “বাতিল ও সম্পাদনা” মেসেজে ক্লিকের মাধ্যমে ড্রাফ্‌ট আবেদনটি আবেদনটি বাতিল করতে পারবেন।"
"যে দেশে প্রবাসী হিসেবে আছি, সেখানে এনআইডি সুবিধা আছে কি?",dual_citizen_embassy_nid_process,যে সকল দেশে প্রবাসী ভোটার কার্যক্রমের অনুমতি দেওয়া হয়েছে সে সকল দেশে এনআইডি করা সম্ভব। তবে খেয়াল রাখতে হবে বাংলাদেশে বসবাস করাকালীন কোন এনআইডি করা হয়ে থাকলে তার পরে বিদেশে আবেদন করার প্রয়োজনীয়তা নেই।
সব দেশের দূতাবাসে কি এনআইডি সেবা দেওয়া হয়?,dual_citizen_embassy_nid_process,যে সকল দেশে প্রবাসী ভোটার কার্যক্রমের অনুমতি দেওয়া হয়েছে সে সকল দেশে এনআইডি করা সম্ভব। তবে খেয়াল রাখতে হবে বাংলাদেশে বসবাস করাকালীন কোন এনআইডি করা হয়ে থাকলে তার পরে বিদেশে আবেদন করার প্রয়োজনীয়তা নেই।
কুয়েতে বাংলাদেশ কনস্যুলেটে কি নতুন ভোটার নিবন্ধন হয়?,dual_citizen_embassy_nid_process,যে সকল দেশে প্রবাসী ভোটার কার্যক্রমের অনুমতি দেওয়া হয়েছে সে সকল দেশে এনআইডি করা সম্ভব। তবে খেয়াল রাখতে হবে বাংলাদেশে বসবাস করাকালীন কোন এনআইডি করা হয়ে থাকলে তার পরে বিদেশে আবেদন করার প্রয়োজনীয়তা নেই।
জাপানে কি প্রবাসী ভোটার নিবন্ধন করা যায়?,dual_citizen_embassy_nid_process,যে সকল দেশে প্রবাসী ভোটার কার্যক্রমের অনুমতি দেওয়া হয়েছে সে সকল দেশে এনআইডি করা সম্ভব। তবে খেয়াল রাখতে হবে বাংলাদেশে বসবাস করাকালীন কোন এনআইডি করা হয়ে থাকলে তার পরে বিদেশে আবেদন করার প্রয়োজনীয়তা নেই।
বিদেশে থাকলে নতুন এনআইডি নেওয়ার সুযোগ আছে কি?,dual_citizen_embassy_nid_process,যে সকল দেশে প্রবাসী ভোটার কার্যক্রমের অনুমতি দেওয়া হয়েছে সে সকল দেশে এনআইডি করা সম্ভব। তবে খেয়াল রাখতে হবে বাংলাদেশে বসবাস করাকালীন কোন এনআইডি করা হয়ে থাকলে তার পরে বিদেশে আবেদন করার প্রয়োজনীয়তা নেই।
বিদেশে এনআইডির জন্য কি কনস্যুলেটে যেতে হবে?,dual_citizen_embassy_nid_process,যে সকল দেশে প্রবাসী ভোটার কার্যক্রমের অনুমতি দেওয়া হয়েছে সে সকল দেশে এনআইডি করা সম্ভব। তবে খেয়াল রাখতে হবে বাংলাদেশে বসবাস করাকালীন কোন এনআইডি করা হয়ে থাকলে তার পরে বিদেশে আবেদন করার প্রয়োজনীয়তা নেই।
ইউএসএ-তে এনআইডির জন্য রেজিস্ট্রেশন সম্ভব কি?,dual_citizen_embassy_nid_process,যে সকল দেশে প্রবাসী ভোটার কার্যক্রমের অনুমতি দেওয়া হয়েছে সে সকল দেশে এনআইডি করা সম্ভব। তবে খেয়াল রাখতে হবে বাংলাদেশে বসবাস করাকালীন কোন এনআইডি করা হয়ে থাকলে তার পরে বিদেশে আবেদন করার প্রয়োজনীয়তা নেই।
পাসপোর্ট অনুযায়ী এনআইডি আপডেট করতে প্রবাস থেকে কিভাবে প্রসেস করবো?,dual_citizen_name_change_abroad,"আপনার পাসপোর্ট, শিক্ষাগত যোগ্যতার সনদ, অনলাইন জন্ম সনদ দিয়ে সংশোধনের জন্য আবেদন করুন।"
আমি কীভাবে বিদেশে থেকে এনআইডির তথ্যের গড়মিল সারাবো?,dual_citizen_name_change_abroad,"আপনার পাসপোর্ট, শিক্ষাগত যোগ্যতার সনদ, অনলাইন জন্ম সনদ দিয়ে সংশোধনের জন্য আবেদন করুন।"
আমি বিদেশে আছি—দূতাবাসের মাধ্যমে এনআইডি করা যাবে কি?,dual_citizen_nid_form_difference,দ্বৈত নাগরিকত্ব প্রদান বা নাগরিকত্ব বাতিল সংক্রান্ত কার্যক্রম সুরক্ষা সেবা বিভাগের বহিরাগমন শাখা-৩ হতে সম্পন্ন করতে হয়।
প্রবাসে থাকলে হাইকমিশনের মাধ্যমে এনআইডি ইস্যু সম্ভব কি?,dual_citizen_nid_form_difference,দ্বৈত নাগরিকত্ব প্রদান বা নাগরিকত্ব বাতিল সংক্রান্ত কার্যক্রম সুরক্ষা সেবা বিভাগের বহিরাগমন শাখা-৩ হতে সম্পন্ন করতে হয়।
বিদেশে অবস্থানকালেও কি দূতাবাসের মাধ্যমে এনআইডি প্রক্রিয়া করা সম্ভব?,dual_citizen_nid_form_difference,দ্বৈত নাগরিকত্ব প্রদান বা নাগরিকত্ব বাতিল সংক্রান্ত কার্যক্রম সুরক্ষা সেবা বিভাগের বহিরাগমন শাখা-৩ হতে সম্পন্ন করতে হয়।
আমি বাইরে—দূতাবাসে এনআইডি করানো যায় নাকি দেশে আসতে হবে?,dual_citizen_nid_form_difference,দ্বৈত নাগরিকত্ব প্রদান বা নাগরিকত্ব বাতিল সংক্রান্ত কার্যক্রম সুরক্ষা সেবা বিভাগের বহিরাগমন শাখা-৩ হতে সম্পন্ন করতে হয়।
আমি বিদেশে—হাইকমিশনের কাউন্টারে এনআইডি নিবন্ধন করা যাবে কি?,dual_citizen_nid_form_difference,দ্বৈত নাগরিকত্ব প্রদান বা নাগরিকত্ব বাতিল সংক্রান্ত কার্যক্রম সুরক্ষা সেবা বিভাগের বহিরাগমন শাখা-৩ হতে সম্পন্ন করতে হয়।
প্রবাসী হয়ে দূতাবাসে এনআইডির নতুন রেজিস্ট্রেশন নেওয়া যায় কি?,dual_citizen_nid_form_difference,দ্বৈত নাগরিকত্ব প্রদান বা নাগরিকত্ব বাতিল সংক্রান্ত কার্যক্রম সুরক্ষা সেবা বিভাগের বহিরাগমন শাখা-৩ হতে সম্পন্ন করতে হয়।
দুই দেশের নাগরিকত্বের জন্য কি বিশেষ ফরম পূরণ করতে হবে?,dual_citizen_nid_form_difference,দ্বৈত নাগরিকত্ব প্রদান বা নাগরিকত্ব বাতিল সংক্রান্ত কার্যক্রম সুরক্ষা সেবা বিভাগের বহিরাগমন শাখা-৩ হতে সম্পন্ন করতে হয়।
দুই দেশের নাগরিকত্ব প্রসঙ্গে কোন ফর্ম পূরণ করতে হয় জানাবেন?,dual_citizen_nid_form_difference,দ্বৈত নাগরিকত্ব প্রদান বা নাগরিকত্ব বাতিল সংক্রান্ত কার্যক্রম সুরক্ষা সেবা বিভাগের বহিরাগমন শাখা-৩ হতে সম্পন্ন করতে হয়।
হাইকমিশনের কনস্যুলার উইংয়ে NID-এর আবেদন নেওয়া হয় কি?,dual_citizen_nid_form_difference,দ্বৈত নাগরিকত্ব প্রদান বা নাগরিকত্ব বাতিল সংক্রান্ত কার্যক্রম সুরক্ষা সেবা বিভাগের বহিরাগমন শাখা-৩ হতে সম্পন্ন করতে হয়।
বিদেশে আছি—দূতাবাসে NID ফর্ম পূরণ করিয়ে জমা দেয়া যায় কি?,dual_citizen_nid_form_difference,দ্বৈত নাগরিকত্ব প্রদান বা নাগরিকত্ব বাতিল সংক্রান্ত কার্যক্রম সুরক্ষা সেবা বিভাগের বহিরাগমন শাখা-৩ হতে সম্পন্ন করতে হয়।
"আমি দুবাইতে আছি, এখান থেকে এনআইডি ভেরিফাই করার কোনো সুযোগ আছে?",dual_citizen_nid_verification_abroad,এনআইডির অনলাইন সার্ভিস থেকে আপনার তথ্য দেখা ব্যতীত অন্য কোন ভেরিফিকেশন এর সুযোগ নেই। তবে সংশ্লিষ্ট দূতাবাস বা বাংলাদেশ পররাষ্ট্র মণ্ত্রণালয়ের মাধ্যমে আবেদন করতে পারবেন।
বিদেশে থাকায় এনআইডি ভেরিফাই করতে কীভাবে এগোব?,dual_citizen_nid_verification_abroad,এনআইডির অনলাইন সার্ভিস থেকে আপনার তথ্য দেখা ব্যতীত অন্য কোন ভেরিফিকেশন এর সুযোগ নেই। তবে সংশ্লিষ্ট দূতাবাস বা বাংলাদেশ পররাষ্ট্র মণ্ত্রণালয়ের মাধ্যমে আবেদন করতে পারবেন।
বিদেশে এনআইডি যাচাইয়ের জন্য কোন অফিসে যেতে হবে?,dual_citizen_nid_verification_abroad,এনআইডির অনলাইন সার্ভিস থেকে আপনার তথ্য দেখা ব্যতীত অন্য কোন ভেরিফিকেশন এর সুযোগ নেই। তবে সংশ্লিষ্ট দূতাবাস বা বাংলাদেশ পররাষ্ট্র মণ্ত্রণালয়ের মাধ্যমে আবেদন করতে পারবেন।
বিদেশে থাকা অবস্থায় এনআইডি যাচাই কি ওয়েবসাইটে করা যাবে?,dual_citizen_nid_verification_abroad,এনআইডির অনলাইন সার্ভিস থেকে আপনার তথ্য দেখা ব্যতীত অন্য কোন ভেরিফিকেশন এর সুযোগ নেই। তবে সংশ্লিষ্ট দূতাবাস বা বাংলাদেশ পররাষ্ট্র মণ্ত্রণালয়ের মাধ্যমে আবেদন করতে পারবেন।
আমি বিদেশি হয়ে গেছি; জাতীয় পরিচয়পত্র কি বাতিল করা দরকার?,dual_citizen_passport_validity_query,আপনি নাগরিকত্ব গ্রহণকালীন যদি বাংলাদেশের নাগরিকত্ব পরিত্যাগ না করে থাকেন এবং আপনার পিতা-মাতা/বাংলাদেশী হয়ে থাকে এবং তাদের এনআইডি রয়েছে। যেহেতু আপনি জন্মগত ভাবে বাংলাদেশের নাগরিক সেহেতু আপনার আইডি কার্ডটি বৈধ থাকবে। যতক্ষণ না পর্যন্ত আপনি নিজে বাংলাদেশের নাগরিকত্ব পরিবর্তনের জন্য নির্বাচন কমিশনে আবেদন করবেন। কারণ আপনি নাগরিকত্ব পরিবর্তনের পূর্বে ভোটার তালিকায় নাম অন্তর্ভূক্ত করেছেন।
অন্য দেশের সিটিজেন হয়েছি—স্মার্ট আইডি কি বৈধ থাকবে?,dual_citizen_passport_validity_query,আপনি নাগরিকত্ব গ্রহণকালীন যদি বাংলাদেশের নাগরিকত্ব পরিত্যাগ না করে থাকেন এবং আপনার পিতা-মাতা/বাংলাদেশী হয়ে থাকে এবং তাদের এনআইডি রয়েছে। যেহেতু আপনি জন্মগত ভাবে বাংলাদেশের নাগরিক সেহেতু আপনার আইডি কার্ডটি বৈধ থাকবে। যতক্ষণ না পর্যন্ত আপনি নিজে বাংলাদেশের নাগরিকত্ব পরিবর্তনের জন্য নির্বাচন কমিশনে আবেদন করবেন। কারণ আপনি নাগরিকত্ব পরিবর্তনের পূর্বে ভোটার তালিকায় নাম অন্তর্ভূক্ত করেছেন।
বিদেশি নাগরিকত্ব নিলেও কি বাংলাদেশের ভোটার পরিচয়পত্র চলবে?,dual_citizenship_multiple_country_implications,আপনি নাগরিকত্ব গ্রহণকালীন যদি বাংলাদেশের নাগরিকত্ব পরিত্যাগ না করে থাকেন এবং আপনার পিতা-মাতা/ পিতা মাতা একজন বাংলাদেশী হয়ে থাকে এবং তাদের এনআইডি থাকে তাহলে বাংলাদেশে ভোটার হতে পারবেন।
দুটি জন্মনিবন্ধনের কারণে জাতীয় পরিচয়পত্রে সংশোধন আটকে গেছে। সমাধানের জন্য করণীয় কী?,duplicate_birth_certificate_nid_rejection,"যে জন্মনিবন্ধনটি সঠিক এবং অনলাইনে বিদ্যমান, সেটি বহাল রেখে অপরটি সংশ্লিষ্ট কর্তৃপক্ষের মাধ্যমে বাতিলের ব্যবস্থা করুন। পরবর্তীতে জাতীয় পরিচয়পত্র সংশোধনের জন্য পুনরায় অনলাইনে আবেদন করুন।"
ভুল জন্মতারিখসহ একটি দ্বিতীয় জন্মনিবন্ধন পাওয়া যাচ্ছে; NID ঠিক করার জন্য কী করণীয়?,duplicate_birth_certificate_nid_rejection,"যে জন্মনিবন্ধনটি সঠিক এবং অনলাইনে বিদ্যমান, সেটি বহাল রেখে অপরটি সংশ্লিষ্ট কর্তৃপক্ষের মাধ্যমে বাতিলের ব্যবস্থা করুন। পরবর্তীতে জাতীয় পরিচয়পত্র সংশোধনের জন্য পুনরায় অনলাইনে আবেদন করুন।"
ডুপ্লিকেট BR এন্ট্রি ক্লিয়ার না করলে কি NID হবে না? তাহলে কীভাবে ক্লিয়ার করব?,duplicate_birth_certificate_nid_rejection,"যে জন্মনিবন্ধনটি সঠিক এবং অনলাইনে বিদ্যমান, সেটি বহাল রেখে অপরটি সংশ্লিষ্ট কর্তৃপক্ষের মাধ্যমে বাতিলের ব্যবস্থা করুন। পরবর্তীতে জাতীয় পরিচয়পত্র সংশোধনের জন্য পুনরায় অনলাইনে আবেদন করুন।"
"আমার জন্মনিবন্ধন দুইবার এন্ট্রি হয়েছে, একটিতে ডিওবি ভুল। NID আপডেটের জন্য কী করবো?",duplicate_birth_certificate_nid_rejection,"যে জন্মনিবন্ধনটি সঠিক এবং অনলাইনে বিদ্যমান, সেটি বহাল রেখে অপরটি সংশ্লিষ্ট কর্তৃপক্ষের মাধ্যমে বাতিলের ব্যবস্থা করুন। পরবর্তীতে জাতীয় পরিচয়পত্র সংশোধনের জন্য পুনরায় অনলাইনে আবেদন করুন।"
জন্মনিবন্ধনে ডুপ্লিকেট থাকায় জাতীয় পরিচয়পত্র সংশোধন বন্ধ—সমাধানের উপায় কী?,duplicate_birth_certificate_nid_rejection,"যে জন্মনিবন্ধনটি সঠিক এবং অনলাইনে বিদ্যমান, সেটি বহাল রেখে অপরটি সংশ্লিষ্ট কর্তৃপক্ষের মাধ্যমে বাতিলের ব্যবস্থা করুন। পরবর্তীতে জাতীয় পরিচয়পত্র সংশোধনের জন্য পুনরায় অনলাইনে আবেদন করুন।"
NID করেকশন না হওয়ার কারণ ডুপ্লিকেট জন্মরেকর্ড—সমস্যা সমাধান কী?,duplicate_birth_certificate_nid_rejection,"যে জন্মনিবন্ধনটি সঠিক এবং অনলাইনে বিদ্যমান, সেটি বহাল রেখে অপরটি সংশ্লিষ্ট কর্তৃপক্ষের মাধ্যমে বাতিলের ব্যবস্থা করুন। পরবর্তীতে জাতীয় পরিচয়পত্র সংশোধনের জন্য পুনরায় অনলাইনে আবেদন করুন।"
জন্মতারিখ মিলে না দুই সনদে—NID করেকশনের আগে কী ব্যবস্থা নেব?,duplicate_birth_certificate_nid_rejection,"যে জন্মনিবন্ধনটি সঠিক এবং অনলাইনে বিদ্যমান, সেটি বহাল রেখে অপরটি সংশ্লিষ্ট কর্তৃপক্ষের মাধ্যমে বাতিলের ব্যবস্থা করুন। পরবর্তীতে জাতীয় পরিচয়পত্র সংশোধনের জন্য পুনরায় অনলাইনে আবেদন করুন।"
জন্মসনদের ডুপ্লিকেট ঠিক না করলে NID সম্ভব না—ঠিক করার উপায় কী?,duplicate_birth_certificate_nid_rejection,"যে জন্মনিবন্ধনটি সঠিক এবং অনলাইনে বিদ্যমান, সেটি বহাল রেখে অপরটি সংশ্লিষ্ট কর্তৃপক্ষের মাধ্যমে বাতিলের ব্যবস্থা করুন। পরবর্তীতে জাতীয় পরিচয়পত্র সংশোধনের জন্য পুনরায় অনলাইনে আবেদন করুন।"
জন্মতারিখ ভিন্ন হওয়ায় NID হচ্ছে না; ডুপ্লিকেট জন্মনিবন্ধন কিভাবে হ্যান্ডেল করব?,duplicate_birth_certificate_nid_rejection,"যে জন্মনিবন্ধনটি সঠিক এবং অনলাইনে বিদ্যমান, সেটি বহাল রেখে অপরটি সংশ্লিষ্ট কর্তৃপক্ষের মাধ্যমে বাতিলের ব্যবস্থা করুন। পরবর্তীতে জাতীয় পরিচয়পত্র সংশোধনের জন্য পুনরায় অনলাইনে আবেদন করুন।"
আমার জন্মনিবন্ধন ডুপ্লিকেট—NID করতে হলে কোন পদক্ষেপ নিতে হবে?,duplicate_birth_certificate_nid_rejection,"যে জন্মনিবন্ধনটি সঠিক এবং অনলাইনে বিদ্যমান, সেটি বহাল রেখে অপরটি সংশ্লিষ্ট কর্তৃপক্ষের মাধ্যমে বাতিলের ব্যবস্থা করুন। পরবর্তীতে জাতীয় পরিচয়পত্র সংশোধনের জন্য পুনরায় অনলাইনে আবেদন করুন।"
অনিচ্ছাকৃতভাবে দ্বিতীয়বার ভোটার নিবন্ধন করায় আইডি লক—এখন কীভাবে বিষয়টি নিষ্পত্তি করবো?,duplicate_nid_both_locked_resolution,"দুইটি জাতীয় পরিচয়পত্র করা আইনত দণ্ডনীয় অপরাধ। এ কারণেই আপনার জাতীয় পরিচয়পত্রসমূহ লক করা হয়েছে। এমতাবস্থায়, আপনার সমস্যার বিষয়বস্তু উল্লেখ করে মহাপরিচালক বরাবর একটি আবেদনপত্র উপজেলা নির্বাচন অফিসারের স্বাক্ষরসহ ইটিআই ভবনের কক্ষ নং-১০১ এ জমা দিতে হবে। পরবর্তীতে সচল জাতীয় পরিচয়পত্রটি উপযুক্ত ডকুমেন্টসহ অনলাইনে সংশোধনের জন্য আবেদন করুন।"
ডুপ্লিকেট রেকর্ডের কারণে NID ব্লক; সমাধানের জন্য কাকে উদ্দেশ্য করে আবেদন লিখতে হবে?,duplicate_nid_both_locked_resolution,"দুইটি জাতীয় পরিচয়পত্র করা আইনত দণ্ডনীয় অপরাধ। এ কারণেই আপনার জাতীয় পরিচয়পত্রসমূহ লক করা হয়েছে। এমতাবস্থায়, আপনার সমস্যার বিষয়বস্তু উল্লেখ করে মহাপরিচালক বরাবর একটি আবেদনপত্র উপজেলা নির্বাচন অফিসারের স্বাক্ষরসহ ইটিআই ভবনের কক্ষ নং-১০১ এ জমা দিতে হবে। পরবর্তীতে সচল জাতীয় পরিচয়পত্রটি উপযুক্ত ডকুমেন্টসহ অনলাইনে সংশোধনের জন্য আবেদন করুন।"
দ্বৈত ভোটার হওয়ায় এনআইডি বন্ধ—এই অবস্থা থেকে উত্তরণের জন্য কী করতে হবে?,duplicate_nid_both_locked_resolution,"দুইটি জাতীয় পরিচয়পত্র করা আইনত দণ্ডনীয় অপরাধ। এ কারণেই আপনার জাতীয় পরিচয়পত্রসমূহ লক করা হয়েছে। এমতাবস্থায়, আপনার সমস্যার বিষয়বস্তু উল্লেখ করে মহাপরিচালক বরাবর একটি আবেদনপত্র উপজেলা নির্বাচন অফিসারের স্বাক্ষরসহ ইটিআই ভবনের কক্ষ নং-১০১ এ জমা দিতে হবে। পরবর্তীতে সচল জাতীয় পরিচয়পত্রটি উপযুক্ত ডকুমেন্টসহ অনলাইনে সংশোধনের জন্য আবেদন করুন।"
আমি দুইটি এনআইডি করেছি; কোন অফিসে গিয়ে সমস্যার সমাধান পাবো?,duplicate_nid_both_locked_resolution,"দুইটি জাতীয় পরিচয়পত্র করা আইনত দণ্ডনীয় অপরাধ। এ কারণেই আপনার জাতীয় পরিচয়পত্রসমূহ লক করা হয়েছে। এমতাবস্থায়, আপনার সমস্যার বিষয়বস্তু উল্লেখ করে মহাপরিচালক বরাবর একটি আবেদনপত্র উপজেলা নির্বাচন অফিসারের স্বাক্ষরসহ ইটিআই ভবনের কক্ষ নং-১০১ এ জমা দিতে হবে। পরবর্তীতে সচল জাতীয় পরিচয়পত্রটি উপযুক্ত ডকুমেন্টসহ অনলাইনে সংশোধনের জন্য আবেদন করুন।"
এনআইডির শিক্ষা অংশে ভুল—সংশোধনে নথি কী কী লাগবে?,educational_qualification_addition_documents,সর্বশেষ শিক্ষাগত যোগ্যতার এসএসসি বা তধুর্ধ হলে এসএসসি সনদসহ অনলাইনে আবেদন করুন।
আমার এসএসসি ফল এসেছে; এনআইডিতে যোগ করতে কী প্রমাণ লাগবে?,educational_qualification_addition_documents,সর্বশেষ শিক্ষাগত যোগ্যতার এসএসসি বা তধুর্ধ হলে এসএসসি সনদসহ অনলাইনে আবেদন করুন।
পেশা government service—বাসা-বাড়ির গৃহিণী করতে অনলাইন আবেদন কিভাবে করবো?,election_office_harassment_complaint,আবেদনকারী পূর্বে সরকারী চাকুরী করে থাকলে সেখান থেকে চাকুরী অবসানের প্রত্যয়ন দিবেন এবং পেশার পরিবর্তন চেয়ে আবেদন করতে হবে। ভুলক্রমে সরকারী হয়ে গিয়ে থাকলে তিনি যে পেশায় আছেন সে পেশার প্রত্যয়ন দিয়ে অনলাইনে আবেদন করবেন।
সরকারি চাকরি নেই—এটা কিভাবে প্রমাণ করে গৃহিণী দেখাবো?,election_office_harassment_complaint,আবেদনকারী পূর্বে সরকারী চাকুরী করে থাকলে সেখান থেকে চাকুরী অবসানের প্রত্যয়ন দিবেন এবং পেশার পরিবর্তন চেয়ে আবেদন করতে হবে। ভুলক্রমে সরকারী হয়ে গিয়ে থাকলে তিনি যে পেশায় আছেন সে পেশার প্রত্যয়ন দিয়ে অনলাইনে আবেদন করবেন।
আপনারা কি ওয়েবসাইটে এনআইডি ফি বিষয়ক লিংক শেয়ার করেছেন?,fee_information_website_calculator,"জ্বি, আছে। এখানে আবেদন এর ধরন অনুযায়ী ফিস ক্যালকুলেটর আছে।"
পেমেন্ট ডান; রসিদ/আবেদন ডাউনলোড অপশন আসছে না—কেন?,fee_paid_application_not_showing,"দুঃখিত, অনুগ্রহ করে ১০৫ এ ফোন করে আপনার আবেদনের বিষয়ে জেনে নিবেন।"
"ফি জমা দিলেই কি আবেদন গ্রহণ হয়, না কি একটু সময় লাগে?",fee_payment_required_before_proceeding,আবেদন সম্পন্ন করার পূর্বশর্ত হলো ফিস পরিশোধ।
"ফি না দিলে আবেদন কি প্রসেসিং শুরু করে না, দিলে কখন করে?",fee_payment_required_before_proceeding,আবেদন সম্পন্ন করার পূর্বশর্ত হলো ফিস পরিশোধ।
"ফি প্রদান না করলে আবেদন প্রসেস কি থেমে থাকে, দিলে কবে শুরু হয়?",fee_payment_required_before_proceeding,আবেদন সম্পন্ন করার পূর্বশর্ত হলো ফিস পরিশোধ।
এনআইডি তথ্য সংশোধনে অনৈতিক অর্থ দাবি শোনার পর আমি কী পদক্ষেপ নেব?,fingerprint_not_working_bio_update_failed,ঘুষ আদান প্রদান আইনত দন্ডনীয় অপরাধ। আপনি এ ধরনের হেনস্থার শিকার হলে আপনার অভিযোগ লিখিত আকারে জাতীয় পরিচয় নিবন্ধন অনুবিভাগের মহাপরিচালক মহোদয় বরাবর ডাক যোগে বা সরাসরি জমা দিতে পারেন।
আমার এনআইডি ভুল ঠিক করতে গিয়ে হয়রানির শিকার—কীভাবে অভিযোগ করব?,fingerprint_not_working_bio_update_failed,ঘুষ আদান প্রদান আইনত দন্ডনীয় অপরাধ। আপনি এ ধরনের হেনস্থার শিকার হলে আপনার অভিযোগ লিখিত আকারে জাতীয় পরিচয় নিবন্ধন অনুবিভাগের মহাপরিচালক মহোদয় বরাবর ডাক যোগে বা সরাসরি জমা দিতে পারেন।
নির্বাচন অফিসে বাড়তি টাকা চেয়ে হয়রানি—অভিযোগ দাখিলের ঠিকানা দিন।,fingerprint_not_working_bio_update_failed,ঘুষ আদান প্রদান আইনত দন্ডনীয় অপরাধ। আপনি এ ধরনের হেনস্থার শিকার হলে আপনার অভিযোগ লিখিত আকারে জাতীয় পরিচয় নিবন্ধন অনুবিভাগের মহাপরিচালক মহোদয় বরাবর ডাক যোগে বা সরাসরি জমা দিতে পারেন।
এনআইডি আপডেট করতে গেলে ঘুষ চাওয়া হচ্ছে—অভিযোগের সঠিক মাধ্যম কী?,fingerprint_not_working_bio_update_failed,ঘুষ আদান প্রদান আইনত দন্ডনীয় অপরাধ। আপনি এ ধরনের হেনস্থার শিকার হলে আপনার অভিযোগ লিখিত আকারে জাতীয় পরিচয় নিবন্ধন অনুবিভাগের মহাপরিচালক মহোদয় বরাবর ডাক যোগে বা সরাসরি জমা দিতে পারেন।
আমার এনআইডি ভুল ঠিক করতে কর্মচারী টাকা চাইছে—কোন দপ্তরে জানাতে হবে?,fingerprint_not_working_bio_update_failed,ঘুষ আদান প্রদান আইনত দন্ডনীয় অপরাধ। আপনি এ ধরনের হেনস্থার শিকার হলে আপনার অভিযোগ লিখিত আকারে জাতীয় পরিচয় নিবন্ধন অনুবিভাগের মহাপরিচালক মহোদয় বরাবর ডাক যোগে বা সরাসরি জমা দিতে পারেন।
এনআইডি আপডেটে অনিয়ম দেখেছি—লিখিত অভিযোগের গন্তব্য কোথায়?,fingerprint_not_working_bio_update_failed,ঘুষ আদান প্রদান আইনত দন্ডনীয় অপরাধ। আপনি এ ধরনের হেনস্থার শিকার হলে আপনার অভিযোগ লিখিত আকারে জাতীয় পরিচয় নিবন্ধন অনুবিভাগের মহাপরিচালক মহোদয় বরাবর ডাক যোগে বা সরাসরি জমা দিতে পারেন।
এনআইডি সংশোধনে কর্মচারীর অনৈতিক অর্থ দাবি—আমি কোথায় রিপোর্ট করব?,fingerprint_not_working_bio_update_failed,ঘুষ আদান প্রদান আইনত দন্ডনীয় অপরাধ। আপনি এ ধরনের হেনস্থার শিকার হলে আপনার অভিযোগ লিখিত আকারে জাতীয় পরিচয় নিবন্ধন অনুবিভাগের মহাপরিচালক মহোদয় বরাবর ডাক যোগে বা সরাসরি জমা দিতে পারেন।
এনআইডি সংশোধনের আবেদন নিতে টাকা চাইলে কোথায় অভিযোগ করা যায়?,fingerprint_not_working_bio_update_failed,ঘুষ আদান প্রদান আইনত দন্ডনীয় অপরাধ। আপনি এ ধরনের হেনস্থার শিকার হলে আপনার অভিযোগ লিখিত আকারে জাতীয় পরিচয় নিবন্ধন অনুবিভাগের মহাপরিচালক মহোদয় বরাবর ডাক যোগে বা সরাসরি জমা দিতে পারেন।
উপজেলা নির্বাচন অফিস থেকে বারবার টাকা দাবি—উর্ধ্বতন কর্তৃপক্ষ কে?,fingerprint_not_working_bio_update_failed,ঘুষ আদান প্রদান আইনত দন্ডনীয় অপরাধ। আপনি এ ধরনের হেনস্থার শিকার হলে আপনার অভিযোগ লিখিত আকারে জাতীয় পরিচয় নিবন্ধন অনুবিভাগের মহাপরিচালক মহোদয় বরাবর ডাক যোগে বা সরাসরি জমা দিতে পারেন।
এনআইডি বাতিলের জন্য কোথায় যোগাযোগ করবো—নাকি এটি হয় না?,fingerprint_update_delay_problem,এনআইডি কার্ড বাতিল করার সুযোগ নেই।
স্লিপ হারিয়ে এখন অনলাইনে কীভাবে কাজ এগোব?,form_number_lost_alternative_download,দুঃখিত। এরূপক্ষেত্রে সংশ্লিষ্ট উপজেলা/ থানা নির্বাচন অফিসের সহযোগিতা গ্রহণ করতে হবে।
স্লিপ হারিয়ে গিয়ে বিপদে—এখন কোন দপ্তরে যোগাযোগ করব?,form_number_lost_alternative_download,দুঃখিত। এরূপক্ষেত্রে সংশ্লিষ্ট উপজেলা/ থানা নির্বাচন অফিসের সহযোগিতা গ্রহণ করতে হবে।
স্লিপ হারিয়ে অনলাইন থেকে eNID নেওয়া যাবে?,form_number_lost_alternative_download,দুঃখিত। এরূপক্ষেত্রে সংশ্লিষ্ট উপজেলা/ থানা নির্বাচন অফিসের সহযোগিতা গ্রহণ করতে হবে।
স্লিপ নেই—NID নম্বর জানার কোনো উপায় আছে?,form_number_lost_alternative_download,দুঃখিত। এরূপক্ষেত্রে সংশ্লিষ্ট উপজেলা/ থানা নির্বাচন অফিসের সহযোগিতা গ্রহণ করতে হবে।
পুনর্মুদ্রণ করলে এনআইডির নম্বর কি পরিবর্তিত হবে?,freelancing_smart_card_urgent_need,দুঃখিত এই জাতীয় সেবা প্রদানের কোন পরিকল্পনা নাই।
বাসা নাই—ভোটার রেজিস্ট্রেশনের ঠিকানা কীভাবে পূরণ করব?,homeless_rootless_voter_registration_address,উপজেলা নির্বাহী অফিসার হতে ছিন্নমূল হওয়ার প্রত্যয়ন সংগ্রহ করবেন এবং নাগরিকত্ব সনদ/ অনলাইন জন্ম সনদে প্রদত্ত  স্থায়ী বা বর্তমান যে কোন ঠিকানা ব্যবহার করতে পারবেন।
এনআইডি সংশোধনের ফাইল রিপোর্টের কারণে আটকে আছে—কোন অফিসে যাওয়া উচিত?,investigation_report_delay_complaint,বিধি মোতাবেক আবেদন নিষ্পত্তির সময়কাল ৩০ কার্য দিবস। উক্ত সময়সিমা অতিক্রম করলে বা আপনার সেবা পেতে বিলম্ব হলে সংশ্লিষ্ট নির্বাচন কর্মকর্তার সাথে যোগাযোগ করতে পারেন।
জাতীয় পরিচয়পত্র সংশোধনের রিপোর্ট হাতে আসছে না—কোথায় অভিযোগ করব?,investigation_report_delay_complaint,বিধি মোতাবেক আবেদন নিষ্পত্তির সময়কাল ৩০ কার্য দিবস। উক্ত সময়সিমা অতিক্রম করলে বা আপনার সেবা পেতে বিলম্ব হলে সংশ্লিষ্ট নির্বাচন কর্মকর্তার সাথে যোগাযোগ করতে পারেন।
জাতীয় পরিচয়পত্র সংশোধনের জন্য তদন্ত সম্পন্ন; তবু রিপোর্ট নাই—কি করব?,investigation_report_delay_complaint,বিধি মোতাবেক আবেদন নিষ্পত্তির সময়কাল ৩০ কার্য দিবস। উক্ত সময়সিমা অতিক্রম করলে বা আপনার সেবা পেতে বিলম্ব হলে সংশ্লিষ্ট নির্বাচন কর্মকর্তার সাথে যোগাযোগ করতে পারেন।
স্মার্ট কার্ডের ভিতরের তথ্য সম্পর্কে বিস্তারিত কী?,living_person_marked_dead_correction,নিবন্ধন ফরমে যে সকল তথ্য দিয়েছেন তার সকল তথ্য বিদ্যমান থাকবে।
নতুন ভোটারের আবেদন Match Found হলে কোন অফিসে যেতে হবে?,match_found_new_voter_no_nid,আপনার সমস্যা উল্লেখ করে উপজেলা নির্বাচন অফিসারের সীল ও স্বাক্ষরসহ ইটিআই ভবনের ১০১ নং কক্ষে বা জাতীয় পরিচয় নিবন্ধন অনুবিভাগের কারিগরি অধিশাখায় যোগাযোগ করতে হবে।
"Match Found হওয়ার পর এনআইডি আটকে আছে, সমাধান কোথা থেকে পাব?",match_found_new_voter_no_nid,আপনার সমস্যা উল্লেখ করে উপজেলা নির্বাচন অফিসারের সীল ও স্বাক্ষরসহ ইটিআই ভবনের ১০১ নং কক্ষে বা জাতীয় পরিচয় নিবন্ধন অনুবিভাগের কারিগরি অধিশাখায় যোগাযোগ করতে হবে।
Match Found সমস্যায় কার কাছে যোগাযোগ করা উচিত?,match_found_new_voter_no_nid,আপনার সমস্যা উল্লেখ করে উপজেলা নির্বাচন অফিসারের সীল ও স্বাক্ষরসহ ইটিআই ভবনের ১০১ নং কক্ষে বা জাতীয় পরিচয় নিবন্ধন অনুবিভাগের কারিগরি অধিশাখায় যোগাযোগ করতে হবে।
নতুন ভোটার আবেদন Match Found—কোন শাখায় যোগাযোগ করবো?,match_found_new_voter_no_nid,আপনার সমস্যা উল্লেখ করে উপজেলা নির্বাচন অফিসারের সীল ও স্বাক্ষরসহ ইটিআই ভবনের ১০১ নং কক্ষে বা জাতীয় পরিচয় নিবন্ধন অনুবিভাগের কারিগরি অধিশাখায় যোগাযোগ করতে হবে।
Match Found স্ট্যাটাস কিভাবে ক্লিয়ার করানো যায়?,match_found_new_voter_no_nid,আপনার সমস্যা উল্লেখ করে উপজেলা নির্বাচন অফিসারের সীল ও স্বাক্ষরসহ ইটিআই ভবনের ১০১ নং কক্ষে বা জাতীয় পরিচয় নিবন্ধন অনুবিভাগের কারিগরি অধিশাখায় যোগাযোগ করতে হবে।
নতুন ভোটারের Match Found রিজেকশন উঠাতে কী করতে হবে?,match_found_new_voter_no_nid,আপনার সমস্যা উল্লেখ করে উপজেলা নির্বাচন অফিসারের সীল ও স্বাক্ষরসহ ইটিআই ভবনের ১০১ নং কক্ষে বা জাতীয় পরিচয় নিবন্ধন অনুবিভাগের কারিগরি অধিশাখায় যোগাযোগ করতে হবে।
নতুন ভোটার আবেদন Match Found—অরিজিনাল কপি লাগবে কোনগুলো?,match_found_new_voter_no_nid,আপনার সমস্যা উল্লেখ করে উপজেলা নির্বাচন অফিসারের সীল ও স্বাক্ষরসহ ইটিআই ভবনের ১০১ নং কক্ষে বা জাতীয় পরিচয় নিবন্ধন অনুবিভাগের কারিগরি অধিশাখায় যোগাযোগ করতে হবে।
Match Found—কোন ঠিকানায় যোগাযোগ করবো?,match_found_new_voter_no_nid,আপনার সমস্যা উল্লেখ করে উপজেলা নির্বাচন অফিসারের সীল ও স্বাক্ষরসহ ইটিআই ভবনের ১০১ নং কক্ষে বা জাতীয় পরিচয় নিবন্ধন অনুবিভাগের কারিগরি অধিশাখায় যোগাযোগ করতে হবে।
Match Found হলে উপজেলা নির্বাচন অফিস থেকে কি রেফারাল পত্র দেয়?,match_found_new_voter_no_nid,আপনার সমস্যা উল্লেখ করে উপজেলা নির্বাচন অফিসারের সীল ও স্বাক্ষরসহ ইটিআই ভবনের ১০১ নং কক্ষে বা জাতীয় পরিচয় নিবন্ধন অনুবিভাগের কারিগরি অধিশাখায় যোগাযোগ করতে হবে।
বর্তমান ভোটার ঠিকানা অপরিবর্তিত রেখে এনআইডিতে স্থায়ী ঠিকানা বদল—কোন ধাপে করবো?,migration_after_marriage_procedure,অনলাইনে স্থায়ী ঠিকানা পরিবর্তনের জন্য আবেদন করুন। তবে তার পূর্বে ১০৫ এ ফোন করে জেনে নিন আপনি স্থায়ী নাকি বর্তমান ঠিকানার ভোটার। ১০৫ থেকে প্রয়োজনীয় নির্দেশনা/পরামর্শ গ্রহণ করুন।
মাইগ্রেশন করতে কি কোনো সরকারি ফি আছে?,migration_application_fee_amount,"মাইগ্রেশন আবেদন করতে সাধারণত কোন টাকা লাগে না, তবে মাইগ্রেশন হওয়ার পরে নতুন কার্ড পেতে ১৫% ভ্যাটসহ ২৩০ (সাধারণ)/৩৪৫ (জরুরী) টাকা ফি দিয়ে রিইস্যুর আবেদন করতে হবে।"
স্থানান্তর করতে গিয়ে কি ফি নেওয়া হয়?,migration_application_fee_amount,"মাইগ্রেশন আবেদন করতে সাধারণত কোন টাকা লাগে না, তবে মাইগ্রেশন হওয়ার পরে নতুন কার্ড পেতে ১৫% ভ্যাটসহ ২৩০ (সাধারণ)/৩৪৫ (জরুরী) টাকা ফি দিয়ে রিইস্যুর আবেদন করতে হবে।"
"কার্ড রিইস্যুর সাধারণ ফি কত, জরুরি ফি কত?",migration_application_fee_amount,"মাইগ্রেশন আবেদন করতে সাধারণত কোন টাকা লাগে না, তবে মাইগ্রেশন হওয়ার পরে নতুন কার্ড পেতে ১৫% ভ্যাটসহ ২৩০ (সাধারণ)/৩৪৫ (জরুরী) টাকা ফি দিয়ে রিইস্যুর আবেদন করতে হবে।"
রিইস্যু কার্ডের জন্য সাধারণ ও জরুরি চার্জ কতো?,migration_application_fee_amount,"মাইগ্রেশন আবেদন করতে সাধারণত কোন টাকা লাগে না, তবে মাইগ্রেশন হওয়ার পরে নতুন কার্ড পেতে ১৫% ভ্যাটসহ ২৩০ (সাধারণ)/৩৪৫ (জরুরী) টাকা ফি দিয়ে রিইস্যুর আবেদন করতে হবে।"
NID রিইস্যুতে সাধারণ বনাম জরুরী ফি কত?,migration_application_fee_amount,"মাইগ্রেশন আবেদন করতে সাধারণত কোন টাকা লাগে না, তবে মাইগ্রেশন হওয়ার পরে নতুন কার্ড পেতে ১৫% ভ্যাটসহ ২৩০ (সাধারণ)/৩৪৫ (জরুরী) টাকা ফি দিয়ে রিইস্যুর আবেদন করতে হবে।"
মাইগ্রেশনের পর কার্ড পেতে কী করতে হবে?,migration_application_fee_amount,"মাইগ্রেশন আবেদন করতে সাধারণত কোন টাকা লাগে না, তবে মাইগ্রেশন হওয়ার পরে নতুন কার্ড পেতে ১৫% ভ্যাটসহ ২৩০ (সাধারণ)/৩৪৫ (জরুরী) টাকা ফি দিয়ে রিইস্যুর আবেদন করতে হবে।"
স্থানান্তরের পর কার্ড নিতে করণীয় কী?,migration_application_fee_amount,"মাইগ্রেশন আবেদন করতে সাধারণত কোন টাকা লাগে না, তবে মাইগ্রেশন হওয়ার পরে নতুন কার্ড পেতে ১৫% ভ্যাটসহ ২৩০ (সাধারণ)/৩৪৫ (জরুরী) টাকা ফি দিয়ে রিইস্যুর আবেদন করতে হবে।"
স্থানান্তর আবেদন কি ফ্রি অফ কস্ট?,migration_application_fee_amount,"মাইগ্রেশন আবেদন করতে সাধারণত কোন টাকা লাগে না, তবে মাইগ্রেশন হওয়ার পরে নতুন কার্ড পেতে ১৫% ভ্যাটসহ ২৩০ (সাধারণ)/৩৪৫ (জরুরী) টাকা ফি দিয়ে রিইস্যুর আবেদন করতে হবে।"
ভ্যাটসহ কার্ড ইস্যুতে কত দিতে হয়?,migration_application_fee_amount,"মাইগ্রেশন আবেদন করতে সাধারণত কোন টাকা লাগে না, তবে মাইগ্রেশন হওয়ার পরে নতুন কার্ড পেতে ১৫% ভ্যাটসহ ২৩০ (সাধারণ)/৩৪৫ (জরুরী) টাকা ফি দিয়ে রিইস্যুর আবেদন করতে হবে।"
ভ্যাটসহ সাধারণ রিইস্যুর ফি কতো?,migration_application_fee_amount,"মাইগ্রেশন আবেদন করতে সাধারণত কোন টাকা লাগে না, তবে মাইগ্রেশন হওয়ার পরে নতুন কার্ড পেতে ১৫% ভ্যাটসহ ২৩০ (সাধারণ)/৩৪৫ (জরুরী) টাকা ফি দিয়ে রিইস্যুর আবেদন করতে হবে।"
রিইস্যুর আবেদন করলে কত টাকা পরিশোধ করতে হবে?,migration_application_fee_amount,"মাইগ্রেশন আবেদন করতে সাধারণত কোন টাকা লাগে না, তবে মাইগ্রেশন হওয়ার পরে নতুন কার্ড পেতে ১৫% ভ্যাটসহ ২৩০ (সাধারণ)/৩৪৫ (জরুরী) টাকা ফি দিয়ে রিইস্যুর আবেদন করতে হবে।"
উপজেলা নির্বাচন অফিসে ঠিকানা পরিবর্তনের অ্যাপয়েন্টমেন্ট লাগে কি?,migration_fee_amount_query,১০৫ এ ফোন করে স্থায়ী ঠিকানা সম্পর্কিত তথ্য জেনে নিন।
এনআইডিতে পারমানেন্ট ঠিকানা কেন বর্তমান ঠিকানার সঙ্গে গুলিয়ে যায়?,migration_fee_amount_query,১০৫ এ ফোন করে স্থায়ী ঠিকানা সম্পর্কিত তথ্য জেনে নিন।
সব তথ্য মিলিয়ে দেখে কাগজপত্র জমা দিলেও আমার আবেদন নাকচ হলো—কেন এমন হলো?,migration_fee_dispute_clarification,আবেদন নিষ্পত্তিকারী কর্তৃপক্ষ চাহিত সংশোধন ও দাখিলকৃত দলিলাদি যাচাই করে সিদ্ধান্ত গ্রহণ করে থাকেন। সেক্ষেত্রে গরমিল পরিলক্ষিত হলে আবেদনটি বাতিল বা আংশিক অনুমোদন দেওয়া হয়। আপনার দলিলাদিতে তথ্য সঠিক থাকলে তার মূল কপি সহ সংশ্লিষ্ট নির্বাচন কর্মকর্তার পরামর্শ গ্রহণ করুন এবং ডিভোর্স লেটার চাওয়া হয় শুধুমাত্র বিবাহিত মহিলাদের ক্ষেত্রে।
"আবেদন কেন রিজেক্ট করা হলো, যখন ডকুমেন্টে কোনো ভুল নেই?",migration_fee_dispute_clarification,আবেদন নিষ্পত্তিকারী কর্তৃপক্ষ চাহিত সংশোধন ও দাখিলকৃত দলিলাদি যাচাই করে সিদ্ধান্ত গ্রহণ করে থাকেন। সেক্ষেত্রে গরমিল পরিলক্ষিত হলে আবেদনটি বাতিল বা আংশিক অনুমোদন দেওয়া হয়। আপনার দলিলাদিতে তথ্য সঠিক থাকলে তার মূল কপি সহ সংশ্লিষ্ট নির্বাচন কর্মকর্তার পরামর্শ গ্রহণ করুন এবং ডিভোর্স লেটার চাওয়া হয় শুধুমাত্র বিবাহিত মহিলাদের ক্ষেত্রে।
আমি সঠিক ডকুমেন্ট দিয়েছি; তারপরও কেন আবেদন বাতিল করা হলো?,migration_fee_dispute_clarification,আবেদন নিষ্পত্তিকারী কর্তৃপক্ষ চাহিত সংশোধন ও দাখিলকৃত দলিলাদি যাচাই করে সিদ্ধান্ত গ্রহণ করে থাকেন। সেক্ষেত্রে গরমিল পরিলক্ষিত হলে আবেদনটি বাতিল বা আংশিক অনুমোদন দেওয়া হয়। আপনার দলিলাদিতে তথ্য সঠিক থাকলে তার মূল কপি সহ সংশ্লিষ্ট নির্বাচন কর্মকর্তার পরামর্শ গ্রহণ করুন এবং ডিভোর্স লেটার চাওয়া হয় শুধুমাত্র বিবাহিত মহিলাদের ক্ষেত্রে।
ঠিকানায় শুধু গ্রামের নামের সংশোধন দরকার; ভোটার এলাকায় পরিবর্তন নেই—কোনটা ফরম লাগবে?,migration_form_thirteen_procedure,"না, ভোটার এলাকা পরিবর্তন না হলে সংশোধনের জন্য আবেদন করতে পারবেন।  কিন্তু ভোটার এলাকার পরিবর্তন হলে স্থানান্তর ফরম পূরণ করে আবেদন করতে হবে।"
ভোটার এলাকা না বদলালে গ্রামের নাম সংশোধনের জন্য কোন প্রক্রিয়া?,migration_form_thirteen_procedure,"না, ভোটার এলাকা পরিবর্তন না হলে সংশোধনের জন্য আবেদন করতে পারবেন।  কিন্তু ভোটার এলাকার পরিবর্তন হলে স্থানান্তর ফরম পূরণ করে আবেদন করতে হবে।"
গ্রাম নাম সংশোধন করতে চাই—এলাকা না বদলালে ফর্ম কোনটা?,migration_form_thirteen_procedure,"না, ভোটার এলাকা পরিবর্তন না হলে সংশোধনের জন্য আবেদন করতে পারবেন।  কিন্তু ভোটার এলাকার পরিবর্তন হলে স্থানান্তর ফরম পূরণ করে আবেদন করতে হবে।"
ভোটার রেকর্ডে গ্রাম নামটা আপডেট; এলাকা অপরিবর্তিত—ফর্ম কী হবে?,migration_form_thirteen_procedure,"না, ভোটার এলাকা পরিবর্তন না হলে সংশোধনের জন্য আবেদন করতে পারবেন।  কিন্তু ভোটার এলাকার পরিবর্তন হলে স্থানান্তর ফরম পূরণ করে আবেদন করতে হবে।"
"গ্রাম নাম পরিবর্তন নয়, কেবল সংশোধন—এলাকা একই; ফর্ম কোনটি?",migration_form_thirteen_procedure,"না, ভোটার এলাকা পরিবর্তন না হলে সংশোধনের জন্য আবেদন করতে পারবেন।  কিন্তু ভোটার এলাকার পরিবর্তন হলে স্থানান্তর ফরম পূরণ করে আবেদন করতে হবে।"
"গ্রাম নামের ভুল সংশোধনের ক্ষেত্রে, ভোটার এলাকা অপরিবর্তিত থাকলে, কোন ফর্ম জমা দেব?",migration_form_thirteen_procedure,"না, ভোটার এলাকা পরিবর্তন না হলে সংশোধনের জন্য আবেদন করতে পারবেন।  কিন্তু ভোটার এলাকার পরিবর্তন হলে স্থানান্তর ফরম পূরণ করে আবেদন করতে হবে।"
ভাড়া বাসা বদলে নতুন এলাকায় ভোটার করলে স্থায়ী ঠিকানা কি পাল্টাবে?,migration_parent_spouse_address_required,"জ্বি হ্যা। ভোটার স্থানান্তর করে যেখানে যাবেন, সে ঠিকানা লিপিবদ্ধ হবে এবং ভোটার তালিকায় থাকবে। তবে স্থায়ী ঠিকানার ভোটারের স্থানান্তর আবেদনের পূর্বে উপজেলা/ থানা নির্বাচন অফিসারের নিকট বর্তমান ঠিকানায় ভোটার স্থানান্তর করার জন্য আবেদন করতে হবে।"
আমি বর্তমান ঠিকানা অনুসারে ভোটার হতে চাই—তো স্থায়ী ঠিকানা কি পরিবর্তিত হবে?,migration_parent_spouse_address_required,"জ্বি হ্যা। ভোটার স্থানান্তর করে যেখানে যাবেন, সে ঠিকানা লিপিবদ্ধ হবে এবং ভোটার তালিকায় থাকবে। তবে স্থায়ী ঠিকানার ভোটারের স্থানান্তর আবেদনের পূর্বে উপজেলা/ থানা নির্বাচন অফিসারের নিকট বর্তমান ঠিকানায় ভোটার স্থানান্তর করার জন্য আবেদন করতে হবে।"
বর্তমান ও স্থায়ী ঠিকানা দুটোই কি একসঙ্গে পরিবর্তনের জন্য আবেদন করা যাবে?,migration_personal_attendance_required,বর্তমান ঠিকানারা জেলা পরিবর্তনের জন্য স্থানান্তরের আবেদন করতে হবে। স্থায়ী ঠিকানার জেলা সংশোধনের জন্য অনলাইনে আবেদন করতে পারবেন।
একই সময়ে কি দুই ঠিকানার পরিবর্তনের জন্য আবেদন করা সম্ভব?,migration_personal_attendance_required,বর্তমান ঠিকানারা জেলা পরিবর্তনের জন্য স্থানান্তরের আবেদন করতে হবে। স্থায়ী ঠিকানার জেলা সংশোধনের জন্য অনলাইনে আবেদন করতে পারবেন।
বর্তমান আর স্থায়ী—দুই ঠিকানা কি এক আবেদনেই বদলানো যাবে?,migration_personal_attendance_required,বর্তমান ঠিকানারা জেলা পরিবর্তনের জন্য স্থানান্তরের আবেদন করতে হবে। স্থায়ী ঠিকানার জেলা সংশোধনের জন্য অনলাইনে আবেদন করতে পারবেন।
একই পদ্ধতিতে কি বর্তমান ও স্থায়ী ঠিকানা আপডেট করা যায়?,migration_personal_attendance_required,বর্তমান ঠিকানারা জেলা পরিবর্তনের জন্য স্থানান্তরের আবেদন করতে হবে। স্থায়ী ঠিকানার জেলা সংশোধনের জন্য অনলাইনে আবেদন করতে পারবেন।
একজন ভোটার কি একযোগে বর্তমান ও স্থায়ী ঠিকানার পরিবর্তনের আবেদন করতে পারে?,migration_personal_attendance_required,বর্তমান ঠিকানারা জেলা পরিবর্তনের জন্য স্থানান্তরের আবেদন করতে হবে। স্থায়ী ঠিকানার জেলা সংশোধনের জন্য অনলাইনে আবেদন করতে পারবেন।
অনলাইনে সাবমিট করলে কি একবারে দুই ঠিকানাই আপডেট হবে?,migration_personal_attendance_required,বর্তমান ঠিকানারা জেলা পরিবর্তনের জন্য স্থানান্তরের আবেদন করতে হবে। স্থায়ী ঠিকানার জেলা সংশোধনের জন্য অনলাইনে আবেদন করতে পারবেন।
একবারে কি বর্তমান ও স্থায়ী অ্যাড্রেস দুটোরই পরিবর্তন করা সম্ভব?,migration_personal_attendance_required,বর্তমান ঠিকানারা জেলা পরিবর্তনের জন্য স্থানান্তরের আবেদন করতে হবে। স্থায়ী ঠিকানার জেলা সংশোধনের জন্য অনলাইনে আবেদন করতে পারবেন।
আমি কি দুই ঠিকানার পরিবর্তনের জন্য একত্রে আবেদন করতে পারি?,migration_personal_attendance_required,বর্তমান ঠিকানারা জেলা পরিবর্তনের জন্য স্থানান্তরের আবেদন করতে হবে। স্থায়ী ঠিকানার জেলা সংশোধনের জন্য অনলাইনে আবেদন করতে পারবেন।
দুই ঠিকানা একই সাথে আপডেট করতে কি অনুমতি আছে?,migration_personal_attendance_required,বর্তমান ঠিকানারা জেলা পরিবর্তনের জন্য স্থানান্তরের আবেদন করতে হবে। স্থায়ী ঠিকানার জেলা সংশোধনের জন্য অনলাইনে আবেদন করতে পারবেন।
একইসাথে কি বর্তমান ঠিকানা বদল করা ও স্থায়ী ঠিকানা সংশোধন করা যায়?,migration_personal_attendance_required,বর্তমান ঠিকানারা জেলা পরিবর্তনের জন্য স্থানান্তরের আবেদন করতে হবে। স্থায়ী ঠিকানার জেলা সংশোধনের জন্য অনলাইনে আবেদন করতে পারবেন।
"ইমেইলে ভোটার ঠিকানা আপডেটের আবেদন পাঠিয়েছি, কোনো বার্তা আসেনি—এখন কী করা উচিত?",migration_post_office_code_change,১০৫ এ ফোন করে আপনার আবেদনের অবস্থা জেনে নিন।
"ঠিকানা আপডেটের রসিদ হাতে আছে, তারপরও কোনো খবর নেই—এখন কী করব?",migration_post_office_code_change,১০৫ এ ফোন করে আপনার আবেদনের অবস্থা জেনে নিন।
"ভোটার ঠিকানা স্থানান্তরের আবেদন করেছি, কোনো আপডেট নেই—এখন করনীয় কী?",migration_post_office_code_change,১০৫ এ ফোন করে আপনার আবেদনের অবস্থা জেনে নিন।
থানা অফিসে ফর্ম জমা দেওয়ার পর থেকে কোনো খবর নেই—এখন কী করবো?,migration_post_office_code_change,১০৫ এ ফোন করে আপনার আবেদনের অবস্থা জেনে নিন।
"নির্বাচন অফিসে আবেদন করেছি, বার্তা না পাওয়ায় কী করা উচিত?",migration_post_office_code_change,১০৫ এ ফোন করে আপনার আবেদনের অবস্থা জেনে নিন।
"অনলাইনে ঠিকানা ট্রান্সফারের রিকোয়েস্ট, এখনও আপডেট নেই—এখন কী করবো?",migration_post_office_code_change,১০৫ এ ফোন করে আপনার আবেদনের অবস্থা জেনে নিন।
আমি এনআইডির নাম ঠিক করেছি; নতুন স্মার্ট কার্ড কি ইস্যু হবে?,migration_property_ownership_requirement,না। নতুন ঠিকানার জন্য আপনাকে অনলাইনে রি-ইস্যুর আবেদন করতে হবে।
আমি বিদেশি নাগরিকত্ব নিয়েছি; এখন আমার বাংলাদেশি এনআইডির কী হবে?,migration_transfer_difference,আপনি নাগরিকত্ব গ্রহণকালীন যদি বাংলাদেশের নাগরিকত্ব পরিত্যাগ করে থাকেন তাহলে এনএনআইডি বাতিল হবে।
অন্য দেশের নাগরিকত্ব পাওয়ার পর বাংলাদেশি NID কি আর বৈধ থাকে?,migration_transfer_difference,আপনি নাগরিকত্ব গ্রহণকালীন যদি বাংলাদেশের নাগরিকত্ব পরিত্যাগ করে থাকেন তাহলে এনএনআইডি বাতিল হবে।
বাংলাদেশি নাগরিকত্ব ছাড়ার পর NID কি আইনত অকার্যকর?,migration_transfer_difference,আপনি নাগরিকত্ব গ্রহণকালীন যদি বাংলাদেশের নাগরিকত্ব পরিত্যাগ করে থাকেন তাহলে এনএনআইডি বাতিল হবে।
বিদেশে সিটিজেনশিপ নেওয়ার সাথে সাথে কি জাতীয় পরিচয়পত্র বাতিল ধরা হয়?,migration_transfer_difference,আপনি নাগরিকত্ব গ্রহণকালীন যদি বাংলাদেশের নাগরিকত্ব পরিত্যাগ করে থাকেন তাহলে এনএনআইডি বাতিল হবে।
আমি এখন অন্য দেশের নাগরিক; বাংলাদেশি এনআইডি রাখা কি বৈধ?,migration_transfer_difference,আপনি নাগরিকত্ব গ্রহণকালীন যদি বাংলাদেশের নাগরিকত্ব পরিত্যাগ করে থাকেন তাহলে এনএনআইডি বাতিল হবে।
আমি বিদেশি নাগরিক; বাংলাদেশি এনআইডি পুনরায় ইস্যু হবে কি?,migration_transfer_difference,আপনি নাগরিকত্ব গ্রহণকালীন যদি বাংলাদেশের নাগরিকত্ব পরিত্যাগ করে থাকেন তাহলে এনএনআইডি বাতিল হবে।
নাগরিকত্ব বদলালে NID কবে থেকে অকার্যকর ধরা হয়?,migration_transfer_difference,আপনি নাগরিকত্ব গ্রহণকালীন যদি বাংলাদেশের নাগরিকত্ব পরিত্যাগ করে থাকেন তাহলে এনএনআইডি বাতিল হবে।
অনলাইন বাদে কি নির্বাচন অফিস সরাসরি আবেদন নেয়?,mobile_number_card_display_suggestion,অনলাইন ছাড়াও উপজেলা বা থানা নির্বাচন অফিসে সরাসরি আবেদন করা যেতে পারে।
"এনআইডি কারেকশন ফি ট্রানজ্যাকশন Pending থেকে যাচ্ছে, নেট সমস্যা হলে কী করব?",network_problem_during_payment_resolution,সাধারণত এনআইডি এর আবেদন করার জন্য প্রদানকৃত ফিস আবেদন সম্পন্ন করা না হলে উক্ত এনআইডির বিপরীতে জমা থাকে। এমতাবস্থায় কোন কারণে ফি জমা দেওয়ার সময় নেটওয়ার্ক সমস্যা থাকলে সংশ্লিষ্ট এমএফএস সেবা সম্পর্কিত হেল্পলাইনে কথা বলতে হবে। অথবা যদি ফি জমা দেওয়া সম্পন্ন হয়েছে কিন্তু আবেদন করার সময় অনলাইন সেবা নেটওয়ার্কজনিত কারণে বিঘ্নিত হয়ে থাকে তাহলে নেটওয়ার্ক ঠিক হাওয়ার পর আবেদন প্রক্রিয়া সম্পন্ন করতে হবে।
নতুন এনআইডি নিবন্ধনের সময় কি কোনো ফি দিতে হয়?,new_registration_fee_not_required,না। তবে প্রবাসে নিবন্ধনের জন্য নির্ধারিত হারে কনস্যুলার ফি দিতে হয়।
এনআইডির নব নিবন্ধনে কি কোনো চার্জ প্রযোজ্য?,new_registration_fee_not_required,না। তবে প্রবাসে নিবন্ধনের জন্য নির্ধারিত হারে কনস্যুলার ফি দিতে হয়।
প্রথম এনআইডি রেজিস্ট্রেশন করতে কি পেমেন্ট করতে হয়?,new_registration_fee_not_required,না। তবে প্রবাসে নিবন্ধনের জন্য নির্ধারিত হারে কনস্যুলার ফি দিতে হয়।
জাতীয় পরিচয়পত্রের প্রাথমিক নিবন্ধনে কি কোনো টাকা লাগে?,new_registration_fee_not_required,না। তবে প্রবাসে নিবন্ধনের জন্য নির্ধারিত হারে কনস্যুলার ফি দিতে হয়।
প্রথমবারের এনআইডি প্রসেসিংয়ে কি ফি দিতে হবে?,new_registration_fee_not_required,না। তবে প্রবাসে নিবন্ধনের জন্য নির্ধারিত হারে কনস্যুলার ফি দিতে হয়।
প্রথম এনআইডি তোলার জন্য নিবন্ধনে কি কোনো চার্জ আছে?,new_registration_fee_not_required,না। তবে প্রবাসে নিবন্ধনের জন্য নির্ধারিত হারে কনস্যুলার ফি দিতে হয়।
এনআইডি প্রথম নিবন্ধনের জন্য কি টাকা জমা দিতে হয়?,new_registration_fee_not_required,না। তবে প্রবাসে নিবন্ধনের জন্য নির্ধারিত হারে কনস্যুলার ফি দিতে হয়।
এনআইডি নতুন নাম নিবন্ধনের জন্য কি টাকা দিতে হবে?,new_registration_fee_not_required,না। তবে প্রবাসে নিবন্ধনের জন্য নির্ধারিত হারে কনস্যুলার ফি দিতে হয়।
নতুন ভোটার হওয়ার ফরমে জন্মতারিখে ভুল—আবেদন বাতিলের উপায় কী?,new_voter_form_cancellation_online,সংশ্লিষ্ট উপজেলা/ থানা নির্বাচন কর্মকর্তা ও রেজিস্ট্রেশন কর্মকর্তার শরণাপন্ন হতে হবে হয়।
অনলাইন নতুন ভোটার অ্যাপ্লিকেশনটি উইথড্র করতে পারবো কীভাবে?,new_voter_form_cancellation_online,সংশ্লিষ্ট উপজেলা/ থানা নির্বাচন কর্মকর্তা ও রেজিস্ট্রেশন কর্মকর্তার শরণাপন্ন হতে হবে হয়।
এনআইডির নতুন আবেদন ভুল হওয়ায় বাতিল দরকার—কার সাথে কথা বলবো?,new_voter_form_cancellation_online,সংশ্লিষ্ট উপজেলা/ থানা নির্বাচন কর্মকর্তা ও রেজিস্ট্রেশন কর্মকর্তার শরণাপন্ন হতে হবে হয়।
নতুন ভোটার আবেদন বাতিলের জন্য উপজেলা নির্বাচন অফিসে কি সরাসরি যেতে হবে?,new_voter_form_cancellation_online,সংশ্লিষ্ট উপজেলা/ থানা নির্বাচন কর্মকর্তা ও রেজিস্ট্রেশন কর্মকর্তার শরণাপন্ন হতে হবে হয়।
অনলাইন নতুন ভোটার আবেদন রদ করার অথরিটি কারা?,new_voter_form_cancellation_online,সংশ্লিষ্ট উপজেলা/ থানা নির্বাচন কর্মকর্তা ও রেজিস্ট্রেশন কর্মকর্তার শরণাপন্ন হতে হবে হয়।
ভোটার এনআইডি নম্বর কি আবার নতুন করে ইস্যু করা হয়?,nid_card_cancellation_procedure,না। এনআইডি নম্বর পরিবর্তনযোগ্য নয়।
এনআইডি নম্বর কি তথ্য সংশোধনে বদলায় না?,nid_card_cancellation_procedure,না। এনআইডি নম্বর পরিবর্তনযোগ্য নয়।
পাসপোর্ট ছাড়া কি কেবল জন্মসনদ দিয়ে ভোটার হওয়া সম্ভব?,nid_number_10_vs_17_digit_formats,প্রবাসে অবস্থানরত বাংলাদেশী নাগরিকগণের জাতীয় পরিচয় নিবন্ধনের অনলাইন জন্ম নিবন্ধন সনদ অথবা সংশ্লিষ্ট দেশে বাংলাদেশী তিনজন বাংলাদেশি এনআইডিধারী ব্যক্তি কর্তৃক বাংলাদেশি মর্মে (নির্ধারিত ফরমে) প্রত্যয়নপত্র এবং পিতামাতার এনআইডি কপি ও বাংলাদেশি পাসপোর্ট থাকা জরুরী।
প্রবাসী হয়ে ভোটার হতে চাই; কী কী নথি দিতে হবে?,offline_application_method,"অনলাইনে আবেদন ফর্ম, এক কপি রঙ্গিন পাসপোর্ট সাইজের ছবি, পাসপোর্ট ও জন্মসনদ।"
বিদেশে ভোটার করতে আবেদন করলে কোন কোন নথি সংযুক্ত করতে হয়?,offline_application_method,"অনলাইনে আবেদন ফর্ম, এক কপি রঙ্গিন পাসপোর্ট সাইজের ছবি, পাসপোর্ট ও জন্মসনদ।"
বিদেশে ভোটার রেজিস্ট্রেশনের জন্য দরকারি কাগজপত্র কী কী?,offline_application_method,"অনলাইনে আবেদন ফর্ম, এক কপি রঙ্গিন পাসপোর্ট সাইজের ছবি, পাসপোর্ট ও জন্মসনদ।"
দেশের বাইরে থেকে ভোটার নিবন্ধনে কী কাগজপত্র সঙ্গে নিতে হবে?,offline_application_method,"অনলাইনে আবেদন ফর্ম, এক কপি রঙ্গিন পাসপোর্ট সাইজের ছবি, পাসপোর্ট ও জন্মসনদ।"
বিদেশে বসবাসরতদের ভোটার রেজিস্ট্রেশনে কোন কোন নথি লাগে?,offline_application_method,"অনলাইনে আবেদন ফর্ম, এক কপি রঙ্গিন পাসপোর্ট সাইজের ছবি, পাসপোর্ট ও জন্মসনদ।"
প্রবাস থেকে ভোটার রেজিস্ট্রেশন ফাইল করতে কোন কোন কাগজ লাগবে?,offline_application_method,"অনলাইনে আবেদন ফর্ম, এক কপি রঙ্গিন পাসপোর্ট সাইজের ছবি, পাসপোর্ট ও জন্মসনদ।"
বিদেশে ভোটার আইডির জন্য কোন কোন ডকুমেন্টস দরকার হবে?,offline_application_method,"অনলাইনে আবেদন ফর্ম, এক কপি রঙ্গিন পাসপোর্ট সাইজের ছবি, পাসপোর্ট ও জন্মসনদ।"
বিদেশে বসবাসকারী হিসেবে ভোটার আইডির জন্য কী কী কাগজপত্র দিতে হবে?,offline_application_method,"অনলাইনে আবেদন ফর্ম, এক কপি রঙ্গিন পাসপোর্ট সাইজের ছবি, পাসপোর্ট ও জন্মসনদ।"
অফিসে নগদ ফি পরিশোধ করা কি অনুমোদিত নয়?,offline_fee_payment_not_allowed,জাতীয় পরিচয় সেবা সংক্রান্ত কোন ফি নগদ প্রদানের সুযোগ নেই।
এনআইডি তথ্য ভুলভাবে ইনপুট হলে আবেদনকারী কেন টাকা দেবে?,operator_error_fee_responsibility,"সংশ্লিষ্ট উপজেলা নির্বাচন অফিসে ফাইনাল ডাটা সাবমিশনের পূর্বে প্রুফ কপি দেখিয়ে আবেদনকারীর স্বাক্ষর গ্রহণ করা হয়। তবুও যদি ডাটা এন্ট্রির সময় অপারেটরের ভুলক্রমে তথ্য ভিন্নভাবে সংরক্ষিত হয়, তবে চূড়ান্ত তালিকা প্রকাশের পর তা সংশোধন করতে হলে প্রযোজ্য ক্ষেত্রে নির্ধারিত ফি জমা দিতে হবে। কারণ শুধুমাত্র খসড়া তালিকা প্রকাশের সময় তথ্য বিনা ফি-তে সংশোধনের সুযোগ থাকে। খসড়া তালিকার সময় অতিক্রম করলে সংশোধনের জন্য ফি পরিশোধ করা রাষ্ট্রীয় আইনের বিধান।"
১০ কার্যদিবসের পরে লক থাকলে কি অভিযোগ রেজিস্টার করার প্রক্রিয়া আছে?,orphan_address_without_parents,সাধারণ স্থানান্তর কার্যক্রম সম্পন্ন হওয়ার বার্তা প্রাপ্ত হলেও কিছুদিন/ কিছুসময় এর জন্য ডাটা লক অবস্থায় থাকতে পারে। তবে সেটি যদি ১০ কার্যদিবস অতিক্রম করে তাহলে ১০৫ এ ফোন করে প্রয়োজনীয় পরামর্শ গ্রহণ করুন।
বাবা-মায়ের পরিচয় নাই—ভোটার হিসেবে নিবন্ধন করতে পারি কি?,orphan_no_parent_information_registration,"অবশ্যই, আপনি ভোটার হওয়ার বয়সে পৌঁছালে আবেদন করতে পারবেন। এক্ষেত্রে আপনার পিতা ও মাতার স্থলে “অপ্রাপ্য” শব্দটি উল্লেখ করতে হবে।"
আবেদন বাতিল করলে পরিশোধিত ফি কি ফেরত পাওয়া যায়?,overpayment_refund_not_possible,"দুঃখিত, আপনার জমাকৃত ফিস ফেরত পাওয়ার সুযোগ নেই।"
আমার আবেদন রিজেক্ট হলে ফি রিটার্ন হয় কি?,overpayment_refund_not_possible,"দুঃখিত, আপনার জমাকৃত ফিস ফেরত পাওয়ার সুযোগ নেই।"
আবেদন বাতিল হলে ফি কেন ফেরৎ পাওয়া যায় না—পাওয়া যাবে কি?,overpayment_refund_not_possible,"দুঃখিত, আপনার জমাকৃত ফিস ফেরত পাওয়ার সুযোগ নেই।"
আবেদন বাতিলের ক্ষেত্রে কি ফি স্থায়ীভাবে নন-রিফান্ডেবল?,overpayment_refund_not_possible,"দুঃখিত, আপনার জমাকৃত ফিস ফেরত পাওয়ার সুযোগ নেই।"
আবেদন প্রত্যাহারের পরে ফি কি আর ক্লেইম করা যায় না?,overpayment_refund_not_possible,"দুঃখিত, আপনার জমাকৃত ফিস ফেরত পাওয়ার সুযোগ নেই।"
আবেদন বাতিলে রিফান্ডের নিয়ম আছে কি নেই?,overpayment_refund_not_possible,"দুঃখিত, আপনার জমাকৃত ফিস ফেরত পাওয়ার সুযোগ নেই।"
আবেদন খারিজ হলে ফি ফেরতের অধিকার আছে কি?,overpayment_refund_not_possible,"দুঃখিত, আপনার জমাকৃত ফিস ফেরত পাওয়ার সুযোগ নেই।"
আবেদন ক্যানসেল করলে কি পেমেন্ট রিভার্ট হয়?,overpayment_refund_not_possible,"দুঃখিত, আপনার জমাকৃত ফিস ফেরত পাওয়ার সুযোগ নেই।"
আবেদন প্রত্যাহার করলে কি কোনোভাবেই টাকা ফিরে পাওয়া যায় না?,overpayment_refund_not_possible,"দুঃখিত, আপনার জমাকৃত ফিস ফেরত পাওয়ার সুযোগ নেই।"
অভিভাবকের এনআইডি কপি অনুপস্থিত; নতুন ভোটার রেজিস্ট্রেশনের জন্য কোন নথিপত্র প্রয়োজন?,parent_no_nid_alternative_documents,এরূপ পরিস্থিতিতে অনলাইনে ফর্‌ম পূরণের পূর্বে সংশ্লিষ্ট উপজেলা/ থানা নির্বাচন কর্মকর্তা ও রেজিস্ট্রেশন কর্মকর্তার পরামর্শ গ্রহণ করতে হবে।
বাবা-মার NID না থাকলে ভোটার হিসেবে নাম অন্তর্ভুক্তির জন্য কোন কোন দলিল জমা দিতে হবে?,parent_no_nid_alternative_documents,এরূপ পরিস্থিতিতে অনলাইনে ফর্‌ম পূরণের পূর্বে সংশ্লিষ্ট উপজেলা/ থানা নির্বাচন কর্মকর্তা ও রেজিস্ট্রেশন কর্মকর্তার পরামর্শ গ্রহণ করতে হবে।
মা-বাবার সাথে সম্পর্ক নেই; তাঁদের পরিচয়পত্র ছাড়া ভোটার তালিকাভুক্ত হতে কী নথি চাই?,parent_no_nid_alternative_documents,এরূপ পরিস্থিতিতে অনলাইনে ফর্‌ম পূরণের পূর্বে সংশ্লিষ্ট উপজেলা/ থানা নির্বাচন কর্মকর্তা ও রেজিস্ট্রেশন কর্মকর্তার পরামর্শ গ্রহণ করতে হবে।
মা-বাবার পরিচয় নেই—এই অবস্থায় NID করতে কী নথি প্রয়োজন?,parent_no_nid_alternative_documents,এরূপ পরিস্থিতিতে অনলাইনে ফর্‌ম পূরণের পূর্বে সংশ্লিষ্ট উপজেলা/ থানা নির্বাচন কর্মকর্তা ও রেজিস্ট্রেশন কর্মকর্তার পরামর্শ গ্রহণ করতে হবে।
পিতামাতার পরিচয়পত্রের কপি নেই; নতুন ভোটার রেজিস্ট্রেশনে কোন কোন নথির প্রয়োজন?,parent_no_nid_alternative_documents,এরূপ পরিস্থিতিতে অনলাইনে ফর্‌ম পূরণের পূর্বে সংশ্লিষ্ট উপজেলা/ থানা নির্বাচন কর্মকর্তা ও রেজিস্ট্রেশন কর্মকর্তার পরামর্শ গ্রহণ করতে হবে।
পিতামাতার এনআইডি কপি না পেলে ভোটার হতে কোন বিকল্প দলিল প্রযোজ্য?,parent_no_nid_alternative_documents,এরূপ পরিস্থিতিতে অনলাইনে ফর্‌ম পূরণের পূর্বে সংশ্লিষ্ট উপজেলা/ থানা নির্বাচন কর্মকর্তা ও রেজিস্ট্রেশন কর্মকর্তার পরামর্শ গ্রহণ করতে হবে।
"পিতামাতার এনআইডি দিতে না পারলে ভোটার কার্ডের জন্য আবেদন কীভাবে করব, কী কাগজ লাগবে?",parent_no_nid_alternative_documents,এরূপ পরিস্থিতিতে অনলাইনে ফর্‌ম পূরণের পূর্বে সংশ্লিষ্ট উপজেলা/ থানা নির্বাচন কর্মকর্তা ও রেজিস্ট্রেশন কর্মকর্তার পরামর্শ গ্রহণ করতে হবে।
পিতামাতার পরিচয়পত্র ছাড়াই কি NID রেজিস্ট্রেশন করা যায়? হলে কোন কাগজ লাগবে?,parent_no_nid_alternative_documents,এরূপ পরিস্থিতিতে অনলাইনে ফর্‌ম পূরণের পূর্বে সংশ্লিষ্ট উপজেলা/ থানা নির্বাচন কর্মকর্তা ও রেজিস্ট্রেশন কর্মকর্তার পরামর্শ গ্রহণ করতে হবে।
মা-বাবার পরিচয়পত্র না থাকায় কপি দিতে পারছি না—NID করার প্রক্রিয়ায় কী লাগবে?,parent_no_nid_alternative_documents,এরূপ পরিস্থিতিতে অনলাইনে ফর্‌ম পূরণের পূর্বে সংশ্লিষ্ট উপজেলা/ থানা নির্বাচন কর্মকর্তা ও রেজিস্ট্রেশন কর্মকর্তার পরামর্শ গ্রহণ করতে হবে।
ফিঙ্গারপ্রিন্ট ছাড়া নতুন ভোটার হওয়ার অফিসিয়াল উপায় কী?,permanent_address_field_missing,রেজিস্ট্রেশন অফিসার তথা সংশ্লিষ্ট উপজেলা নির্বাচন অফিসারের সাথে যোগাযোগ করুন।
আঙুল নেই—ভোটার রেজিস্ট্রেশন করার জন্য কাদের সাথে দেখা করব?,permanent_address_field_missing,রেজিস্ট্রেশন অফিসার তথা সংশ্লিষ্ট উপজেলা নির্বাচন অফিসারের সাথে যোগাযোগ করুন।
অস্থায়ীভাবে থাকি—current address কি permanent address-টাই দিতে হবে NID-এ?,permanent_address_modification_fees,ভাড়াটিয়া হয়ে থাকলে তার ভোটার হওয়ার বর্তমান ঠিকানা স্থায়ী বসতবাড়ীর ঠিকানা দেওয়া প্রয়োজন।
ভাড়া ঘরের ঠিকানা কি ভোটার আইডিতে present address হিসেবে চলে?,permanent_address_modification_fees,ভাড়াটিয়া হয়ে থাকলে তার ভোটার হওয়ার বর্তমান ঠিকানা স্থায়ী বসতবাড়ীর ঠিকানা দেওয়া প্রয়োজন।
কর্মস্থলে অস্থায়ী আবাস হলে ভোটার ফর্মে বর্তমান ঠিকানা কোনটি ধরা হয়?,permanent_address_modification_fees,ভাড়াটিয়া হয়ে থাকলে তার ভোটার হওয়ার বর্তমান ঠিকানা স্থায়ী বসতবাড়ীর ঠিকানা দেওয়া প্রয়োজন।
বায়োমেট্রিক সম্পন্ন করার পরও এসএমএসে পুনরায় ছবি/কাগজ চাওয়া—কী করা উচিত?,photo_done_repeat_sms_received,অনলাইনে পূরণকৃত একাধিক আবেদনের জন্য এটি ঘটতে পারে। যদি কোন একটি ফরম/ আবেদনের প্রেক্ষিতে ছবি-বায়োমেট্রিক প্রদান করে থাকেন তাহলে মেসেজটি এড়িয়ে যেতে পারেন।
বায়োমেট্রিক নেওয়া হয়েছে; তবু আবার কাগজের এসএমএস—কী করণীয়?,photo_done_repeat_sms_received,অনলাইনে পূরণকৃত একাধিক আবেদনের জন্য এটি ঘটতে পারে। যদি কোন একটি ফরম/ আবেদনের প্রেক্ষিতে ছবি-বায়োমেট্রিক প্রদান করে থাকেন তাহলে মেসেজটি এড়িয়ে যেতে পারেন।
স্থায়ী ঠিকানা না পেলে ভোটার তালিকায় ঠিকানা কীভাবে দিব?,present_address_change_fees,"কোন প্রকার বসতভিটা না থাকলে বর্তমানে যে ঠিকানায় বসবাস করছেন, সেই ঠিকানায় ভোটার হওয়া যায়। প্রয়োজনীয় কাগজপত্র দিয়ে।"
ভোটার হওয়ার ক্ষেত্রে কোন ঠিকানাটি বিবেচ্য—বর্তমান নাকি স্থায়ী?,present_address_change_process,ডাটাবেজে ব্যক্তির বর্তমান ও স্থায়ী ঠিকানা ব্যবহার করার সুযোগ রয়েছে। বর্তমান ঠিকানা হলো ভোটার তালিকা প্রণয়নের উদ্দেশ্যে ব্যক্তির বসবাস স্থান। অপরদিকে স্থায়ী ঠিকানা হলো পিতা-মাতা’র বাসস্থান বা ব্যক্তির নিজ নামে ক্রয়কৃত বাসা-জমি-ফ্ল্যাট বা বর্তমান ঠিকানা ব্যতীত ব্যক্তির অন্য ঠিকানা। তবে যে ঠিকানার ভোটার সেটিই এনআইডি কার্ডের পেছনে মুদ্রিত হয়।
ডাটাবেজে কি একই ব্যক্তির দুই ধরনের ঠিকানা রাখা যায়?,present_address_change_process,ডাটাবেজে ব্যক্তির বর্তমান ও স্থায়ী ঠিকানা ব্যবহার করার সুযোগ রয়েছে। বর্তমান ঠিকানা হলো ভোটার তালিকা প্রণয়নের উদ্দেশ্যে ব্যক্তির বসবাস স্থান। অপরদিকে স্থায়ী ঠিকানা হলো পিতা-মাতা’র বাসস্থান বা ব্যক্তির নিজ নামে ক্রয়কৃত বাসা-জমি-ফ্ল্যাট বা বর্তমান ঠিকানা ব্যতীত ব্যক্তির অন্য ঠিকানা। তবে যে ঠিকানার ভোটার সেটিই এনআইডি কার্ডের পেছনে মুদ্রিত হয়।
ভোটার আইডিতে কি স্থায়ী ঠিকানা দেখানো হয় নাকি ভোটার এলাকার ঠিকানা?,present_address_change_process,ডাটাবেজে ব্যক্তির বর্তমান ও স্থায়ী ঠিকানা ব্যবহার করার সুযোগ রয়েছে। বর্তমান ঠিকানা হলো ভোটার তালিকা প্রণয়নের উদ্দেশ্যে ব্যক্তির বসবাস স্থান। অপরদিকে স্থায়ী ঠিকানা হলো পিতা-মাতা’র বাসস্থান বা ব্যক্তির নিজ নামে ক্রয়কৃত বাসা-জমি-ফ্ল্যাট বা বর্তমান ঠিকানা ব্যতীত ব্যক্তির অন্য ঠিকানা। তবে যে ঠিকানার ভোটার সেটিই এনআইডি কার্ডের পেছনে মুদ্রিত হয়।
ভোটার তালিকায় অন্তর্ভুক্তির জন্য যে ঠিকানা লাগে সেটি কোনটা?,present_address_change_process,ডাটাবেজে ব্যক্তির বর্তমান ও স্থায়ী ঠিকানা ব্যবহার করার সুযোগ রয়েছে। বর্তমান ঠিকানা হলো ভোটার তালিকা প্রণয়নের উদ্দেশ্যে ব্যক্তির বসবাস স্থান। অপরদিকে স্থায়ী ঠিকানা হলো পিতা-মাতা’র বাসস্থান বা ব্যক্তির নিজ নামে ক্রয়কৃত বাসা-জমি-ফ্ল্যাট বা বর্তমান ঠিকানা ব্যতীত ব্যক্তির অন্য ঠিকানা। তবে যে ঠিকানার ভোটার সেটিই এনআইডি কার্ডের পেছনে মুদ্রিত হয়।
ভোটার তালিকার জন্য নিবন্ধনের সময় কোন ঠিকানাটি নেওয়া হয়?,present_address_change_process,ডাটাবেজে ব্যক্তির বর্তমান ও স্থায়ী ঠিকানা ব্যবহার করার সুযোগ রয়েছে। বর্তমান ঠিকানা হলো ভোটার তালিকা প্রণয়নের উদ্দেশ্যে ব্যক্তির বসবাস স্থান। অপরদিকে স্থায়ী ঠিকানা হলো পিতা-মাতা’র বাসস্থান বা ব্যক্তির নিজ নামে ক্রয়কৃত বাসা-জমি-ফ্ল্যাট বা বর্তমান ঠিকানা ব্যতীত ব্যক্তির অন্য ঠিকানা। তবে যে ঠিকানার ভোটার সেটিই এনআইডি কার্ডের পেছনে মুদ্রিত হয়।
স্থায়ী ঠিকানা কি বর্তমানে যেখানে আছি সেটি হতে পারে?,present_address_change_process,ডাটাবেজে ব্যক্তির বর্তমান ও স্থায়ী ঠিকানা ব্যবহার করার সুযোগ রয়েছে। বর্তমান ঠিকানা হলো ভোটার তালিকা প্রণয়নের উদ্দেশ্যে ব্যক্তির বসবাস স্থান। অপরদিকে স্থায়ী ঠিকানা হলো পিতা-মাতা’র বাসস্থান বা ব্যক্তির নিজ নামে ক্রয়কৃত বাসা-জমি-ফ্ল্যাট বা বর্তমান ঠিকানা ব্যতীত ব্যক্তির অন্য ঠিকানা। তবে যে ঠিকানার ভোটার সেটিই এনআইডি কার্ডের পেছনে মুদ্রিত হয়।
কার্ডের পেছনে প্রিন্ট হওয়া ঠিকানা কি ভোটার ঠিকানার সমান?,present_address_change_process,ডাটাবেজে ব্যক্তির বর্তমান ও স্থায়ী ঠিকানা ব্যবহার করার সুযোগ রয়েছে। বর্তমান ঠিকানা হলো ভোটার তালিকা প্রণয়নের উদ্দেশ্যে ব্যক্তির বসবাস স্থান। অপরদিকে স্থায়ী ঠিকানা হলো পিতা-মাতা’র বাসস্থান বা ব্যক্তির নিজ নামে ক্রয়কৃত বাসা-জমি-ফ্ল্যাট বা বর্তমান ঠিকানা ব্যতীত ব্যক্তির অন্য ঠিকানা। তবে যে ঠিকানার ভোটার সেটিই এনআইডি কার্ডের পেছনে মুদ্রিত হয়।
বর্তমান ঠিকানার ভিত্তিতে কি ভোটার এলাকা নির্ধারণ হয়?,present_address_change_process,ডাটাবেজে ব্যক্তির বর্তমান ও স্থায়ী ঠিকানা ব্যবহার করার সুযোগ রয়েছে। বর্তমান ঠিকানা হলো ভোটার তালিকা প্রণয়নের উদ্দেশ্যে ব্যক্তির বসবাস স্থান। অপরদিকে স্থায়ী ঠিকানা হলো পিতা-মাতা’র বাসস্থান বা ব্যক্তির নিজ নামে ক্রয়কৃত বাসা-জমি-ফ্ল্যাট বা বর্তমান ঠিকানা ব্যতীত ব্যক্তির অন্য ঠিকানা। তবে যে ঠিকানার ভোটার সেটিই এনআইডি কার্ডের পেছনে মুদ্রিত হয়।
ভোটার তালিকার জন্য বর্তমান ঠিকানা কিসের প্রমাণে গ্রহণ হয়?,present_address_change_process,ডাটাবেজে ব্যক্তির বর্তমান ও স্থায়ী ঠিকানা ব্যবহার করার সুযোগ রয়েছে। বর্তমান ঠিকানা হলো ভোটার তালিকা প্রণয়নের উদ্দেশ্যে ব্যক্তির বসবাস স্থান। অপরদিকে স্থায়ী ঠিকানা হলো পিতা-মাতা’র বাসস্থান বা ব্যক্তির নিজ নামে ক্রয়কৃত বাসা-জমি-ফ্ল্যাট বা বর্তমান ঠিকানা ব্যতীত ব্যক্তির অন্য ঠিকানা। তবে যে ঠিকানার ভোটার সেটিই এনআইডি কার্ডের পেছনে মুদ্রিত হয়।
"কার্ডে প্রিন্টেড ঠিকানা যদি আলাদা দেখায়, সেটি কি ভোটার ঠিকানা?",present_address_change_process,ডাটাবেজে ব্যক্তির বর্তমান ও স্থায়ী ঠিকানা ব্যবহার করার সুযোগ রয়েছে। বর্তমান ঠিকানা হলো ভোটার তালিকা প্রণয়নের উদ্দেশ্যে ব্যক্তির বসবাস স্থান। অপরদিকে স্থায়ী ঠিকানা হলো পিতা-মাতা’র বাসস্থান বা ব্যক্তির নিজ নামে ক্রয়কৃত বাসা-জমি-ফ্ল্যাট বা বর্তমান ঠিকানা ব্যতীত ব্যক্তির অন্য ঠিকানা। তবে যে ঠিকানার ভোটার সেটিই এনআইডি কার্ডের পেছনে মুদ্রিত হয়।
জাতীয় পরিচয়পত্রে স্থায়ী ঠিকানা না দেখানোর কারণ কী?,present_address_change_process,ডাটাবেজে ব্যক্তির বর্তমান ও স্থায়ী ঠিকানা ব্যবহার করার সুযোগ রয়েছে। বর্তমান ঠিকানা হলো ভোটার তালিকা প্রণয়নের উদ্দেশ্যে ব্যক্তির বসবাস স্থান। অপরদিকে স্থায়ী ঠিকানা হলো পিতা-মাতা’র বাসস্থান বা ব্যক্তির নিজ নামে ক্রয়কৃত বাসা-জমি-ফ্ল্যাট বা বর্তমান ঠিকানা ব্যতীত ব্যক্তির অন্য ঠিকানা। তবে যে ঠিকানার ভোটার সেটিই এনআইডি কার্ডের পেছনে মুদ্রিত হয়।
বর্তমান ঠিকানা থাকলেই কি সেখানে ভোটার হিসেবে নিবন্ধন সম্ভব?,present_address_change_process,ডাটাবেজে ব্যক্তির বর্তমান ও স্থায়ী ঠিকানা ব্যবহার করার সুযোগ রয়েছে। বর্তমান ঠিকানা হলো ভোটার তালিকা প্রণয়নের উদ্দেশ্যে ব্যক্তির বসবাস স্থান। অপরদিকে স্থায়ী ঠিকানা হলো পিতা-মাতা’র বাসস্থান বা ব্যক্তির নিজ নামে ক্রয়কৃত বাসা-জমি-ফ্ল্যাট বা বর্তমান ঠিকানা ব্যতীত ব্যক্তির অন্য ঠিকানা। তবে যে ঠিকানার ভোটার সেটিই এনআইডি কার্ডের পেছনে মুদ্রিত হয়।
গ্রাম নাম আপডেটে voter area অন্যত্র দেখাচ্ছে; কি নতুন ট্রান্সফার জমা দিতে হবে?,present_address_online_change,পুনরায় স্থানান্তরের আবেদন করুন।
"স্থায়ী ঠিকানা ছাড়া কি ভোটার হওয়া সম্ভব, নাকি বর্তমান ঠিকানাই দিতে হবে?",present_address_permanent_together,"স্থায়ী ঠিকানায় ভোটার হওয়া উচিৎ, স্থায়ী ঠিকানা অথবা বর্তমান ঠিকানা প্রয়োজন আসতে ব্যবহার করা উচিত।"
এনআইডি আবেদন ফর্মে স্থায়ী ও বর্তমান—দুটির মধ্যে কোনটি মূল ঠিকানা হিসেবে ধরা হয়?,present_address_permanent_together,"স্থায়ী ঠিকানায় ভোটার হওয়া উচিৎ, স্থায়ী ঠিকানা অথবা বর্তমান ঠিকানা প্রয়োজন আসতে ব্যবহার করা উচিত।"
"গ্রামে স্থায়ী ঠিকানায় ভোটার হয়ে শহরে ভোট দেয়া যায় কি, নাকি বর্তমান ঠিকানায় হওয়া উচিত?",present_address_permanent_together,"স্থায়ী ঠিকানায় ভোটার হওয়া উচিৎ, স্থায়ী ঠিকানা অথবা বর্তমান ঠিকানা প্রয়োজন আসতে ব্যবহার করা উচিত।"
ভোটার রেজিস্ট্রেশনে ঠিকানা নিয়ে দ্বিধা—কোনটা বেছে নেয়া উচিত?,present_address_permanent_together,"স্থায়ী ঠিকানায় ভোটার হওয়া উচিৎ, স্থায়ী ঠিকানা অথবা বর্তমান ঠিকানা প্রয়োজন আসতে ব্যবহার করা উচিত।"
গ্রামে ঘর ভাঙা—বর্তমানে শহরে ভাড়া—ভোটার ঠিকানা কী হবে?,present_address_permanent_together,"স্থায়ী ঠিকানায় ভোটার হওয়া উচিৎ, স্থায়ী ঠিকানা অথবা বর্তমান ঠিকানা প্রয়োজন আসতে ব্যবহার করা উচিত।"
"হোস্টেল থাকি, স্থায়ী ঠিকানায় পরিবার—ভোটার ঠিকানা কী হবে?",present_address_permanent_together,"স্থায়ী ঠিকানায় ভোটার হওয়া উচিৎ, স্থায়ী ঠিকানা অথবা বর্তমান ঠিকানা প্রয়োজন আসতে ব্যবহার করা উচিত।"
স্থায়ী ঠিকানা বদলের রিকুয়েস্ট সাবমিট করার পর ইসি সিস্টেমে আপডেট কতক্ষণে দেখা যায়?,present_address_wrong_type_corrected,নির্দিষ্ট সময় নাই। সাধারণ ৩০ কার্যদিবস। তবে চাহিত উপজেলার তদন্ত প্রতিবেদন দাখিল সাপেক্ষে এ জাতীয় আবেদন নিষ্পত্তি করা হয়ে থাকে।
ঠিকানা আপডেট আবেদনের নিষ্পত্তি হতে সাধারণত কতটা সময় নেয়?,present_address_wrong_type_corrected,নির্দিষ্ট সময় নাই। সাধারণ ৩০ কার্যদিবস। তবে চাহিত উপজেলার তদন্ত প্রতিবেদন দাখিল সাপেক্ষে এ জাতীয় আবেদন নিষ্পত্তি করা হয়ে থাকে।
পার্মানেন্ট ঠিকানা সংশোধনের পর কার্ড ইস্যু টাইমলাইনটা সাধারণত কেমন?,present_address_wrong_type_corrected,নির্দিষ্ট সময় নাই। সাধারণ ৩০ কার্যদিবস। তবে চাহিত উপজেলার তদন্ত প্রতিবেদন দাখিল সাপেক্ষে এ জাতীয় আবেদন নিষ্পত্তি করা হয়ে থাকে।
স্থায়ী ঠিকানা পরিবর্তনের আবেদন দিলে তদন্ত-যাচাইসহ মোট কতদিন সময় ধরতে হবে?,present_address_wrong_type_corrected,নির্দিষ্ট সময় নাই। সাধারণ ৩০ কার্যদিবস। তবে চাহিত উপজেলার তদন্ত প্রতিবেদন দাখিল সাপেক্ষে এ জাতীয় আবেদন নিষ্পত্তি করা হয়ে থাকে।
ঠিকানা বদলের আবেদন জমা দিলাম—কবে নাগাদ ডাটাবেসে আপডেট হবে বলে আশা করতে পারি?,present_address_wrong_type_corrected,নির্দিষ্ট সময় নাই। সাধারণ ৩০ কার্যদিবস। তবে চাহিত উপজেলার তদন্ত প্রতিবেদন দাখিল সাপেক্ষে এ জাতীয় আবেদন নিষ্পত্তি করা হয়ে থাকে।
ঠিকানা বদলের প্রসেসে “verification pending” থাকলে আনুমানিক কতদিন লাগে?,present_address_wrong_type_corrected,নির্দিষ্ট সময় নাই। সাধারণ ৩০ কার্যদিবস। তবে চাহিত উপজেলার তদন্ত প্রতিবেদন দাখিল সাপেক্ষে এ জাতীয় আবেদন নিষ্পত্তি করা হয়ে থাকে।
"ফেস ভেরিফিকেশন না হওয়ায় নিবন্ধন শেষ করতে পারছি না, করণীয় কী?",present_permanent_address_change_together,"অনুগ্রহপূর্বক সক্রিয় ইন্টারনেট, পরিষ্কার মোবাইল ক্যামেরা ও স্ক্রীনে প্রদর্শিত নির্দেশনা মেনে ফেস ভেরিফিকেশন সম্পন্ন করুন। এরপরেও সমস্যা পরিলক্ষিত হলে উপজেলা নির্বাচন অফিসে গিয়ে সহায়তা নিন।"
"মুখমণ্ডল যাচাইকরণে আটকে যাচ্ছে, পরের ধাপ আসছে না—কী করা উচিত?",present_permanent_address_change_together,"অনুগ্রহপূর্বক সক্রিয় ইন্টারনেট, পরিষ্কার মোবাইল ক্যামেরা ও স্ক্রীনে প্রদর্শিত নির্দেশনা মেনে ফেস ভেরিফিকেশন সম্পন্ন করুন। এরপরেও সমস্যা পরিলক্ষিত হলে উপজেলা নির্বাচন অফিসে গিয়ে সহায়তা নিন।"
"আমার পুরনো ফোনে ফেস ভেরিফিকেশন হচ্ছে না, অন্য ডিভাইসে করা যাবে?",present_permanent_address_change_together,"অনুগ্রহপূর্বক সক্রিয় ইন্টারনেট, পরিষ্কার মোবাইল ক্যামেরা ও স্ক্রীনে প্রদর্শিত নির্দেশনা মেনে ফেস ভেরিফিকেশন সম্পন্ন করুন। এরপরেও সমস্যা পরিলক্ষিত হলে উপজেলা নির্বাচন অফিসে গিয়ে সহায়তা নিন।"
"আলো ভালো থাকলেও ফেস ভেরিফিকেশন হচ্ছে না, সমস্যার সমাধান?",present_permanent_address_change_together,"অনুগ্রহপূর্বক সক্রিয় ইন্টারনেট, পরিষ্কার মোবাইল ক্যামেরা ও স্ক্রীনে প্রদর্শিত নির্দেশনা মেনে ফেস ভেরিফিকেশন সম্পন্ন করুন। এরপরেও সমস্যা পরিলক্ষিত হলে উপজেলা নির্বাচন অফিসে গিয়ে সহায়তা নিন।"
ফেস ভেরিফাই হলে কিভাবে পরের ধাপে যাব?,present_permanent_address_change_together,"অনুগ্রহপূর্বক সক্রিয় ইন্টারনেট, পরিষ্কার মোবাইল ক্যামেরা ও স্ক্রীনে প্রদর্শিত নির্দেশনা মেনে ফেস ভেরিফিকেশন সম্পন্ন করুন। এরপরেও সমস্যা পরিলক্ষিত হলে উপজেলা নির্বাচন অফিসে গিয়ে সহায়তা নিন।"
ফেস ভেরিফিকেশন বারবার আটকে যাচ্ছে—কীভাবে এগোবো?,present_permanent_address_change_together,"অনুগ্রহপূর্বক সক্রিয় ইন্টারনেট, পরিষ্কার মোবাইল ক্যামেরা ও স্ক্রীনে প্রদর্শিত নির্দেশনা মেনে ফেস ভেরিফিকেশন সম্পন্ন করুন। এরপরেও সমস্যা পরিলক্ষিত হলে উপজেলা নির্বাচন অফিসে গিয়ে সহায়তা নিন।"
"অনলাইনে বর্তমান ঠিকানা বদল করতে চাই; ভোটার এলাকা যদি বদলায়, হবে?",present_permanent_address_difference,দুঃখিত বর্তমান ঠিকানার কোন অংশ সংশোধনের আবেদন করলে যদি ভোটার এলাকা পরিবর্তন হয়ে যায় তাহলে সেটি অনলাইনে সংশোধন করা যাবে না।
"অনলাইনে কি বর্তমান ঠিকানা সংশোধন করা যায় না, যদি থানা বদল লাগে?",present_permanent_address_difference,দুঃখিত বর্তমান ঠিকানার কোন অংশ সংশোধনের আবেদন করলে যদি ভোটার এলাকা পরিবর্তন হয়ে যায় তাহলে সেটি অনলাইনে সংশোধন করা যাবে না।
এনআইডির ঠিকানা পরিবর্তনে সার্ভিস চার্জ আছে কি?,present_permanent_address_simultaneous,ঠিকানা সংশোধনের জন্য আবেদন করুন।
ভোটার নিবন্ধনের সময় ভুল টাইপ হওয়া ঠিকানা কি ঠিক করা সম্ভব?,present_permanent_address_simultaneous,ঠিকানা সংশোধনের জন্য আবেদন করুন।
এনআইডি ডাটায় ঠিকানা খুঁজে পাওয়া যাচ্ছে না—করণীয় কী?,present_permanent_address_simultaneous,ঠিকানা সংশোধনের জন্য আবেদন করুন।
আমি বিদেশে—এনআইডির ঠিকানা কীভাবে আপডেট করব?,present_permanent_address_simultaneous,ঠিকানা সংশোধনের জন্য আবেদন করুন।
"বায়োমেট্রিক আপডেট করানোর পরও কোনো সেবা পাচ্ছি না, প্রসেসিং এত সময় কেন নিচ্ছে? এখন আমার করণীয় কী?",profession_government_to_housewife_documents,"দুঃখিত। বায়োমেট্রিক গ্রহণের পর সেটি যাচাই হয়ে অনুমোদন হতে সময় প্রয়োজন। তবে বায়ো আপডেট করার পরেও নাগরিক সুবিধা পাচ্ছেন না, এরূপ ক্ষেত্রে এনআইডি থেকে NOC সংগ্রহ করতে হবে।"
বায়োমেট্রিক এপ্রুভ না হওয়ায় সিম রেজিস্ট্রেশন পারছি না। সাহায্যের জন্য কী পাব?,profession_government_to_housewife_documents,"দুঃখিত। বায়োমেট্রিক গ্রহণের পর সেটি যাচাই হয়ে অনুমোদন হতে সময় প্রয়োজন। তবে বায়ো আপডেট করার পরেও নাগরিক সুবিধা পাচ্ছেন না, এরূপ ক্ষেত্রে এনআইডি থেকে NOC সংগ্রহ করতে হবে।"
ফিঙ্গারপ্রিন্ট আপডেটের জন্য বারবার যাওয়া সম্ভব নয়। ততক্ষণে সেবা নিতে কী করব?,profession_government_to_housewife_documents,"দুঃখিত। বায়োমেট্রিক গ্রহণের পর সেটি যাচাই হয়ে অনুমোদন হতে সময় প্রয়োজন। তবে বায়ো আপডেট করার পরেও নাগরিক সুবিধা পাচ্ছেন না, এরূপ ক্ষেত্রে এনআইডি থেকে NOC সংগ্রহ করতে হবে।"
এনআইডিতে পেশা বদলাতে হলে চাকরি ছাড়ার প্রমাণপত্র লাগবে কি?,profession_incorrect_government_correction,আবেদনকারী পূর্বে সরকারী চাকুরী করে সরকারী চাকুরী অবসানের প্রত্যয়নসহ অনলাইনে সংশোধন আবেদন করবেন।
পেশা সংশোধন করে গৃহিণী দিতে কোন ডকুমেন্টস সাবমিট করতে হবে?,profession_incorrect_government_correction,আবেদনকারী পূর্বে সরকারী চাকুরী করে সরকারী চাকুরী অবসানের প্রত্যয়নসহ অনলাইনে সংশোধন আবেদন করবেন।
এনআইডিতে পেশা আপডেট (সরকারি চাকরি থেকে গৃহিণী) করার রুল কী?,profession_incorrect_government_correction,আবেদনকারী পূর্বে সরকারী চাকুরী করে সরকারী চাকুরী অবসানের প্রত্যয়নসহ অনলাইনে সংশোধন আবেদন করবেন।
পেশা government employee—এখন গৃহিণী। কিভাবে সঠিক করব?,profession_incorrect_government_correction,আবেদনকারী পূর্বে সরকারী চাকুরী করে সরকারী চাকুরী অবসানের প্রত্যয়নসহ অনলাইনে সংশোধন আবেদন করবেন।
পেশা আপডেট করতে সরকারী চাকরি ত্যাগের কোন কাগজ দেখাতে হয়?,profession_incorrect_government_correction,আবেদনকারী পূর্বে সরকারী চাকুরী করে সরকারী চাকুরী অবসানের প্রত্যয়নসহ অনলাইনে সংশোধন আবেদন করবেন।
ভোটার আইডির পেশা govt employee; আমি গৃহিণী—কোথায় আবেদন?,profession_incorrect_government_correction,আবেদনকারী পূর্বে সরকারী চাকুরী করে সরকারী চাকুরী অবসানের প্রত্যয়নসহ অনলাইনে সংশোধন আবেদন করবেন।
এনআইডি পেশা গৃহিণী করতে সরকারী চাকরি সমাপ্তির কাগজপত্র কী কী?,profession_incorrect_government_correction,আবেদনকারী পূর্বে সরকারী চাকুরী করে সরকারী চাকুরী অবসানের প্রত্যয়নসহ অনলাইনে সংশোধন আবেদন করবেন।
পেশা government employee থেকে গৃহিণী করতে অনলাইনে কী নথি আপলোড করতে হবে?,profession_incorrect_government_correction,আবেদনকারী পূর্বে সরকারী চাকুরী করে সরকারী চাকুরী অবসানের প্রত্যয়নসহ অনলাইনে সংশোধন আবেদন করবেন।
bKash payment করে NID ফি দিলে কি আলাদা রসিদ দিতে হয়?,receipt_payment_proof_availability,আপনার নিজের মোবাইল থেকে এনআইডি এর ফিস জমা দিলে লেনদেনের ইতিহাস দেখুন। অন্য কোন সেবা প্রতিষ্ঠান আপনার ফিস জমা দিলে তারা ট্রানজ্যাকশন আইডি সম্বলিত রশিদ প্রদান করতে পারে।
নগদ অ্যাপে এনআইডি ফি দিয়ে প্রমাণ কীভাবে সংরক্ষণ করব?,receipt_payment_proof_availability,আপনার নিজের মোবাইল থেকে এনআইডি এর ফিস জমা দিলে লেনদেনের ইতিহাস দেখুন। অন্য কোন সেবা প্রতিষ্ঠান আপনার ফিস জমা দিলে তারা ট্রানজ্যাকশন আইডি সম্বলিত রশিদ প্রদান করতে পারে।
bKash payment-এর পর NID ফি’র রসিদ কিভাবে আদায় করব?,receipt_payment_proof_availability,আপনার নিজের মোবাইল থেকে এনআইডি এর ফিস জমা দিলে লেনদেনের ইতিহাস দেখুন। অন্য কোন সেবা প্রতিষ্ঠান আপনার ফিস জমা দিলে তারা ট্রানজ্যাকশন আইডি সম্বলিত রশিদ প্রদান করতে পারে।
"পুনঃইস্যু আবেদন কোন ধাপে প্রসেস হচ্ছে, কিভাবে দেখব?",reissue_application_status_check,১০৫ এ ফোন করতে হবে।
রি ইস্যু আবেদনের আপডেট কি টোল-ফ্রি নম্বরে পাওয়া যাবে?,reissue_application_status_check,১০৫ এ ফোন করতে হবে।
রি-ইস্যু আবেদন স্ট্যাটাস ইনফো পাওয়ার জন্য কী করতে হয়?,reissue_application_status_check,১০৫ এ ফোন করতে হবে।
"রিইস্যু কার্ডের জন্য অনুমোদন এসেছে, কোথা থেকে তুলবো?",reissue_card_collection_from_office,রি-ইস্যু আবেদন অনুমোদন হলে মোবাইলে অনুমোদন এর মেসেজ দেওয়া হয়। এরপর অনলাইন সার্ভিস থেকে একটি পিডিএফ আকারে কার্ড ডাউনলোড করে সেটির রঙ্গিন কপি মুদ্রণ ও লেমিনেটিং করে ব্যবহার করুন।
রি-ইস্যু হয়ে গেলে কার্ডের কপি কীভাবে সংগ্রহ করব?,reissue_card_collection_from_office,রি-ইস্যু আবেদন অনুমোদন হলে মোবাইলে অনুমোদন এর মেসেজ দেওয়া হয়। এরপর অনলাইন সার্ভিস থেকে একটি পিডিএফ আকারে কার্ড ডাউনলোড করে সেটির রঙ্গিন কপি মুদ্রণ ও লেমিনেটিং করে ব্যবহার করুন।
"রিইস্যু স্ট্যাটাস অনুমোদিত, কার্ড কোথা থেকে ডাউনলোড করবো?",reissue_card_collection_from_office,রি-ইস্যু আবেদন অনুমোদন হলে মোবাইলে অনুমোদন এর মেসেজ দেওয়া হয়। এরপর অনলাইন সার্ভিস থেকে একটি পিডিএফ আকারে কার্ড ডাউনলোড করে সেটির রঙ্গিন কপি মুদ্রণ ও লেমিনেটিং করে ব্যবহার করুন।
রি-ইস্যু অ্যাপ্রুভড হওয়ার পর কিভাবে কার্ড হাতে পাবো?,reissue_card_collection_from_office,রি-ইস্যু আবেদন অনুমোদন হলে মোবাইলে অনুমোদন এর মেসেজ দেওয়া হয়। এরপর অনলাইন সার্ভিস থেকে একটি পিডিএফ আকারে কার্ড ডাউনলোড করে সেটির রঙ্গিন কপি মুদ্রণ ও লেমিনেটিং করে ব্যবহার করুন।
রি ইস্যু অনুমোদনের পর কপি কিভাবে সংগ্রহ করবো?,reissue_card_collection_from_office,রি-ইস্যু আবেদন অনুমোদন হলে মোবাইলে অনুমোদন এর মেসেজ দেওয়া হয়। এরপর অনলাইন সার্ভিস থেকে একটি পিডিএফ আকারে কার্ড ডাউনলোড করে সেটির রঙ্গিন কপি মুদ্রণ ও লেমিনেটিং করে ব্যবহার করুন।
"রিইস্যু এপ্রুভাল এসএমএস পেয়েছি, এরপর কার্ড কীভাবে সংগ্রহ করব?",reissue_card_collection_from_office,রি-ইস্যু আবেদন অনুমোদন হলে মোবাইলে অনুমোদন এর মেসেজ দেওয়া হয়। এরপর অনলাইন সার্ভিস থেকে একটি পিডিএফ আকারে কার্ড ডাউনলোড করে সেটির রঙ্গিন কপি মুদ্রণ ও লেমিনেটিং করে ব্যবহার করুন।
রি-ইস্যু অ্যাপ্রুভের পর কি আলাদা করে অফিসে গিয়ে নিতে হয়?,reissue_card_collection_from_office,রি-ইস্যু আবেদন অনুমোদন হলে মোবাইলে অনুমোদন এর মেসেজ দেওয়া হয়। এরপর অনলাইন সার্ভিস থেকে একটি পিডিএফ আকারে কার্ড ডাউনলোড করে সেটির রঙ্গিন কপি মুদ্রণ ও লেমিনেটিং করে ব্যবহার করুন।
"রিইস্যু কনফার্ম, কার্ড ডাউনলোড কোন পাতায়?",reissue_card_collection_from_office,রি-ইস্যু আবেদন অনুমোদন হলে মোবাইলে অনুমোদন এর মেসেজ দেওয়া হয়। এরপর অনলাইন সার্ভিস থেকে একটি পিডিএফ আকারে কার্ড ডাউনলোড করে সেটির রঙ্গিন কপি মুদ্রণ ও লেমিনেটিং করে ব্যবহার করুন।
"রিইস্যু আবেদন পাস হয়েছে, এখন কার্ড কপি কিভাবে পাবো?",reissue_card_collection_from_office,রি-ইস্যু আবেদন অনুমোদন হলে মোবাইলে অনুমোদন এর মেসেজ দেওয়া হয়। এরপর অনলাইন সার্ভিস থেকে একটি পিডিএফ আকারে কার্ড ডাউনলোড করে সেটির রঙ্গিন কপি মুদ্রণ ও লেমিনেটিং করে ব্যবহার করুন।
রি-ইস্যু অনুমোদন পাওয়ার পর কার্ড নেয়ার নির্ধারিত স্থান কোনটি?,reissue_card_collection_from_office,রি-ইস্যু আবেদন অনুমোদন হলে মোবাইলে অনুমোদন এর মেসেজ দেওয়া হয়। এরপর অনলাইন সার্ভিস থেকে একটি পিডিএফ আকারে কার্ড ডাউনলোড করে সেটির রঙ্গিন কপি মুদ্রণ ও লেমিনেটিং করে ব্যবহার করুন।
একই সময়ে কি দুটি পরিবর্তনের আবেদন করা যাবে?,reissue_correction_simultaneous_not_allowed,দুইটি আবেদন একসাথে করার সুযোগ নাই।
রি-ইস্যু কি ঠিকানা পরিবর্তনের পর কারা করতে পারে?,reissue_eligibility_criteria,"মাইগ্রেশন কার্ড, হারিয়ে যাওয়া ও নষ্ট হয়ে গেলে অথবা মাইগ্রেশন পরবর্তী নতুন ঠিকানায় কার্ড পেতে।"
এনআইডি ডুপ্লিকেট কার্ড—কারা আবেদন করবে?,reissue_eligibility_criteria,"মাইগ্রেশন কার্ড, হারিয়ে যাওয়া ও নষ্ট হয়ে গেলে অথবা মাইগ্রেশন পরবর্তী নতুন ঠিকানায় কার্ড পেতে।"
রি-ইস্যুর পর কবে eNID ডাউনলোড করা যাবে জানা যাবে?,reissue_immediate_download_not_possible,জরুরী ও সাধারণ আবেদন ফি এর প্রেক্ষিতে আপনার আবেদন অনুমোদন হলে কার্ড ডাউনলোড করতে পারবেন।
স্মার্ট NID রি-ইস্যু করলে কি নম্বর পরিবর্তন হয়?,reissue_nid_number_change_query,"১০ ডিজিটের নম্বর হলে অপরিবর্তিত থাকবে, ১৭ ডিজিটের নম্বর হলে পরবর্তিত হয়ে ১০ ডিজিট হবে। তবে দুটি নম্বরই একটিভ থাকবে।"
জাতীয় আইডি হারিয়ে ফেলে নম্বর ও কপি দুটোই নেই; ডুপ্লিকেট কার্ড পাওয়ার উপায় কী?,reissue_no_nid_info_how_to_apply,সংশ্লিষ্ট উপজেলা/থানা নির্বাচন অফিসের রক্ষিত ভোটার তালিকা হতে ছবি ও নাম দেখে ভোটার নম্বর সংগ্রহপূর্বক তার বিপরীতে এনআইডি নম্বর সংগ্রহ করে অনলাইনে রেজিষ্ট্রেশন প্রক্রিয়া সম্পন্ন করতে হবে।
জাতীয় পরিচয়পত্রের কোনো নম্বর আমার কাছে নেই—পুনরায় কার্ড ইস্যু করতে নির্দেশনা দিন।,reissue_no_nid_info_how_to_apply,সংশ্লিষ্ট উপজেলা/থানা নির্বাচন অফিসের রক্ষিত ভোটার তালিকা হতে ছবি ও নাম দেখে ভোটার নম্বর সংগ্রহপূর্বক তার বিপরীতে এনআইডি নম্বর সংগ্রহ করে অনলাইনে রেজিষ্ট্রেশন প্রক্রিয়া সম্পন্ন করতে হবে।
এনআইডি ও নম্বর দুইই হারিয়েছি—রি-ইস্যু আবেদনের পদ্ধতি বলবেন?,reissue_no_nid_info_how_to_apply,সংশ্লিষ্ট উপজেলা/থানা নির্বাচন অফিসের রক্ষিত ভোটার তালিকা হতে ছবি ও নাম দেখে ভোটার নম্বর সংগ্রহপূর্বক তার বিপরীতে এনআইডি নম্বর সংগ্রহ করে অনলাইনে রেজিষ্ট্রেশন প্রক্রিয়া সম্পন্ন করতে হবে।
এনআইডি নম্বর ছাড়া অনলাইনে রেজিস্ট্রেশন করে রি-ইস্যু করা যাবে কি?,reissue_no_nid_info_how_to_apply,সংশ্লিষ্ট উপজেলা/থানা নির্বাচন অফিসের রক্ষিত ভোটার তালিকা হতে ছবি ও নাম দেখে ভোটার নম্বর সংগ্রহপূর্বক তার বিপরীতে এনআইডি নম্বর সংগ্রহ করে অনলাইনে রেজিষ্ট্রেশন প্রক্রিয়া সম্পন্ন করতে হবে।
সব তথ্য মনে নেই—হারানো এনআইডি পুনরায় ইস্যুর জন্য কাদের কাছে যাব?,reissue_no_nid_info_how_to_apply,সংশ্লিষ্ট উপজেলা/থানা নির্বাচন অফিসের রক্ষিত ভোটার তালিকা হতে ছবি ও নাম দেখে ভোটার নম্বর সংগ্রহপূর্বক তার বিপরীতে এনআইডি নম্বর সংগ্রহ করে অনলাইনে রেজিষ্ট্রেশন প্রক্রিয়া সম্পন্ন করতে হবে।
আমি এনআইডির নম্বর মনে করতে পারছি না—রি-ইস্যু করতে কী করবো?,reissue_no_nid_info_how_to_apply,সংশ্লিষ্ট উপজেলা/থানা নির্বাচন অফিসের রক্ষিত ভোটার তালিকা হতে ছবি ও নাম দেখে ভোটার নম্বর সংগ্রহপূর্বক তার বিপরীতে এনআইডি নম্বর সংগ্রহ করে অনলাইনে রেজিষ্ট্রেশন প্রক্রিয়া সম্পন্ন করতে হবে।
এনআইডির কপি পাই না—রি-ইস্যুর জন্য প্রক্রিয়া কী?,reissue_no_nid_info_how_to_apply,সংশ্লিষ্ট উপজেলা/থানা নির্বাচন অফিসের রক্ষিত ভোটার তালিকা হতে ছবি ও নাম দেখে ভোটার নম্বর সংগ্রহপূর্বক তার বিপরীতে এনআইডি নম্বর সংগ্রহ করে অনলাইনে রেজিষ্ট্রেশন প্রক্রিয়া সম্পন্ন করতে হবে।
এনআইডির সব কাগজ হারিয়ে গেছে—রি-ইস্যু করার ধাপ কী?,reissue_no_nid_info_how_to_apply,সংশ্লিষ্ট উপজেলা/থানা নির্বাচন অফিসের রক্ষিত ভোটার তালিকা হতে ছবি ও নাম দেখে ভোটার নম্বর সংগ্রহপূর্বক তার বিপরীতে এনআইডি নম্বর সংগ্রহ করে অনলাইনে রেজিষ্ট্রেশন প্রক্রিয়া সম্পন্ন করতে হবে।
কপি না থাকলে এনআইডি রি-ইস্যু করতে অফিসে কী করতে হয়?,reissue_no_nid_info_how_to_apply,সংশ্লিষ্ট উপজেলা/থানা নির্বাচন অফিসের রক্ষিত ভোটার তালিকা হতে ছবি ও নাম দেখে ভোটার নম্বর সংগ্রহপূর্বক তার বিপরীতে এনআইডি নম্বর সংগ্রহ করে অনলাইনে রেজিষ্ট্রেশন প্রক্রিয়া সম্পন্ন করতে হবে।
হারানো এনআইডির কোনো নম্বর জানি না—পুনরায় ইস্যু কিভাবে পাব?,reissue_no_nid_info_how_to_apply,সংশ্লিষ্ট উপজেলা/থানা নির্বাচন অফিসের রক্ষিত ভোটার তালিকা হতে ছবি ও নাম দেখে ভোটার নম্বর সংগ্রহপূর্বক তার বিপরীতে এনআইডি নম্বর সংগ্রহ করে অনলাইনে রেজিষ্ট্রেশন প্রক্রিয়া সম্পন্ন করতে হবে।
এনআইডির কোনো কাগজ দেখাতে পারছি না—ডুপ্লিকেট কিভাবে হবে?,reissue_no_nid_info_how_to_apply,সংশ্লিষ্ট উপজেলা/থানা নির্বাচন অফিসের রক্ষিত ভোটার তালিকা হতে ছবি ও নাম দেখে ভোটার নম্বর সংগ্রহপূর্বক তার বিপরীতে এনআইডি নম্বর সংগ্রহ করে অনলাইনে রেজিষ্ট্রেশন প্রক্রিয়া সম্পন্ন করতে হবে।
এনআইডির পুরোনো কপি ছাড়া কীভাবে পুনরায় কার্ড তুলব?,reissue_no_nid_info_how_to_apply,সংশ্লিষ্ট উপজেলা/থানা নির্বাচন অফিসের রক্ষিত ভোটার তালিকা হতে ছবি ও নাম দেখে ভোটার নম্বর সংগ্রহপূর্বক তার বিপরীতে এনআইডি নম্বর সংগ্রহ করে অনলাইনে রেজিষ্ট্রেশন প্রক্রিয়া সম্পন্ন করতে হবে।
নম্বর স্মরণে নেই—হারানো এনআইডি পুনঃইস্যু করার নিয়ম কী?,reissue_no_nid_info_how_to_apply,সংশ্লিষ্ট উপজেলা/থানা নির্বাচন অফিসের রক্ষিত ভোটার তালিকা হতে ছবি ও নাম দেখে ভোটার নম্বর সংগ্রহপূর্বক তার বিপরীতে এনআইডি নম্বর সংগ্রহ করে অনলাইনে রেজিষ্ট্রেশন প্রক্রিয়া সম্পন্ন করতে হবে।
এনআইডির সব নথি হারিয়ে গেছে—রি-ইস্যুর উপায় জানান।,reissue_no_nid_info_how_to_apply,সংশ্লিষ্ট উপজেলা/থানা নির্বাচন অফিসের রক্ষিত ভোটার তালিকা হতে ছবি ও নাম দেখে ভোটার নম্বর সংগ্রহপূর্বক তার বিপরীতে এনআইডি নম্বর সংগ্রহ করে অনলাইনে রেজিষ্ট্রেশন প্রক্রিয়া সম্পন্ন করতে হবে।
পুরানো কার্ডের কোনো রেকর্ড নেই—ডুপ্লিকেট পেতে কী কী ধাপ?,reissue_no_nid_info_how_to_apply,সংশ্লিষ্ট উপজেলা/থানা নির্বাচন অফিসের রক্ষিত ভোটার তালিকা হতে ছবি ও নাম দেখে ভোটার নম্বর সংগ্রহপূর্বক তার বিপরীতে এনআইডি নম্বর সংগ্রহ করে অনলাইনে রেজিষ্ট্রেশন প্রক্রিয়া সম্পন্ন করতে হবে।
"এনআইডি রি-ইস্যু কি কেবল অনলাইনে নেয়, অফলাইনে করা যায় না?",reissue_online_or_offline,অনলাইনে রি -ইস্যুর আবেদন করতে হবে।
স্মার্ট কার্ডের অপশন কার্যকর না হলে ইউজারকে কেন দেখানো হয়?,reissue_smart_card_option_unavailable,দুঃখিত। অনলাইন অপশনটি থাকলেও বর্তমানে এ সংক্রান্ত কার্যক্রম শুরু হয়নি।
স্মার্ট এনআইডি অপশন রেখে স্মার্ট না দেওয়া—কারণ কী?,reissue_smart_card_option_unavailable,দুঃখিত। অনলাইন অপশনটি থাকলেও বর্তমানে এ সংক্রান্ত কার্যক্রম শুরু হয়নি।
রি-ইস্যু কার্ড কি থানা/উপজেলা অফিসে পাওয়া যাবে?,reissue_sms_card_download_location,আপনি অনলাইন সার্ভিস থেকে কার্ডের পিডিএফ কপি সংগ্রহ করতে পারবেন।
রিইস্যু NID কি উপজেলা কার্যালয় থেকে তোলা যাবে?,reissue_sms_card_download_location,আপনি অনলাইন সার্ভিস থেকে কার্ডের পিডিএফ কপি সংগ্রহ করতে পারবেন।
"রিইস্যু স্ট্যাটাস Approved—এখন কার্ড কালেকশন কিভাবে, কোথায়?",reissue_sms_card_download_location,আপনি অনলাইন সার্ভিস থেকে কার্ডের পিডিএফ কপি সংগ্রহ করতে পারবেন।
রি-ইস্যু কার্ড কি নির্বাচন কমিশনের প্রধান কার্যালয় থেকে নিতে হবে?,reissue_sms_card_download_location,আপনি অনলাইন সার্ভিস থেকে কার্ডের পিডিএফ কপি সংগ্রহ করতে পারবেন।
রিইস্যু হয়ে গেছে—এখন কার্ড কোথাকার অফিসে আছে?,reissue_sms_card_download_location,আপনি অনলাইন সার্ভিস থেকে কার্ডের পিডিএফ কপি সংগ্রহ করতে পারবেন।
রি-ইস্যু কার্ড কি উপজেলা নির্বাচন অফিসেই পাওয়া যাবে?,reissue_sms_card_download_location,আপনি অনলাইন সার্ভিস থেকে কার্ডের পিডিএফ কপি সংগ্রহ করতে পারবেন।
রিইস্যুর কার্ড কি উপজেলা নির্বাচন কার্যালয় থেকে নেওয়া যায়?,reissue_sms_card_download_location,আপনি অনলাইন সার্ভিস থেকে কার্ডের পিডিএফ কপি সংগ্রহ করতে পারবেন।
রিইস্যুকৃত এনআইডি কোথায় পাওয়া যাবে বলে নির্ধারিত?,reissue_sms_card_download_location,আপনি অনলাইন সার্ভিস থেকে কার্ডের পিডিএফ কপি সংগ্রহ করতে পারবেন।
রি-ইস্যু কার্ড কি স্থানীয় অফিস থেকে কালেক্ট করতে পারবো?,reissue_sms_card_download_location,আপনি অনলাইন সার্ভিস থেকে কার্ডের পিডিএফ কপি সংগ্রহ করতে পারবেন।
রিইস্যুকৃত কার্ড কি উপজেলা নির্বাচন কার্যালয়ে যাবে?,reissue_sms_card_download_location,আপনি অনলাইন সার্ভিস থেকে কার্ডের পিডিএফ কপি সংগ্রহ করতে পারবেন।
রিইস্যু করা কার্ড কোথায় থেকে তুলে নিতে হবে?,reissue_sms_card_download_location,আপনি অনলাইন সার্ভিস থেকে কার্ডের পিডিএফ কপি সংগ্রহ করতে পারবেন।
রি-ইস্যু কার্ড কোথাকার অফিসে তোলা যাবে?,reissue_sms_card_download_location,আপনি অনলাইন সার্ভিস থেকে কার্ডের পিডিএফ কপি সংগ্রহ করতে পারবেন।
ইমার্জেন্সি রি-ইস্যুতে কার্ড প্রস্তুত হতে কত সময় ধরে?,reissue_urgent_card_delivery_time,সাধারণত ৫-৭ কর্মদিবস।
Urgent অপশন দিয়ে NID প্রতিলিপি কবে ডাউনলোড করা যায়?,reissue_urgent_card_delivery_time,সাধারণত ৫-৭ কর্মদিবস।
ইমার্জেন্সি রি-ইস্যুতে কার্ড পেতে গড়ে কদিন লাগে?,reissue_urgent_card_delivery_time,সাধারণত ৫-৭ কর্মদিবস।
রি-ইস্যু ফি অন্যের NID-এ গেছে—কীভাবে ক্লেইম করবো?,reissue_wrong_nid_payment_no_refund,যে কোন এনআইডি এর বিপরীতে পরিশোধিত ফি ফেরত দেওয়ার সুযোগ নেই।
ধর্ম পরিবর্তনের পর NID আপডেটের জন্য প্রয়োজনীয় কাগজ কী কী?,religion_correction_documents_required,এনাআইডি কার্ডে ধর্ম পরিবর্তন করতে হলে অনলাইন নাগরিক সনদসহ সংশোধন আবেদন করুন। যদি কেউ ধর্মান্তরিত হয়ে থাকে তাহলে ম্যাজিট্রেট কোর্ট কর্তৃক সম্পাদিত হলফনামা দাখিল করতে হবে।
এনআইডির ধর্মের তথ্য সংশোধনের আবেদন করতে কোন কোন প্রমাণপত্র লাগে?,religion_correction_documents_required,এনাআইডি কার্ডে ধর্ম পরিবর্তন করতে হলে অনলাইন নাগরিক সনদসহ সংশোধন আবেদন করুন। যদি কেউ ধর্মান্তরিত হয়ে থাকে তাহলে ম্যাজিট্রেট কোর্ট কর্তৃক সম্পাদিত হলফনামা দাখিল করতে হবে।
ধর্মান্তর সংক্রান্ত পরিবর্তন NID-এ আনতে হলে কী কী লাগবে?,religion_correction_documents_required,এনাআইডি কার্ডে ধর্ম পরিবর্তন করতে হলে অনলাইন নাগরিক সনদসহ সংশোধন আবেদন করুন। যদি কেউ ধর্মান্তরিত হয়ে থাকে তাহলে ম্যাজিট্রেট কোর্ট কর্তৃক সম্পাদিত হলফনামা দাখিল করতে হবে।
স্মার্ট এনআইডিতে ধর্ম তথ্য ঠিক করার কাগজপত্র কী কী?,religion_correction_documents_required,এনাআইডি কার্ডে ধর্ম পরিবর্তন করতে হলে অনলাইন নাগরিক সনদসহ সংশোধন আবেদন করুন। যদি কেউ ধর্মান্তরিত হয়ে থাকে তাহলে ম্যাজিট্রেট কোর্ট কর্তৃক সম্পাদিত হলফনামা দাখিল করতে হবে।
"ছয় মাস আগে ভুল সংশোধনের আবেদন করেছি, এখনো কোনো খবর নাই—এটা কবে সমাধান হবে?",smart_card_ai_facial_recognition,এনআইডি এর তথ্য সংশোধন দাখিলকৃত দলিলাদি যাচাই বাছাই করে প্রদান করা হয়ে থাকে। তারপর সেবা গ্রহণে হয়রানির শিকার হলে সংশ্লিষ্ট জেলা নির্বাচন অফিসার/ মহাপরিচালক/ আইসিটি উইং বরাবর অভিযোক দিতে পারে।
তথ্য সংশোধনের সিদ্ধান্ত কবে পাব—কোন পর্যায়ে আছে বুঝবো কীভাবে?,smart_card_ai_facial_recognition,এনআইডি এর তথ্য সংশোধন দাখিলকৃত দলিলাদি যাচাই বাছাই করে প্রদান করা হয়ে থাকে। তারপর সেবা গ্রহণে হয়রানির শিকার হলে সংশ্লিষ্ট জেলা নির্বাচন অফিসার/ মহাপরিচালক/ আইসিটি উইং বরাবর অভিযোক দিতে পারে।
কবে এসএমএস পাবো জানাতে পারবেন? অনেকদিন অপেক্ষায় আছি।,smart_card_ai_facial_recognition,এনআইডি এর তথ্য সংশোধন দাখিলকৃত দলিলাদি যাচাই বাছাই করে প্রদান করা হয়ে থাকে। তারপর সেবা গ্রহণে হয়রানির শিকার হলে সংশ্লিষ্ট জেলা নির্বাচন অফিসার/ মহাপরিচালক/ আইসিটি উইং বরাবর অভিযোক দিতে পারে।
এনআইডি তথ্য সংশোধনে অনুমোদন পেতে এত দেরির কারণ কী?,smart_card_ai_facial_recognition,এনআইডি এর তথ্য সংশোধন দাখিলকৃত দলিলাদি যাচাই বাছাই করে প্রদান করা হয়ে থাকে। তারপর সেবা গ্রহণে হয়রানির শিকার হলে সংশ্লিষ্ট জেলা নির্বাচন অফিসার/ মহাপরিচালক/ আইসিটি উইং বরাবর অভিযোক দিতে পারে।
স্মার্ট এনআইডি কি শুধুমাত্র চিপ রিডার দিয়ে যাচাইযোগ্য?,smart_card_brain_connection_thought_reading,স্মার্ট কার্ডের মাইক্রো চিপে ব্যক্তির তথ্য এনকোডেড অবস্থায় থাকে। অনুমোদিত মেশিন রিড পদ্ধতির মাধ্যমে এটি পরিচয় যাচাইয়ে ব্যবাহৃত করা যেতে পারে।
স্মার্ট কার্ড কি চিপ রিডার ছাড়া অথেন্টিকেশন সম্ভব নয়?,smart_card_brain_connection_thought_reading,স্মার্ট কার্ডের মাইক্রো চিপে ব্যক্তির তথ্য এনকোডেড অবস্থায় থাকে। অনুমোদিত মেশিন রিড পদ্ধতির মাধ্যমে এটি পরিচয় যাচাইয়ে ব্যবাহৃত করা যেতে পারে।
হারানো কার্ড পুনঃইস্যুতে কি আবার আঙুলের ছাপ ও আইরিস স্ক্যান দিতে হবে?,smart_card_chip_corrosion_issue,যে সকল ভোটারের দশ আঙ্গুলের ছাপ ও আইরিশ ডাটাবেজে রক্ষিত নেই তাদের জন্য এটি বাধ্যতামূলক।
এনআইডি করার সময় ফিঙ্গারপ্রিন্ট না দিলে কি চলবে?,smart_card_chip_corrosion_issue,যে সকল ভোটারের দশ আঙ্গুলের ছাপ ও আইরিশ ডাটাবেজে রক্ষিত নেই তাদের জন্য এটি বাধ্যতামূলক।
জাতীয় পরিচয়ের জন্য বায়োমেট্রিক না দিলে কি হবে?,smart_card_chip_corrosion_issue,যে সকল ভোটারের দশ আঙ্গুলের ছাপ ও আইরিশ ডাটাবেজে রক্ষিত নেই তাদের জন্য এটি বাধ্যতামূলক।
আমার ফিঙ্গারপ্রিন্ট না দিলে কি এনআইডি তৈরি হবে?,smart_card_chip_corrosion_issue,যে সকল ভোটারের দশ আঙ্গুলের ছাপ ও আইরিশ ডাটাবেজে রক্ষিত নেই তাদের জন্য এটি বাধ্যতামূলক।
আইরিস স্ক্যান ছাড়া কি চূড়ান্ত রেজিস্ট্রেশন হয়?,smart_card_chip_corrosion_issue,যে সকল ভোটারের দশ আঙ্গুলের ছাপ ও আইরিশ ডাটাবেজে রক্ষিত নেই তাদের জন্য এটি বাধ্যতামূলক।
ফিঙ্গারপ্রিন্ট না দিলে কি জাতীয় পরিচয়পত্র পাওয়া অসম্ভব?,smart_card_chip_corrosion_issue,যে সকল ভোটারের দশ আঙ্গুলের ছাপ ও আইরিশ ডাটাবেজে রক্ষিত নেই তাদের জন্য এটি বাধ্যতামূলক।
তথ্য হালনাগাদ হলে পুরোনো স্মার্টকার্ড দিয়ে কাজ সেরে নেওয়া যাবে?,smart_card_chip_damage_replacement,দৃশ্যমান তথ্য পরিবর্তন হয়ে গেলে কার্ডটি আর ব্যবহার করবেন না।আপনি অনলাইন থেকে সংশোধিত কার্ডের একটি অনুলিপি  পাবেন যা প্রিন্ট করে এনআইডি কার্ড হিসেবে ব্যবহার করতে পারবেন।
এনআইডি পোর্টাল লক হলে জরুরি প্রয়োজনে নির্ধারিত সময়ের আগে খোলার কোনো উপায় আছে কি?,smart_card_chip_functionality_details,ভুল তথ্য দিয়ে রেজিস্ট্রেশন বা লগিইনের চেষ্টা করা হলে তথ্যের নিরাপত্তা রক্ষার্থে সয়ংক্রিয় ভাবে লক করা হয়ে থাকে। নির্ধারিত সময়ের পূর্বে আনলক করার উপায় নেই।
লক হওয়া NID কি কোনো ফি দিলেই তাড়াতাড়ি খুলবে?,smart_card_chip_functionality_details,ভুল তথ্য দিয়ে রেজিস্ট্রেশন বা লগিইনের চেষ্টা করা হলে তথ্যের নিরাপত্তা রক্ষার্থে সয়ংক্রিয় ভাবে লক করা হয়ে থাকে। নির্ধারিত সময়ের পূর্বে আনলক করার উপায় নেই।
NID লগইন লক কত ঘন্টা স্থায়ী থাকে?,smart_card_chip_functionality_details,ভুল তথ্য দিয়ে রেজিস্ট্রেশন বা লগিইনের চেষ্টা করা হলে তথ্যের নিরাপত্তা রক্ষার্থে সয়ংক্রিয় ভাবে লক করা হয়ে থাকে। নির্ধারিত সময়ের পূর্বে আনলক করার উপায় নেই।
আমার NID একাউন্ট সাময়িকভাবে নিষ্ক্রিয়—এটা কতক্ষণে সক্রিয় হবে?,smart_card_chip_functionality_details,ভুল তথ্য দিয়ে রেজিস্ট্রেশন বা লগিইনের চেষ্টা করা হলে তথ্যের নিরাপত্তা রক্ষার্থে সয়ংক্রিয় ভাবে লক করা হয়ে থাকে। নির্ধারিত সময়ের পূর্বে আনলক করার উপায় নেই।
এনআইডি লগইন ব্লক—ফোনে অনুরোধ করলে কি আগে খুলে দেবে?,smart_card_chip_functionality_details,ভুল তথ্য দিয়ে রেজিস্ট্রেশন বা লগিইনের চেষ্টা করা হলে তথ্যের নিরাপত্তা রক্ষার্থে সয়ংক্রিয় ভাবে লক করা হয়ে থাকে। নির্ধারিত সময়ের পূর্বে আনলক করার উপায় নেই।
এনআইডি সিস্টেমে লক খুলতে কতটা সময় দিতে হয়?,smart_card_chip_functionality_details,ভুল তথ্য দিয়ে রেজিস্ট্রেশন বা লগিইনের চেষ্টা করা হলে তথ্যের নিরাপত্তা রক্ষার্থে সয়ংক্রিয় ভাবে লক করা হয়ে থাকে। নির্ধারিত সময়ের পূর্বে আনলক করার উপায় নেই।
এনআইডি লক কি কেবল সিস্টেম-নির্ধারিত সময়ের পরই মুক্ত হয়?,smart_card_chip_functionality_details,ভুল তথ্য দিয়ে রেজিস্ট্রেশন বা লগিইনের চেষ্টা করা হলে তথ্যের নিরাপত্তা রক্ষার্থে সয়ংক্রিয় ভাবে লক করা হয়ে থাকে। নির্ধারিত সময়ের পূর্বে আনলক করার উপায় নেই।
এনআইডি অ্যাকাউন্ট লক হলে কীভাবে দ্রুত সমাধান পাব—নাকি অপেক্ষাই?,smart_card_chip_functionality_details,ভুল তথ্য দিয়ে রেজিস্ট্রেশন বা লগিইনের চেষ্টা করা হলে তথ্যের নিরাপত্তা রক্ষার্থে সয়ংক্রিয় ভাবে লক করা হয়ে থাকে। নির্ধারিত সময়ের পূর্বে আনলক করার উপায় নেই।
আমি বিদেশে থাকাকালে কি কেউ আমার স্মার্ট কার্ডকে অবৈধ কাজে লাগাতে পারবে?,smart_card_chip_reader_requirement,ঝুকি এড়াতে এনআইডি কার্ডে আপনার ব্যক্তিগত তথ্য থাকে বিধায় এটি ব্যবহারে সতর্ক থাকুন।
স্মার্ট এনআইডিতে কি AI ইন্টিগ্রেট হবে যেন কার্ড নিজে মানুষ চিনতে পারে?,smart_card_damaged_chip_functionality,দুঃখিত এই মুহুর্তে এই ধরণের সেবা প্রদান করা হয় না।
স্মার্ট এনআইডিতে কি এমন এআই থাকবে যা মালিককে অটো সনাক্ত করে?,smart_card_damaged_chip_functionality,দুঃখিত এই মুহুর্তে এই ধরণের সেবা প্রদান করা হয় না।
চিপ কার্ড কি গোপনে ডেটা এক্সফিলট্রেশন করতে পারে নিজে?,smart_card_digital_authentication_usage,দুঃখিত বিষয়টি প্রাসঙ্গিক নয়। আপনি এনআইডি সম্পর্কে অন্য কিছু জানতে চাইলে আমাকে প্রশ্ন করতে পারেন।
স্মার্টকার্ড কি কোনোভাবেই অটো-ইনট্রুড করতে পারে?,smart_card_digital_authentication_usage,দুঃখিত বিষয়টি প্রাসঙ্গিক নয়। আপনি এনআইডি সম্পর্কে অন্য কিছু জানতে চাইলে আমাকে প্রশ্ন করতে পারেন।
স্মার্ট কার্ড কি আর্টিফিশিয়াল ইন্টেলিজেন্সের মত মাথার কথা ধরতে পারবে?,smart_card_eeprom_memory_limitations,দুঃখিত এই জাতীয় সেবা প্রদানের কোন পরিকল্পনা নাই।
অতিরিক্ত ফি দিলে কি দ্বিতীয় স্মার্ট কার্ড পাওয়া সম্ভব?,smart_card_fingerprint_iris_requirement,"দুঃখিত, এই মুহুর্তে একজন ব্যক্তিকে শুধুমাত্র একটি স্মার্ট কার্ড প্রদান করা হচ্ছে।"
দ্বিতীয় স্মার্ট কার্ড কি কাস্টম ফি দিয়ে ইস্যু হয়?,smart_card_fingerprint_iris_requirement,"দুঃখিত, এই মুহুর্তে একজন ব্যক্তিকে শুধুমাত্র একটি স্মার্ট কার্ড প্রদান করা হচ্ছে।"
ডুপ্লিকেট স্মার্ট কার্ড ইস্যু কি বর্তমানে চালু?,smart_card_fingerprint_iris_requirement,"দুঃখিত, এই মুহুর্তে একজন ব্যক্তিকে শুধুমাত্র একটি স্মার্ট কার্ড প্রদান করা হচ্ছে।"
অতিরিক্ত চার্জ দিয়ে কি রিপ্রিণ্টেড স্মার্ট কার্ড পাওয়া যাবে?,smart_card_fingerprint_iris_requirement,"দুঃখিত, এই মুহুর্তে একজন ব্যক্তিকে শুধুমাত্র একটি স্মার্ট কার্ড প্রদান করা হচ্ছে।"
স্মার্ট এনআইডির ডুপ্লিকেটের জন্য কি আবেদন করা যায়?,smart_card_fingerprint_iris_requirement,"দুঃখিত, এই মুহুর্তে একজন ব্যক্তিকে শুধুমাত্র একটি স্মার্ট কার্ড প্রদান করা হচ্ছে।"
স্মার্ট কার্ডের দ্বিতীয় প্রিন্ট নেওয়া যাবে কি?,smart_card_fingerprint_iris_requirement,"দুঃখিত, এই মুহুর্তে একজন ব্যক্তিকে শুধুমাত্র একটি স্মার্ট কার্ড প্রদান করা হচ্ছে।"
ডুপ্লিকেট স্মার্ট কার্ড কি এখন পাওয়া যায়?,smart_card_fingerprint_iris_requirement,"দুঃখিত, এই মুহুর্তে একজন ব্যক্তিকে শুধুমাত্র একটি স্মার্ট কার্ড প্রদান করা হচ্ছে।"
স্মার্ট এনআইডির আরেকটি কপি তোলার অনুমতি আছে কি?,smart_card_fingerprint_iris_requirement,"দুঃখিত, এই মুহুর্তে একজন ব্যক্তিকে শুধুমাত্র একটি স্মার্ট কার্ড প্রদান করা হচ্ছে।"
একই ব্যক্তির জন্য ডুপ্লিকেট স্মার্ট কার্ড কি পাওয়া সম্ভব?,smart_card_fingerprint_iris_requirement,"দুঃখিত, এই মুহুর্তে একজন ব্যক্তিকে শুধুমাত্র একটি স্মার্ট কার্ড প্রদান করা হচ্ছে।"
স্মার্ট কার্ডের ডুপ্লিকেটের আবেদন নেবে কি?,smart_card_fingerprint_iris_requirement,"দুঃখিত, এই মুহুর্তে একজন ব্যক্তিকে শুধুমাত্র একটি স্মার্ট কার্ড প্রদান করা হচ্ছে।"
দ্বিতীয়বার স্মার্ট কার্ড প্রিন্ট চাই—এটা কি সম্ভব?,smart_card_fingerprint_iris_requirement,"দুঃখিত, এই মুহুর্তে একজন ব্যক্তিকে শুধুমাত্র একটি স্মার্ট কার্ড প্রদান করা হচ্ছে।"
স্মার্টকার্ডে OS অটো-আপডেট হয় কি?,smart_card_future_technology_replacement,স্মার্ট কার্ডের কোনো নিজস্ব অপারটিং সিস্টেম নেই।
স্মার্ট আইডি কার্ডের চিপ কি মেশিন রিডেবল?,smart_card_operating_system_functionality,"দুঃখিত, এই প্রশ্নের উত্তর আমার জানা নেই। আপনি এনআইডি সম্পর্কে অন্য কোনো প্রশ্নে রুত্তর জানতে চাইলে আমাকে জিজ্ঞেস করতে পারেন। অথবা এজেন্টেউর সাথে সরাসরি কথা বলতে ৯ চাপুন।"
স্মার্ট কার্ড কি অদূর ভবিষ্যতে অপরিবর্তিত থাকবে?,smart_card_pki_security_importance,বর্তমানে স্মার্ট কার্ড প্রযুক্তির সেরা অবস্থানে আছে। যুগের সাথে তালমিলিয়ে ভবিষ্যতে অন্য কোন প্রযুক্তির মতামত প্রদান করা সম্ভব নয়।
স্মার্ট কার্ডের ভবিষ্যৎ বিকল্প নিয়ে এখনই কি সিদ্ধান্ত সম্ভব?,smart_card_pki_security_importance,বর্তমানে স্মার্ট কার্ড প্রযুক্তির সেরা অবস্থানে আছে। যুগের সাথে তালমিলিয়ে ভবিষ্যতে অন্য কোন প্রযুক্তির মতামত প্রদান করা সম্ভব নয়।
স্মার্ট কার্ড হারালে কি ডুপ্লিকেট স্মার্ট এনআইডি ইস্যু দেয়?,smart_card_second_print_not_available,"Smart Card ২য় বার মুদ্রণের সুযোগ এই মুহুর্তে নেই, আপনি প্লাস্টিক লেমিনেটিং কার্ডই পাবেন।"
"স্মার্ট কার্ড যদি হারিয়ে যায়, তাহলে নতুন স্মার্ট কার্ড ইস্যু করবেন?",smart_card_second_print_not_available,"Smart Card ২য় বার মুদ্রণের সুযোগ এই মুহুর্তে নেই, আপনি প্লাস্টিক লেমিনেটিং কার্ডই পাবেন।"
স্মার্ট আইডি ডুপ্লিকেট কি বর্তমানে দেওয়া হচ্ছে?,smart_card_second_print_not_available,"Smart Card ২য় বার মুদ্রণের সুযোগ এই মুহুর্তে নেই, আপনি প্লাস্টিক লেমিনেটিং কার্ডই পাবেন।"
স্মার্ট কার্ড ডুপ্লিকেট কি হারানো অবস্থায় দেওয়া হয়?,smart_card_second_print_not_available,"Smart Card ২য় বার মুদ্রণের সুযোগ এই মুহুর্তে নেই, আপনি প্লাস্টিক লেমিনেটিং কার্ডই পাবেন।"
স্মার্ট কার্ড হারিয়েছি—কি স্মার্ট ডুপ্লিকেট পাব না?,smart_card_second_print_not_available,"Smart Card ২য় বার মুদ্রণের সুযোগ এই মুহুর্তে নেই, আপনি প্লাস্টিক লেমিনেটিং কার্ডই পাবেন।"
"স্মার্ট কার্ড হারিয়ে গেলে কি স্মার্ট নয়, অন্য কার্ড দেওয়া হবে?",smart_card_second_print_not_available,"Smart Card ২য় বার মুদ্রণের সুযোগ এই মুহুর্তে নেই, আপনি প্লাস্টিক লেমিনেটিং কার্ডই পাবেন।"
ফিঙ্গারপ্রিন্ট যাচাই স্মার্ট কার্ডে শুরু আছে কি? আইরিশ কবে কার্যকর হবে?,smart_card_security_breach_concerns,ফিঙ্গার ব্যবহার চলমান রয়েছে। ভবিষ্যতে আইরিশের ব্যবহার চালু হবে।
স্মার্ট আইডিতে বায়োমেট্রিক দুটোর ব্যবহার কখন থেকে পূর্ণাঙ্গ হবে?,smart_card_security_breach_concerns,ফিঙ্গার ব্যবহার চলমান রয়েছে। ভবিষ্যতে আইরিশের ব্যবহার চালু হবে।
চিপ নষ্ট হয়ে গেলে কার্ডের বৈধতা নিয়ে কী করণীয়?,smart_card_signature_visibility_chip,"স্মার্ট কার্ড একটি জাতীয় সম্পদ, এটি সযত্নে সংরক্ষণ করা নাগরিকের দায়িত্ব। এটিতে মরিচা পড়ে গেলে চিপটি নষ্ট হয়ে যাবার শংকা রয়েছে।"
চিপ সনাক্ত না হলে কি পুনঃপ্রদান করা হয়?,smart_card_signature_visibility_chip,"স্মার্ট কার্ড একটি জাতীয় সম্পদ, এটি সযত্নে সংরক্ষণ করা নাগরিকের দায়িত্ব। এটিতে মরিচা পড়ে গেলে চিপটি নষ্ট হয়ে যাবার শংকা রয়েছে।"
ভোটার এলাকা ট্রান্সফারের জন্য কোনো সার্ভিস চার্জ দিতে হবে কি?,voter_area_transfer_office_contact,কোন ফি প্রদান করতে হয়না। কিন্তু প্রয়োজনীয় কাগজপত্র সহ ব্যক্তিকে স্বশরীরে সংশ্লিষ্ট উপজেলা/ থানা নির্বাচন অফিসে আবেদন জমা দিতে হবে।
ভোটার এলাকা স্থানান্তরে কি কোনো সার্ভিস ফি প্রযোজ্য নয়?,voter_area_transfer_office_contact,কোন ফি প্রদান করতে হয়না। কিন্তু প্রয়োজনীয় কাগজপত্র সহ ব্যক্তিকে স্বশরীরে সংশ্লিষ্ট উপজেলা/ থানা নির্বাচন অফিসে আবেদন জমা দিতে হবে।
ভোটার এলাকা ট্রান্সফারের জন্য কি কোনো কস্ট নেই?,voter_area_transfer_office_contact,কোন ফি প্রদান করতে হয়না। কিন্তু প্রয়োজনীয় কাগজপত্র সহ ব্যক্তিকে স্বশরীরে সংশ্লিষ্ট উপজেলা/ থানা নির্বাচন অফিসে আবেদন জমা দিতে হবে।
ভোটার এলাকা ট্রান্সফার ফি অনলাইনে জমা দেওয়া যাবে কি?,voter_area_transfer_office_contact,কোন ফি প্রদান করতে হয়না। কিন্তু প্রয়োজনীয় কাগজপত্র সহ ব্যক্তিকে স্বশরীরে সংশ্লিষ্ট উপজেলা/ থানা নির্বাচন অফিসে আবেদন জমা দিতে হবে।
ভোটার এলাকা স্থানান্তরের ফি কি কারো মাধ্যমে দেওয়া যাবে?,voter_area_transfer_office_contact,কোন ফি প্রদান করতে হয়না। কিন্তু প্রয়োজনীয় কাগজপত্র সহ ব্যক্তিকে স্বশরীরে সংশ্লিষ্ট উপজেলা/ থানা নির্বাচন অফিসে আবেদন জমা দিতে হবে।
ভোটার এলাকা বদলের জন্য কোনো ফি থাকলে কত?,voter_area_transfer_office_contact,কোন ফি প্রদান করতে হয়না। কিন্তু প্রয়োজনীয় কাগজপত্র সহ ব্যক্তিকে স্বশরীরে সংশ্লিষ্ট উপজেলা/ থানা নির্বাচন অফিসে আবেদন জমা দিতে হবে।
ভোটার এলাকা স্থানান্তরের ক্ষেত্রে কি কোনো ফি নেই?,voter_area_transfer_office_contact,কোন ফি প্রদান করতে হয়না। কিন্তু প্রয়োজনীয় কাগজপত্র সহ ব্যক্তিকে স্বশরীরে সংশ্লিষ্ট উপজেলা/ থানা নির্বাচন অফিসে আবেদন জমা দিতে হবে।
ভোটার এলাকা ট্রান্সফার ফি কি সম্পূর্ণ ফ্রি?,voter_area_transfer_office_contact,কোন ফি প্রদান করতে হয়না। কিন্তু প্রয়োজনীয় কাগজপত্র সহ ব্যক্তিকে স্বশরীরে সংশ্লিষ্ট উপজেলা/ থানা নির্বাচন অফিসে আবেদন জমা দিতে হবে।
ভোটার এলাকা স্থানান্তরের জন্য কি ফি পেমেন্ট করতে হয়?,voter_area_transfer_office_contact,কোন ফি প্রদান করতে হয়না। কিন্তু প্রয়োজনীয় কাগজপত্র সহ ব্যক্তিকে স্বশরীরে সংশ্লিষ্ট উপজেলা/ থানা নির্বাচন অফিসে আবেদন জমা দিতে হবে।
ভোটার এলাকা বদলের ফি কি শূন্য?,voter_area_transfer_office_contact,কোন ফি প্রদান করতে হয়না। কিন্তু প্রয়োজনীয় কাগজপত্র সহ ব্যক্তিকে স্বশরীরে সংশ্লিষ্ট উপজেলা/ থানা নির্বাচন অফিসে আবেদন জমা দিতে হবে।
ভোটার এলাকা ট্রান্সফারের প্রশ্নে কার সাথে যোগাযোগ করব?,voter_area_village_name_correction,"যে ভোটার এলাকাতে আপনি যেতে চান, সেই এলাকার উপজেলা/ থানা নির্বাচন অফিসে আবেদন জমা দিতে হবে।"
ভোটার এলাকা স্থানান্তরের জন্য গন্তব্য এলাকার থানা নির্বাচন অফিসে কি যেতে হবে?,voter_area_village_name_correction,"যে ভোটার এলাকাতে আপনি যেতে চান, সেই এলাকার উপজেলা/ থানা নির্বাচন অফিসে আবেদন জমা দিতে হবে।"
বিদেশে থাকা নাগরিকের এনরোলমেন্টে নাম মিল না থাকলে কোন নাম নেওয়া হবে?,voting_smart_card_requirement,ব্যক্তির সকল সনদে নাম একই হওয়া বাঞ্চনীয়। প্রয়োজনে আবেদনের পূর্বেই দলিলাদি সংশোধন করতে হবে।
"এনআইডি নাম্বার ভুল হওয়ায় পেমেন্ট চলে গেছে, রিফান্ড কীভাবে?",wrong_nid_payment_refund_impossible,"দুঃখিত, যে কোন এনআইডিতে জমাকৃত ফিস ফেরত পাওয়ার সুযোগ নেই।"
ভুল এনআইডিতে আবেদন ফি জমা পড়ে গেলে কি টাকা ফেরত হয়?,wrong_nid_payment_refund_impossible,"দুঃখিত, যে কোন এনআইডিতে জমাকৃত ফিস ফেরত পাওয়ার সুযোগ নেই।"
"জাতীয় পরিচয়পত্র নম্বর ভুল দিয়ে ফি জমা, টাকাটা কি ফেরত পেতে পারি?",wrong_nid_payment_refund_impossible,"দুঃখিত, যে কোন এনআইডিতে জমাকৃত ফিস ফেরত পাওয়ার সুযোগ নেই।"
অন্যের NID-এ ভুল পেমেন্টের টাকা ফেরত পাওয়ার সম্ভাবনা আছে কি?,wrong_nid_payment_refund_impossible,"দুঃখিত, যে কোন এনআইডিতে জমাকৃত ফিস ফেরত পাওয়ার সুযোগ নেই।"
অন্যের এনআইডিতে ফি জমা পড়লে কি টাকা ফেরত হয়ে থাকে?,wrong_nid_payment_refund_impossible,"দুঃখিত, যে কোন এনআইডিতে জমাকৃত ফিস ফেরত পাওয়ার সুযোগ নেই।"
ভুল NID নম্বরে টাকা জমা দিলে কি ফেরত পাওয়া যাবে?,wrong_nid_payment_refund_impossible,"দুঃখিত, যে কোন এনআইডিতে জমাকৃত ফিস ফেরত পাওয়ার সুযোগ নেই।"
"এনআইডি নম্বর ভুল টাইপ করে টাকা পাঠিয়েছি, রিফান্ড কি হবে?",wrong_nid_payment_refund_impossible,"দুঃখিত, যে কোন এনআইডিতে জমাকৃত ফিস ফেরত পাওয়ার সুযোগ নেই।"
"ভুল এনআইডিতে অর্থ প্রেরণ করেছি, রিফান্ডের বিধান কী?",wrong_nid_payment_refund_impossible,"দুঃখিত, যে কোন এনআইডিতে জমাকৃত ফিস ফেরত পাওয়ার সুযোগ নেই।"
ভুল এনআইডিতে ফি জমা হলে রিফান্ডের আবেদন করা যায় কি?,wrong_nid_payment_refund_impossible,"দুঃখিত, যে কোন এনআইডিতে জমাকৃত ফিস ফেরত পাওয়ার সুযোগ নেই।"
আবেদন জমা দেওয়ার পর সংশোধন প্রক্রিয়াটি সম্পন্ন হতে কতদিন সময় লাগে?,abroad_remittance_warrior_label_request,ঠিকানা সংশোধনের জন্য আবেনদন করতে হবে।
"অনলাইনে এখনো লক দেখাচ্ছে, কখন ঠিক হবে?",account_locked_retrials,ভুল তথ্য দিয়ে রেজিস্ট্রেশন বা লগইনের জন্য তিনবারের অধিক চেষ্টা করা হলে স্বয়ংক্রিয়ভাবে একাউন্ট সাময়িক সময়ের জন্য লক করে দেওয়া হয়। অনুগ্রহপূর্বক সঠিক তথ্য দিয়ে আট ঘন্টা পর পুনরায় চেষ্টা করুন।
বিদেশে বসাবসের সময় কি এনআইডি কার্ডে ঠিকানা বা অন্যান্য তথ্য আপডেট করা যায়?,dual_citizen_foreign_address_addition,আপনার বৈদিশিক ঠিকানা সংযুক্ত করার আবেদন করতে পারবেন।
ভোটার তালিকায় নিবন্ধনের জন্য কত বয়স হতে হয়?,new_nid_card_age,ভোটার হওয়ার জন্য বয়স ১৮ বছর বা তদুর্দ্ধ হতে হয়।
"অনেকদিন হয়ে গেছে রিইস্যু আবেদন করেছি এখনো পেন্ডিং দেখাচ্ছে, কতদিন লাগবে?",online_application_pending,আপনার এই প্রশ্নের উত্তরটি জানতে ৯ বাটন চেপে কল সেন্টার প্রতিনিধির সঙ্গে সরাসরি কথা বলুন।
ভোটার হবার সময় কোন ঠিকানা ব্যবহার করা উচিৎ?,present_address_permanent_together,"স্থায়ী ঠিকানায় ভোটার হওয়া উচিৎ, স্থায়ী ঠিকানা অথবা বর্তমান ঠিকানা প্রয়োজন আসতে ব্যবহার করা উচিত।"
এনআইডি সার্ভারে স্থায়ী ঠিকানা আপডেট হতে কত সময় লাগে?,present_address_wrong_type_corrected,নির্দিষ্ট সময় নাই। সাধারণ ৩০ কার্যদিবস। তবে চাহিত উপজেলার তদন্ত প্রতিবেদন দাখিল সাপেক্ষে এ জাতীয় আবেদন নিষ্পত্তি করা হয়ে থাকে।
সরকারী ছেড়ে দিয়ে গৃহিনী হয়ে গেলে পেশা পরিবর্তন করতে হলে কি কি ডকুমেন্ট লাগবে?,profession_incorrect_government_correction,আবেদনকারী পূর্বে সরকারী চাকুরী করে সরকারী চাকুরী অবসানের প্রত্যয়নসহ অনলাইনে সংশোধন আবেদন করবেন।
NID তে একাধিক আবেদন একসাথে করার সুযোগ আছে?,reissue_correction_simultaneous_not_allowed,দুইটি আবেদন একসাথে করার সুযোগ নাই।
রি-ইস্যুর আবেদন করার পর দ্রুত প্রক্রিয়া কিভাবে হবে?,reissue_normal_to_urgent_upgrade_not_possible,দুঃখিত। আপনার জরুরী কার্ড প্রদান করতে হলে জরুরী আবেদন করতে হবে।
স্মার্ট কার্ড বারবার নিতে চাইলে কি বিশেষ ফি দিয়ে নতুন কার্ড নেওয়া সম্ভব?,smart_card_fingerprint_iris_requirement,"দুঃখিত, এই মুহুর্তে একজন ব্যক্তিকে শুধুমাত্র একটি স্মার্ট কার্ড প্রদান করা হচ্ছে।"
স্মার্ট কার্ডের চিপ কাজ না করলে করণীয় কি?,smart_card_signature_visibility_chip,"স্মার্ট কার্ড একটি জাতীয় সম্পদ, এটি সযত্নে সংরক্ষণ করা নাগরিকের দায়িত্ব। এটিতে মরিচা পড়ে গেলে চিপটি নষ্ট হয়ে যাবার শংকা রয়েছে।"
ভোটার এলাকা স্থানান্তর করতে কত টাকা ফি প্রদান করতে হয়?,voter_area_transfer_office_contact,কোন ফি প্রদান করতে হয়না। কিন্তু প্রয়োজনীয় কাগজপত্র সহ ব্যক্তিকে স্বশরীরে সংশ্লিষ্ট উপজেলা/ থানা নির্বাচন অফিসে আবেদন জমা দিতে হবে।
"আমার নিবন্ধন স্লিপ অথবা এনআইডি কার্ডটি হারিয়ে গেছে, এনআইডি কার্ড পাবো কীভাবে?",voter_slip_lost_how_to_get_nid,সংশ্লিষ্ট উপজেলা/থানা নির্বাচন অফিস গিয়ে এনআইডি নম্বর সংগ্রহ করে অনলাইনে রি-ইস্যু আবেদন করতে হবে। যদি এনআইডি নম্বর জানা থাকে তাহলে সরাসরি অনলাইনে আবেদন করুন।
"ভুলবশত অন্য কারো এনআইডিতে টাকা চলে গেছে, সেই টাকা ফেরৎ পাব কিভাবে?",wrong_nid_payment_refund_impossible,"দুঃখিত, যে কোন এনআইডিতে জমাকৃত ফিস ফেরত পাওয়ার সুযোগ নেই।"
তাহলে কই যাব?,fraction,tag
কার নাম লিখব?,fraction,tag
এখনো রি-ইস্যু হয়নি?,fraction,tag
