question,tag,answer
ভুল করে ২য় বার ভোটার হয়েছি। জানতে পারলাম Match Found. এখন কি করনীয়?,double_voter_registration_issue,সংশ্লিষ্ট উপজেলা/ থানা নির্বাচন অফিসে যোগাযোগ করুন।
মোবাইলের সিম বা অন্যান্য ক্ষেত্রে ফিঙ্গারপ্রিন্ট দিলে আমার তথ্য আসেনা। কি করনীয়?,fingerprint_error_info_not_found,আপনার ফিঙ্গারপ্রিন্টে সমস্যা থাকলে তা সংশ্লিষ্ট থানা/উপজেলা নির্বাচন অফিসে গিয়ে আপডেট করুন। তবে একাধিকবার প্রচেষ্টা সত্বেও ফিঙ্গারপ্রিন্ট ক্যাপচার না করা গেলে এনআইডি উইং হতে অনাপত্তি পত্র/ প্রত্যয়নপত্র নেয়া যেতে পারে।
ফিঙ্গারপ্রিন্ট আপডেট করতে দিয়ে ধীর্ঘদিন হলো কিন্তু এখনো হচ্ছে না বা Adjudication Pending অবস্থায় আছে। কি করনীয়?,finderprint_adjudication_pending,অনুগ্রহপূর্বক অপেক্ষা করুন। তবে দীর্ঘদিন পেন্ডিং থাকলে আপনি এনআইডি উইং এর কারিগরি অধিশাখায় যোগাযোগ করতে পারেন।
নতুন এনআইডি বা ভোটার আবেদন করেছিলাম কিন্তু এখনো Adjudication Pending অবস্থায় আছে। কি করনীয়?,nid_adjudication_pending,"অনুগ্রহপূর্বক অপেক্ষা করুন। তবে দীর্ঘদিন আবেদন পেন্ডিং থাকলে আপনার অনলাইন জন্ম সনদ, এসএসসি সনদ (যদি থাকে), মাতার এনআইডি কার্ডের কপিসহ এনআইডি উইং এর কারিগরি অধিশাখায় যোগাযোগ করতে পারেন।"
সংশোধনের আবেদন করতে কত টাকা দিতে হবে?,card_correction_fees,"(১) কার্ডে প্রদর্শিত তথ্য ১ম বার সংশোধনের জন্য ২৩০ (ভ্যাটসহ) টাকা, ২য় বার সংশোধনের জন্য ৩৪৫ (ভ্যাটসহ), পরবর্তী প্রতিবারের সংশোধনের জন্য ৪৬০ (ভ্যাটসহ) টাকা (২) কার্ডে অপ্রদর্শিত তথ্য সংশোধনের জন্য ১ম বার ১১৫ (ভ্যাটসহ) টাকা, ২য় বার সংশোধনের জন্য ২৩০ (ভ্যাটসহ) টাকা, পরবর্তী প্রতিবারের সংশোধনের জন্য ৩৪৫ (ভ্যাটসহ) টাকা এনআইডি অনলাইন পোর্টালের মাধ্যমে আপনার নির্দিষ্ট আবেদনের ফী -এর পরিমাণ জানতে ভিজিট করুন services.nidw.gov.bd/nid-pub/fees"
রি-ইস্যু করতে কত টাকা জমা দিতে হয়?,card_reissue_fees,"সাধারণঃ (৩০ কার্যদিবস এর মধ্যে প্রাপ্তি) ১ম বার আবেদনের ক্ষেত্রে ২৩০ (ভ্যাটসহ) টাকা, ২য় বার আবেদনের ক্ষেত্রে ৩৪৫ (ভ্যাটসহ) টাকা, পরবর্তী প্রতিবার আবেদনের ক্ষেত্রে ৫৭৫ (ভ্যাটসহ) টাকা ফিস দিতে হবে। জরুরীঃ (০৭ কার্যদিবস এর মধ্যে প্রাপ্তি) ১ম বার আবেদনের ক্ষেত্রে ৩৪৫ (ভ্যাটসহ) টাকা, ২য় বার আবেদনের ক্ষেত্রে ৫৭৫ (ভ্যাটসহ) টাকা, পরবর্তী প্রতিবার আবেদনের ক্ষেত্রে ১১৫০ (ভ্যাটসহ) টাকা ফিস দিতে হবে।"
এনআইডি সংশোধনের জন্য কিভাবে ফি জমা দিতে হয়?,correction_fee_payment,"অনুমোদিত মোবাইল ব্যাংকিং সেবা (বিকাশ, রকেট, ওকে ওয়ালেট, টি-ক্যাশ, উপায়, মিউচুয়াল ট্রাষ্ট ব্যাংক, ফাষ্ট সিকিউরিটি ইসলামী ব্যাংক, সাউথইষ্ট ব্যাংক, ব্যাংক অফ কমার্স) থেকে নির্ধারিত অপশন এর মাধ্যমে জমা দেওয়া যায়।"
"বিকাশে কিভাবে এনআইডি সংশোধন ফি জমা দিতে হয়?
 ‌",bkash_mfs_payment_process,মোবাইল ব্যাংকিংয়ের মাধ্যমে বিকাশের ক্ষেত্রে “পে বিল” অপশনে গিয়ে “এনআইডি সার্ভিস” অপশন থেকে এনআইডি ফি প্রদান করা যাবে।
রকেটে কিভাবে এনআইডি সংশোধন ফি জমা দিতে হয়?,rocket_mfs_payment_process,মোবাইল ব্যাংকিংয়ের মাধ্যমে রকেটের ক্ষেত্রে “বিল পে” অপশনে গিয়ে “ইসি বাংলাদেশ” অপশন থেকে এনআইডি ফি প্রদান করা যাবে।
স্থায়ী ঠিকানা পরিবর্তন বা সংশোধনের জন্য কতো ফি দিতে হয়?,permanent_address_change_fees,
স্মার্ট কার্ড তুলতে কি ফি দেওয়া লাগবে?,smart_card_collection_fees,পূর্বে প্রদানকৃত লেমিনেটেড পেপার জাতীয় পরিচয়পত্রটি জমা দিতে হবে।
"একবার সংশোধন আবেদন বাতিল করা হয়েছে, পুনরায় আবেদন করতে কি আবার ফি জমা দিতে হবে?",card_correction_request_failed_query_regarding_repayment_fees,প্রতিবার আবেদনের ক্ষেত্রে নির্ধারিত পরিমাণ ফি জমা দিতে হয়।
সংশোধন আবেদন বাতিল হয়ে গেলে কি টাকা ফেরত পাবো?,card_correction_request_failed_query_regarding_refund_fees,"দুঃখিত, আপনার জমাকৃত আবেদনের বিপরীতে ফি ফেরত পাওয়ার সুযোগ নেই।"
"সংশোধোনের জন্য ফি জমা দিয়েছি, আবেদন করতে চাচ্ছি না, এখন আমি কিভাবে টাকা ফেরত পেতে পারি?",card_correction_request_canceled_by_consumer_regarding_refund_fees,"দুঃখিত, এনআইডি ওয়ালেটে একবার ফি জমা হয়ে গেলে সেটি ফেরত পাওয়ার সুযোগ নেই। তবে জমাকৃত ফি ব্যবহৃত না হয়ে থাকলে পরবর্তীতে একই জাতীয় পরিচয়পত্রের বিপরীতে ব্যবহার করা যাবে।"
ফিস জমা দিতে কোন নম্বর (১০/১৩/১৭ ডিজিট) ব্যবহার করবো?,card_correction_fees_payment_reference_nid_number_query,আপনি ১৭ অথবা ১০ ডিজিট যেকোন এনআইডি নম্বর ব্যবহার করে ফি জমা দিতে পারবেন।
বিদেশে বসবাসরত বাংলাদেশীদের এনআইডি বা ভোটার নিবন্ধনের জন্য করণীয় কি?,foreign_resident_card_registration_process,"যে সকল দেশে প্রবাসী বাংলাদেশীদের এনআইডি বা ভোটার নিবন্ধন কার্যক্রম চলমান রয়েছে, সেসকল দেশের ক্ষেত্রে ওয়েব পোর্টাল services.nidw.gov.bd/ ভিজিট করে রেজিস্টেশন পূর্বক নিবন্ধন ফর্ম পূরন করুন। অতঃপর উক্ত ফর্মের প্রিন্ট কপি, অনলাইন জন্ম সনদ, পাসপোর্ট এবং পাসপোর্ট সাইজের ছবি নিয়ে এপয়েনমেন্টের তারিখ অনুযায়ী বাংলাদেশ দূতাবাস/এম্বাসী অফিসে এসে বায়োমেট্রিক প্রদান করুন।"
প্রবাসে বসবাসকারীদের এনআইডি বা ভোটার নিবন্ধনের জন্য কি করতে হবে?,foreign_resident_card_registration_process,"যে সকল দেশে প্রবাসী বাংলাদেশীদের এনআইডি বা ভোটার নিবন্ধন কার্যক্রম চলমান রয়েছে, সেসকল দেশের ক্ষেত্রে ওয়েব পোর্টাল services.nidw.gov.bd/ ভিজিট করে রেজিস্টেশন পূর্বক নিবন্ধন ফর্ম পূরন করুন। অতঃপর উক্ত ফর্মের প্রিন্ট কপি, অনলাইন জন্ম সনদ, পাসপোর্ট এবং পাসপোর্ট সাইজের ছবি নিয়ে এপয়েনমেন্টের তারিখ অনুযায়ী বাংলাদেশ দূতাবাস/এম্বাসী অফিসে এসে বায়োমেট্রিক প্রদান করুন।"
এ পর্যন্ত কোন কোন দেশে ভোটার নিবন্ধনের অনুমতি দেওয়া হয়েছে।,foreign_resident_card_registration_query_country_limitation,"বর্তমানে সংযুক্ত আরব আমিরাত, সৌদি আরব, কাতার, মালয়েশিয়া, কুয়েত, যুক্তরাজ্য, ইতালি, অস্ট্রেলিয়া ও কানাডায় প্রবাসী বাংলাদেশীদের ভোটার নিবন্ধন ও এনআইডি বিতরণ কার্যক্রম চালু রয়েছে।"
কোন কোন দেশে প্রবাসী ভোটার নিবন্ধন করা হয়?,foreign_resident_card_registration_query_country_limitation,"বর্তমানে সংযুক্ত আরব আমিরাত, সৌদি আরব, কাতার, মালয়েশিয়া, কুয়েত, যুক্তরাজ্য, ইতালি, অস্ট্রেলিয়া ও কানাডায় প্রবাসী বাংলাদেশীদের ভোটার নিবন্ধন ও এনআইডি বিতরণ কার্যক্রম চালু রয়েছে।"
"আমি xxxxxxx দেশে আছি, এখানে কি ভোটার নিবন্ধন করা হয়?",foreign_resident_card_registration_query_country_limitation,"বর্তমানে সংযুক্ত আরব আমিরাত, সৌদি আরব, কাতার, মালয়েশিয়া, কুয়েত, যুক্তরাজ্য, ইতালি, অস্ট্রেলিয়া ও কানাডায় প্রবাসী বাংলাদেশীদের ভোটার নিবন্ধন ও এনআইডি বিতরণ কার্যক্রম চালু রয়েছে।"
কোন কোন দেশ থেকে এনআইডি বা ভোটার নিবন্ধন করা যায়?,foreign_resident_card_registration_query_country_limitation,"বর্তমানে সংযুক্ত আরব আমিরাত, সৌদি আরব, কাতার, মালয়েশিয়া, কুয়েত, যুক্তরাজ্য, ইতালি, অস্ট্রেলিয়া ও কানাডায় প্রবাসী বাংলাদেশীদের ভোটার নিবন্ধন ও এনআইডি বিতরণ কার্যক্রম চালু রয়েছে।"
দূতাবাসে ভোটার নিবন্ধন করতে হলে কি কি কাগজপত্র লাগে?,foreign_resident_card_registration_required_documents,"দূতাবাসে ভোটার নিবন্ধন করতে হলে পূরণকৃত ফরম (২ক) এর প্রিন্ট কপি, অনলাইন জন্ম সনদ, পাসপোর্ট এবং পাসপোর্ট সাইজের ছবি প্রয়োজন লাগবে।"
প্রবাসী ভোটার হতে হলে কি কি কাগজপত্র লাগে?,foreign_resident_card_registration_required_documents,"দূতাবাসে ভোটার নিবন্ধন করতে হলে পূরণকৃত ফরম (২ক) এর প্রিন্ট কপি, অনলাইন জন্ম সনদ, পাসপোর্ট এবং পাসপোর্ট সাইজের ছবি প্রয়োজন লাগবে।"
"আমি বাংলাদেশে ভোটার হয়েছিলাম, এখন কি প্রবাসেও ভোটার হতে হবে?",foreign_resident_multiple_registration_new,"আপনি বাংলাদেশে ছবিযুক্ত ভোটার তালিকায় অন্তর্ভূক্ত হয়ে থাকলে প্রবাসে নিবন্ধনের প্রয়োজন নেই। মনে রাখবেন, একাধিকবার নিবন্ধন করা আইনত দণ্ডনীয় অপরাধ।"
প্রবাসী এনআইডি বা ভোটার নিবন্ধনের জন্য এম্বাসী/দূতাবাসে আবেদন জমা দিয়ে এসেছি। বর্তমান অবস্থা কি?,nrb_application_status,আপনার এই প্রশ্নের উত্তরটি জানতে ৯ বাটন চেপে কল সেন্টার প্রতিনিধির সঙ্গে সরাসরি কথা বলুন।
আমার পাসপোর্টের মেয়াদ শেষ হয়ে গেছে। আমি কি প্রবাস থেকে এনআইডি বা ভোটার নিবন্ধনের আবেদন করতে পারবো?,foreign_resident_passport_expaired_card_registration_process,"দুঃখিত, নিবন্ধন প্রত্যাশি প্রবাসীর বৈধ বাংলাদেশী পাসপোর্ট থাকা জরুরী। অনুগ্রহপূর্বক আপনার পাসপোর্টের মেয়াদ বৃদ্ধির পদক্ষেপ গ্রহণ করুন।"
প্রবাসী এনআইডি বা ভোটার নিবন্ধনের জন্য এম্বাসী/দূতাবাসে আবেদন জমা দিয়ে এসেছি। বর্তমান অবস্থা কি?,nrb_application_status,আপনার এই প্রশ্নের উত্তরটি জানতে ৯ বাটন চেপে কল সেন্টার প্রতিনিধির সঙ্গে সরাসরি কথা বলুন।
আমার পাসপোর্টের মেয়াদ শেষ হয়ে গেছে। আমি কি প্রবাস থেকে এনআইডি বা ভোটার নিবন্ধনের আবেদন করতে পারবো?,foreign_resident_passport_expaired_card_registration_process,"দুঃখিত, নিবন্ধন প্রত্যাশি প্রবাসীর বৈধ বাংলাদেশী পাসপোর্ট থাকা জরুরী। অনুগ্রহপূর্বক আপনার পাসপোর্টের মেয়াদ বৃদ্ধির পদক্ষেপ গ্রহণ করুন।"
"এম্বাসী/দূতাবাসে বায়োমেট্রিক প্রদান করেছি, এখন কি করণীয়?",foreign_resident_action_after_biometrics_new,আপনার এই প্রশ্নের উত্তরটি জানতে ৯ বাটন চেপে কল সেন্টার প্রতিনিধির সঙ্গে সরাসরি কথা বলুন।
"প্রবাসে ছবি তুলেছিলাম, এম্বাসিতে যোগাযোগ করলে বলেছে উপজেলা থেকে তদন্ত পাঠায়নি। কি করণীয়?",foreign_resident_card_picture_done_not_inquery_from_upzilla_new,"আপনি নিজে অথবা আপনার প্রতিনিধি অথবা আপনার আত্মীয়ের মাধ্যমে সংশ্লিষ্ট উপজেলা/থানা নির্বাচন অফিসে যোগাযোগ করতে হবে। যদি উপজেলা/থানা নির্বাচন অফিসার ইতোমধ্যে এ বিষয়ে সরেজমিন তদন্ত করে থাকেন, তাহলে তিনি প্রতিবেদন দাখিল করবেন।"
"প্রবাসে/ বিদেশে ছবি তুলেছিলাম, উপজেলা থেকে তদন্ত করে অনুমোদন করেছে, কিন্তু এখনও মেসেজ পাইনি।",foreign_resident_card_picture_done__inquery_done_no_msg_new,আপনার এই প্রশ্নের উত্তরটি জানতে ৯ বাটন চেপে কল সেন্টার প্রতিনিধির সঙ্গে সরাসরি কথা বলুন।
প্রবাসী এনআইডি বা ভোটার নিবন্ধনের জন্য এম্বাসী/দূতাবাসে আবেদন করেছি। স্মার্ট কার্ড কীভাবে পাবো?,foreign_resident_card_collection,প্রবাসী বাংলাদেশীদের নিবন্ধন সম্পন্ন হলে অনলাইন থেকে এনআইডি এর একটি pdf কপি ডাউনলোড করে ব্যবহার করতে পারবেন। দেশভিত্তিক স্মার্ট এনআইডি কার্ড মুদ্রণ পূর্বক সংশ্লিষ্ট দূতাবাসে প্রেরণের মাধ্যমে বিতরণ করা হয়ে থাকে।
প্রবাসী এনআইডি বা ভোটার নিবন্ধনের জন্য এম্বাসী/দূতাবাসে আবেদন করেছি। আবেদন Reject করে দিয়েছে। কেনো?,foreign_resident_card_registration_rejected,"কোন ব্যক্তি একাধিকবার ভোটার নিবন্ধনের চেষ্টা করলে আবেদন বাতিল হতে পারে। তবে অন্য কোন কারণে বাতিল হলে তা জানতে সংশ্লিষ্ট দূতাবাস অথবা এনআইডি উইং, নিবন্ধন ও প্রবাসী অধিশাখায় যোগাযোগ করুন।"
প্রবাসী এনআইডি বা ভোটার নিবন্ধনের জন্য এম্বাসী/দূতাবাসে আবেদন করেছি। এখনো Adjudication Pending অবস্থায় আছে। কি করণীয়?,foreign_resident_nid_adjudication_pending,আপনার বায়োমেট্রিকস যাচাইয়ের কার্যক্রম চলমান আছে। অনুগ্রহপূর্বক অপেক্ষা করুন। দীর্ঘদিন যাবত আবেদন পেন্ডিং থাকলে অনুগ্রহপূর্বক আপনার কোনো নিকটাত্মীয়ের মাধ্যমে বাংলাদেশে অবস্থিত উপজেলা/থানা নির্বাচন অফিসে যোগাযোগ করতে পারেন।
নতুন ভোটার হতে চাই?,wish_to_create_nid_smart_card_new,services.nidw.gov.bd এই ওয়েব পোর্টালে নতুন নিবন্ধন অপশনে গিয়ে রেজিষ্ট্রেশন করে লগইন করুন। এরপর নিবন্ধন ফরম পূরন করুন এবং এপয়েন্টমেন্ট অপশন থেকে এপয়েন্টমেন্ট নিন অথবা এসএমএস পাওয়া সাপেক্ষে প্রয়োজনীয় কাগজপত্রসহ সংশ্লিষ্ট থানা/উপজেলা নির্বাচন অফিসে গিয়ে ছবি ও বায়োমেট্রিক প্রদান করুন।
আমি জাতীয় পরিচয়পত্র করতে চাই?,wish_to_create_nid_smart_card_new,services.nidw.gov.bd এই ওয়েব পোর্টালে নতুন নিবন্ধন অপশনে গিয়ে রেজিষ্ট্রেশন করে লগইন করুন। এরপর নিবন্ধন ফরম পূরন করুন এবং এপয়েন্টমেন্ট অপশন থেকে এপয়েন্টমেন্ট নিন অথবা এসএমএস পাওয়া সাপেক্ষে প্রয়োজনীয় কাগজপত্রসহ সংশ্লিষ্ট থানা/উপজেলা নির্বাচন অফিসে গিয়ে ছবি ও বায়োমেট্রিক প্রদান করুন।
নতুন এনআইডি কার্ড করতে করণীয় কি?,wish_to_create_nid_smart_card_new,services.nidw.gov.bd এই ওয়েব পোর্টালে নতুন নিবন্ধন অপশনে গিয়ে রেজিষ্ট্রেশন করে লগইন করুন। এরপর নিবন্ধন ফরম পূরন করুন এবং এপয়েন্টমেন্ট অপশন থেকে এপয়েন্টমেন্ট নিন অথবা এসএমএস পাওয়া সাপেক্ষে প্রয়োজনীয় কাগজপত্রসহ সংশ্লিষ্ট থানা/উপজেলা নির্বাচন অফিসে গিয়ে ছবি ও বায়োমেট্রিক প্রদান করুন।
নতুন নিবন্ধনের জন্য কি কি ডকুমেন্ট জমা দিতে হয়?,new_voter_online_what_documents_to_submit,নিবন্ধনের জন্য অনলাইনে পূরণকৃত নিবন্ধন ফর্মের প্রিন্ট কপির সঙ্গে যেসব কাগজপত্র জমা দিতে হবেঃ (১) ১৭ ডিজিটের অনলাইন জন্মসনদের কপি। (২) জাতীয়তা/নাগরিকত্ব সনদের কপি। (৩) পিতা-মাতা ভাই-বোনের এনআইডির কপি। পিতা-মাতা মৃত হলে অনলাইন মৃত্যু সনদের কপি। (৪) বিবাহিত হলে স্বামী/ স্ত্রীর এনআইডির কপি। (৫) এসএসসি/দাখিল/সমমান অথবা অষ্টম শ্রেণি পাশের সনদের কপি (প্রযোজ্য ক্ষেত্রে)। (৬) ইউটিলিটি বিলের (বিদ্যুৎ/গ্যাস/পানি/চৌকিদারী ট্যাক্স রশিদ) ফটোকপি।
নতুন ভোটার হওয়ার জন্য কি কি কাগজ লাগে?,new_voter_online_what_documents_to_submit,নিবন্ধনের জন্য অনলাইনে পূরণকৃত নিবন্ধন ফর্মের প্রিন্ট কপির সঙ্গে যেসব কাগজপত্র জমা দিতে হবেঃ (১) ১৭ ডিজিটের অনলাইন জন্মসনদের কপি। (২) জাতীয়তা/নাগরিকত্ব সনদের কপি। (৩) পিতা-মাতা ভাই-বোনের এনআইডির কপি। পিতা-মাতা মৃত হলে অনলাইন মৃত্যু সনদের কপি। (৪) বিবাহিত হলে স্বামী/ স্ত্রীর এনআইডির কপি। (৫) এসএসসি/দাখিল/সমমান অথবা অষ্টম শ্রেণি পাশের সনদের কপি (প্রযোজ্য ক্ষেত্রে)। (৬) ইউটিলিটি বিলের (বিদ্যুৎ/গ্যাস/পানি/চৌকিদারী ট্যাক্স রশিদ) ফটোকপি।
ভোটার হওয়ার জন্য কোন কোন দলিল লাগে?,new_voter_online_what_documents_to_submit,নিবন্ধনের জন্য অনলাইনে পূরণকৃত নিবন্ধন ফর্মের প্রিন্ট কপির সঙ্গে যেসব কাগজপত্র জমা দিতে হবেঃ (১) ১৭ ডিজিটের অনলাইন জন্মসনদের কপি। (২) জাতীয়তা/নাগরিকত্ব সনদের কপি। (৩) পিতা-মাতা ভাই-বোনের এনআইডির কপি। পিতা-মাতা মৃত হলে অনলাইন মৃত্যু সনদের কপি। (৪) বিবাহিত হলে স্বামী/ স্ত্রীর এনআইডির কপি। (৫) এসএসসি/দাখিল/সমমান অথবা অষ্টম শ্রেণি পাশের সনদের কপি (প্রযোজ্য ক্ষেত্রে)। (৬) ইউটিলিটি বিলের (বিদ্যুৎ/গ্যাস/পানি/চৌকিদারী ট্যাক্স রশিদ) ফটোকপি।
জাতীয় পরিচয়পত্রের জন্য কোন কোন কাগজপত্র লাগবে?,new_voter_online_what_documents_to_submit,নিবন্ধনের জন্য অনলাইনে পূরণকৃত নিবন্ধন ফর্মের প্রিন্ট কপির সঙ্গে যেসব কাগজপত্র জমা দিতে হবেঃ (১) ১৭ ডিজিটের অনলাইন জন্মসনদের কপি। (২) জাতীয়তা/নাগরিকত্ব সনদের কপি। (৩) পিতা-মাতা ভাই-বোনের এনআইডির কপি। পিতা-মাতা মৃত হলে অনলাইন মৃত্যু সনদের কপি। (৪) বিবাহিত হলে স্বামী/ স্ত্রীর এনআইডির কপি। (৫) এসএসসি/দাখিল/সমমান অথবা অষ্টম শ্রেণি পাশের সনদের কপি (প্রযোজ্য ক্ষেত্রে)। (৬) ইউটিলিটি বিলের (বিদ্যুৎ/গ্যাস/পানি/চৌকিদারী ট্যাক্স রশিদ) ফটোকপি।
ভোটার হওয়ার পূর্ব শর্ত কি কি?,new_voter_pre_condition,"ভোটার হওয়ার পূর্ব শর্তগুলো হলো ক) জন্মসূত্রে বাংলাদেশের নাগরিক হতে হবে। খ) বয়স ১৮ বছর কম বয়স্ক নহেন। গ) কোন উপযুক্ত আদালত কর্তৃক অপ্রকৃতিস্থ বলিয়া ঘোষিত নহেন। (ঘ) উক্ত ভোটার এলাকা বা ক্ষেত্রমত নির্বাচনী এলাকার অধিবাসী বা অধিবাসী বলিয়া গণ্য হন। (ঙ) বাংলাদেশ Bangladesh Collaborators (Special Tribunals) order, 1972 (P.O. No. 8 of 1972) এর অধীন কোন অপরাধে দণ্ডিত না হইয়া থাকেন এবং (চ) International Crimes (Tribunals) Act, 1973 (Act No. XIX of 1973) এর অধীন কোন অপরাধে দণ্ডিত না হইয়া থাকেন।"
ভোটার হওয়ার জন্য কি কি শর্ত পূরণ করতে হয়?,new_voter_pre_condition,"ভোটার হওয়ার পূর্ব শর্তগুলো হলো ক) জন্মসূত্রে বাংলাদেশের নাগরিক হতে হবে। খ) বয়স ১৮ বছর কম বয়স্ক নহেন। গ) কোন উপযুক্ত আদালত কর্তৃক অপ্রকৃতিস্থ বলিয়া ঘোষিত নহেন। (ঘ) উক্ত ভোটার এলাকা বা ক্ষেত্রমত নির্বাচনী এলাকার অধিবাসী বা অধিবাসী বলিয়া গণ্য হন। (ঙ) বাংলাদেশ Bangladesh Collaborators (Special Tribunals) order, 1972 (P.O. No. 8 of 1972) এর অধীন কোন অপরাধে দণ্ডিত না হইয়া থাকেন এবং (চ) International Crimes (Tribunals) Act, 1973 (Act No. XIX of 1973) এর অধীন কোন অপরাধে দণ্ডিত না হইয়া থাকেন।"
এনআইডি নিবন্ধনের পূর্ব শর্ত কি কি?,new_voter_pre_condition,"ভোটার হওয়ার পূর্ব শর্তগুলো হলো ক) জন্মসূত্রে বাংলাদেশের নাগরিক হতে হবে। খ) বয়স ১৮ বছর কম বয়স্ক নহেন। গ) কোন উপযুক্ত আদালত কর্তৃক অপ্রকৃতিস্থ বলিয়া ঘোষিত নহেন। (ঘ) উক্ত ভোটার এলাকা বা ক্ষেত্রমত নির্বাচনী এলাকার অধিবাসী বা অধিবাসী বলিয়া গণ্য হন। (ঙ) বাংলাদেশ Bangladesh Collaborators (Special Tribunals) order, 1972 (P.O. No. 8 of 1972) এর অধীন কোন অপরাধে দণ্ডিত না হইয়া থাকেন এবং (চ) International Crimes (Tribunals) Act, 1973 (Act No. XIX of 1973) এর অধীন কোন অপরাধে দণ্ডিত না হইয়া থাকেন।"
একজন নাগরিক কোন কোন শর্তে এনআইডি করতে পারে?,new_voter_pre_condition,"ভোটার হওয়ার পূর্ব শর্তগুলো হলো ক) জন্মসূত্রে বাংলাদেশের নাগরিক হতে হবে। খ) বয়স ১৮ বছর কম বয়স্ক নহেন। গ) কোন উপযুক্ত আদালত কর্তৃক অপ্রকৃতিস্থ বলিয়া ঘোষিত নহেন। (ঘ) উক্ত ভোটার এলাকা বা ক্ষেত্রমত নির্বাচনী এলাকার অধিবাসী বা অধিবাসী বলিয়া গণ্য হন। (ঙ) বাংলাদেশ Bangladesh Collaborators (Special Tribunals) order, 1972 (P.O. No. 8 of 1972) এর অধীন কোন অপরাধে দণ্ডিত না হইয়া থাকেন এবং (চ) International Crimes (Tribunals) Act, 1973 (Act No. XIX of 1973) এর অধীন কোন অপরাধে দণ্ডিত না হইয়া থাকেন।"
ভোটার তালিকায় নিবন্ধনের জন্য কত বয়স হতে হয়?,new_nid_card_age,ভোটার হওয়ার জন্য বয়স ১৮ বছর বা তদুর্দ্ধ হতে হয়।
নতুন এনআইডি নিবন্ধনের জন্য বয়স কত হতে হয়?,nid_registration_age,যাদের জন্ম তারিখ ১ জানুয়ারি ২০০৮ বা তার পূর্বে তারা এনআইডি নিবন্ধনের জন্য আবেদন করতে পারবে।
Underaged হিসেবে এনআইডি কার্ডধারী ব্যক্তি কখন ভোটার হয়ে থাকেন?,underaged_card_holder_to_voter,যে কোন বছরের পহেলা জানুয়ারি ১৮ বছর পূর্ণ হবার সাথে সাথে এনআইডি কার্ডধারী ব্যক্তি ভোটার তালিকার অন্তর্ভুক্ত হয়ে থাকেন।
"নতুন ভোটার হয়েছি, এনআইডি কার্ড পাবো কিভাবে?",new_voter_how_to_get_card,services.nidw.gov.bd এই ওয়েব পোর্টালে প্রবেশ করে নিম্নোক্ত ধাপগুলো অনুসরণ করুন- (১) রেজিস্টার করুন অপশন থেকে নতুন একটি একাউন্ট করুন। (২) লগইন করুন। (৩) ডাউনলোড অপশন থেকে আপনার কাঙ্খিত এনআইডি কার্ডের পিডিএফ ডাউনলোড করুন।
"নতুন ভোটার হয়েছি, স্মার্ট কার্ড পাবো কিভাবে?",new_voter_smart_card_how_to_get,প্রথমে services.nidw.gov.bd/nid-pub/card-status/ এই ওয়েব পোর্টাল থেকে খোঁজ নিন আপনার স্মার্ট কার্ডটি মূদ্রিত হয়েছে কি না। কার্ডটি মুদ্রিত হয়ে থাকলে সংশ্লিষ্ট উপজেলা বা থানা নির্বাচন অফিস থেকে স্মার্ট কার্ডটি সংগ্রহ করুন।
"অনেক দিন হয়ে গেল কোন মেসেজ পাচ্ছি না, করণীয় কি?",new_voter_no_messages_from_upzila_or_thana,নিবন্ধন ফর্ম ও অন্যান্য সকল ডকুমেন্টস সহ সংশ্লিষ্ট উপজেলা/থানা নির্বাচন অফিসে যোগাযোগ করুন।
"নতুন ভোটার হওয়ার জন্য অনলাইনে আবেদন করেছি, ডাউনলোড করা ফরম কোথায় জমা দিবো?",new_voter_registered_where_To_submit_the_downloaded_form,সংশ্লিষ্ট উপজেলা/থানা নির্বাচন অফিসে যোগাযোগ করুন।
"অনলাইনে ভোটার হওয়ার জন্য আবেদন করেছি, এখন কি কি দলিল নিয়ে উপজেলা নির্বাচন অফিসে যাব?",new_voter_apply_online_what_documents_needed,নিবন্ধনের জন্য অনলাইনে পূরণকৃত নিবন্ধন ফর্মের প্রিন্ট কপির সঙ্গে যেসব কাগজপত্র জমা দিতে হবেঃ (১) ১৭ ডিজিটের অনলাইন জন্মসনদের কপি। (২) জাতীয়তা/নাগরিকত্ব সনদের কপি। (৩) পিতা-মাতা ভাই-বোনের এনআইডির কপি। পিতা-মাতা মৃত হলে অনলাইন মৃত্যু সনদের কপি। (৪) বিবাহিত হলে স্বামী/ স্ত্রীর এনআইডির কপি। (৫) এসএসসি/দাখিল/সমমান অথবা অষ্টম শ্রেণি পাশের সনদের কপি (প্রযোজ্য ক্ষেত্রে)। (৬) ইউটিলিটি বিলের (বিদ্যুৎ/গ্যাস/পানি/চৌকিদারী ট্যাক্স রশিদ) ফটোকপি।
নতুন ভোটার হওয়ার জন্য অনলাইনে আবেদন করার পর কি কি কাগজপত্র জমা দিতে হয়?,new_voter_apply_online_what_documents_needed,নিবন্ধনের জন্য অনলাইনে পূরণকৃত নিবন্ধন ফর্মের প্রিন্ট কপির সঙ্গে যেসব কাগজপত্র জমা দিতে হবেঃ (১) ১৭ ডিজিটের অনলাইন জন্মসনদের কপি। (২) জাতীয়তা/নাগরিকত্ব সনদের কপি। (৩) পিতা-মাতা ভাই-বোনের এনআইডির কপি। পিতা-মাতা মৃত হলে অনলাইন মৃত্যু সনদের কপি। (৪) বিবাহিত হলে স্বামী/ স্ত্রীর এনআইডির কপি। (৫) এসএসসি/দাখিল/সমমান অথবা অষ্টম শ্রেণি পাশের সনদের কপি (প্রযোজ্য ক্ষেত্রে)। (৬) ইউটিলিটি বিলের (বিদ্যুৎ/গ্যাস/পানি/চৌকিদারী ট্যাক্স রশিদ) ফটোকপি।
নতুন ভোটার আবেদনের পর এসএমএস পেয়েছি এখন কি করবো?,new_voter_apply_online_what_documents_needed,নিবন্ধনের জন্য অনলাইনে পূরণকৃত নিবন্ধন ফর্মের প্রিন্ট কপির সঙ্গে যেসব কাগজপত্র জমা দিতে হবেঃ (১) ১৭ ডিজিটের অনলাইন জন্মসনদের কপি। (২) জাতীয়তা/নাগরিকত্ব সনদের কপি। (৩) পিতা-মাতা ভাই-বোনের এনআইডির কপি। পিতা-মাতা মৃত হলে অনলাইন মৃত্যু সনদের কপি। (৪) বিবাহিত হলে স্বামী/ স্ত্রীর এনআইডির কপি। (৫) এসএসসি/দাখিল/সমমান অথবা অষ্টম শ্রেণি পাশের সনদের কপি (প্রযোজ্য ক্ষেত্রে)। (৬) ইউটিলিটি বিলের (বিদ্যুৎ/গ্যাস/পানি/চৌকিদারী ট্যাক্স রশিদ) ফটোকপি।
"বায়োমেট্রিক্স দেওয়ার জন্য এসএমএস পেয়েছি, এখন কি করবো?",new_voter_apply_online_what_documents_needed,নিবন্ধনের জন্য অনলাইনে পূরণকৃত নিবন্ধন ফর্মের প্রিন্ট কপির সঙ্গে যেসব কাগজপত্র জমা দিতে হবেঃ (১) ১৭ ডিজিটের অনলাইন জন্মসনদের কপি। (২) জাতীয়তা/নাগরিকত্ব সনদের কপি। (৩) পিতা-মাতা ভাই-বোনের এনআইডির কপি। পিতা-মাতা মৃত হলে অনলাইন মৃত্যু সনদের কপি। (৪) বিবাহিত হলে স্বামী/ স্ত্রীর এনআইডির কপি। (৫) এসএসসি/দাখিল/সমমান অথবা অষ্টম শ্রেণি পাশের সনদের কপি (প্রযোজ্য ক্ষেত্রে)। (৬) ইউটিলিটি বিলের (বিদ্যুৎ/গ্যাস/পানি/চৌকিদারী ট্যাক্স রশিদ) ফটোকপি।
নতুন ভোটার হওয়ার ফি কত?,new_voter_fees,নতুন ভোটার অথবা এনআইডি নিবন্ধনের জন্য কোন প্রকার ফি প্রদান করতে হয় না।
এনআইডি নিবন্ধনের জন্য ফি প্রদান করতে হয় কি?,new_voter_fees,নতুন ভোটার অথবা এনআইডি নিবন্ধনের জন্য কোন প্রকার ফি প্রদান করতে হয় না।
নতুন ভোটার হওয়ার জন্য কোন ফি জমা দিতে হয়?,new_voter_fees,নতুন ভোটার অথবা এনআইডি নিবন্ধনের জন্য কোন প্রকার ফি প্রদান করতে হয় না।
আমি হালনাগাদে ভোটার হিসেবে রেজিষ্ট্রেশন করতে পারিনি। এখন কিভাবে নতুন ভোটার হব?,voter_halnagad_registration_not_done,services.nidw.gov.bd/ এই পোর্টালে নতুন নিবন্ধনের জন্য আবেদন করুন। এসএমএস-প্রাপ্তি সাপেক্ষে নির্ধারিত ডকুমেন্টসসহ সংশ্লিষ্ট থানা/উপজেলা নির্বাচন অফিসে গিয়ে বায়োমেট্রিক প্রদান করুন। পরবর্তীতে মোবাইলে এসএমএস পাওয়া সাপেক্ষে ঐ একই পোর্টালে রেজিস্ট্রেশন সম্পন্ন করুন এবং লগইন করে এনআইডি ডাউনলোড করুন।
"ছবি তুলেছি অনেক বছর আগে এখনো আইডি কার্ড পাইনি, কি করবো?",photo_done_years_ago_but_no_card,প্রাপ্তি রশিদসহ সংশিষ্ট উপজেলা/থানা নির্বাচন অফিসে যোগাযোগ করুন।
"ছবি তোলার সময় প্রদত্ত প্রাপ্তি রশিদ হারিয়েছি, কিভাবে এনআইডি পাবো?",picture_done_but_lost_or_no_sms_slip,অনুগ্রহ পূর্বক আপনার ভোটার এলাকার সংশ্লিষ্ট জেলা/ উপজেলা/থানা নির্বাচন অফিসে যোগাযোগ করুন।
"ছবি তুলেছি অনেক আগে স্লিপ হারিয়ে ফেলেছি, কি করবো?",picture_done_but_lost_or_no_sms_slip,অনুগ্রহ পূর্বক আপনার ভোটার এলাকার সংশ্লিষ্ট জেলা/ উপজেলা/থানা নির্বাচন অফিসে যোগাযোগ করুন।
"প্রাপ্তি রশিদ হারিয়ে ফেলেছি, কি করবো?",receipt_lost_how_to_get_new_card,অনুগ্রহ পূর্বক আপনার ভোটার এলাকার সংশ্লিষ্ট জেলা/ উপজেলা/থানা নির্বাচন অফিসে যোগাযোগ করুন।
"আমার ভোটার হওয়ার থানা, জেলা ও বিভাগ কি?",eight_hours_time_up,আপনার এই প্রশ্নের উত্তরটি জানতে ৯ বাটন চেপে কল সেন্টার প্রতিনিধির সঙ্গে সরাসরি কথা বলুন।
"ছবি তুলেছি কিন্তু মোবাইলে এসএমএস আসেনি, এনআইডি নম্বর কিভাবে পাবো?",eight_hours_time_up,আপনার এই প্রশ্নের উত্তরটি জানতে ৯ বাটন চেপে কল সেন্টার প্রতিনিধির সঙ্গে সরাসরি কথা বলুন।
পরবর্তী ভোটার তালিকা হালনাগাদ কবে হবে?,eight_hours_time_up,আপনার এই প্রশ্নের উত্তরটি জানতে ৯ বাটন চেপে কল সেন্টার প্রতিনিধির সঙ্গে সরাসরি কথা বলুন।
"পিতা-মাতার এনআইডি নাই, ভোটার হতে পারছি না, কি করবো?",parent_no_card_failed_to_be_voter,পিতা মাতার অনলাইন জন্ম সনদ বা পাসপোর্ট বা কেবল পিতা মাতা মৃত হলে অনলাইন মৃত্যু সনদের কপি দাখিল করুন।
"পিতা/মাতা মৃত হওয়ায় তাঁদের এনআইডি নাই, ভোটার হতে পারছি না, কি করবো?",parent_no_card_failed_to_be_voter,পিতা মাতার অনলাইন জন্ম সনদ বা পাসপোর্ট বা কেবল পিতা মাতা মৃত হলে অনলাইন মৃত্যু সনদের কপি দাখিল করুন।
"পিতার ঠিকানা আর আমার ঠিকানা ভিন্ন, আমার ঠিকানায় ভোটার করছে না, কিভাবে ভোটার হবো?",father_and_my_adress_different,আপনি যদি বাংলাদেশের প্রকৃত নাগরিক হন এবং আপনার যদি অনলাইন জন্ম সনদ থাকে তাহলে আপনি বর্তমান অথবা স্থায়ী যে কোন ঠিকানায় ভোটার হতে পারবেন।
এনআইডি কার্ড পেতে কতদিন সময় লাগে?,new_voter_card_getting_time,আপনার এই প্রশ্নের উত্তরটি জানতে ৯ বাটন চেপে কল সেন্টার প্রতিনিধির সঙ্গে সরাসরি কথা বলুন।
ছবি তোলার কতদিন পর এসএমএস পাবো?,sms_after_picture_how_many_days,আপনার এই প্রশ্নের উত্তর জানতে ৯ বাটন চেপে কল সেন্টার প্রতিনিধির সঙ্গে সরাসরি কথা বলুন।
"আমি নতুন ভোটার হওয়ার আবেদন করেছিলাম কিন্তু সেটি বাতিল (Rejected) করা হয়েছে, কেন?",new_voter_but_card_rejected,আপনি সংশ্লিষ্ট উপজেলা/থানা নির্বাচন অফিসে যোগাযোগ করে আপনার নতুন ভোটার বাতিল হওয়ার কারণ অনুসন্ধান করতে পারেন। অথবা আপনার এই প্রশ্নের উত্তরটি জানতে ৯ বাটন চেপে কল সেন্টার প্রতিনিধির সঙ্গে সরাসরি কথা বলুন।
"আমি একবারই ভোটার হয়েছি কিন্তু আমার নতুন ভোটার আবেদন বাতিল করা হয়েছে, কিভাবে সমাধান পেতে পারি?",new_voter_application_cancelled,আপনি সংশ্লিষ্ট উপজেলা/থানা নির্বাচন অফিসে যোগাযোগ করে আপনার নতুন ভোটার বাতিল হওয়ার কারণ অনুসন্ধান করতে পারেন।
"আমি একবারই ভোটার হয়েছি কিন্তু কোথাও যাচাই করতে পারছি না, জানতে পারলাম এনআইডি MATCH FOUND হয়েছে, কিভাবে সমাধান পেতে পারি?",nid_match_found_verification_failed_how_to_solve,এ বিষয়ে সংশ্লিষ্ট উপজেলা/থানা নির্বাচন অফিসে যোগাযোগ করুন ও প্রয়োজনীয় নির্দেশনা গ্রহণ করুন।
নতুন ভোটারের আবেদন ফরমে শনাক্তকারী কে?,new_voter_identifier_who,আবেদনকারীর পিতা-মাতা/ ভাই-বোন/স্বামী-স্ত্রী/চাচা-ফুপু/ মামা-খালা/ স্থায়ীভাবে বসবাসকারী প্রতিবেশী/ স্থানীয়ভাবে পরিচিত ব্যক্তিবর্গ।
"ছবি তুলতে যাওয়ার এসএমএস পেয়েছি, কিন্তু উপজেলাতে যাওয়া সম্ভব নয়, আমি কি অন্য কোথাও থেকে ছবি তুলতে পারবো?",photo_sms_but_not_in_upzila_other_when,দুঃখিত অন্য কোথাও থেকে ছবি তোলা আপাতত সম্ভব নয়। আপনাকে সংশ্লিষ্ট উপজেলা/ থানা নির্বাচন অফিসে যোগাযোগ করে পরবর্তীতে আপনার সুবিধামত সময়ে বায়োমেট্রিক প্রদানের জন্য যেতে হবে।
"অনলাইনে আবেদন করার পর দেখছি তথ্যে ভুল হয়েছে, সংশোধন করতে পারছি না, কি করবো?",wrong_information_in_online_application_what_to_do,সংশ্লিষ্ট নির্বাচন অফিস থেকে আপনার আবেদনটি বাতিল করে পুনরায় সঠিক তথ্য দিয়ে নিবন্ধন সম্পন্ন করুন।
একটি মোবাইল নম্বর দিয়ে কতবার রেজিষ্ট্রেশন করতে পারবো?,one_mobile_number_how_many_time_registration,একটি মোবাইল নম্বর ব্যবহার করে ৫ বার রেজিষ্ট্রেশন করতে পারবেন।
দ্রুত ভোটার হওয়ার জন্য কোন ব্যবস্থা আছে?,faster_voter_registration,"ভোটার নিবন্ধন একটি চলমান প্রক্রিয়া, ভোটারযোগ্য যে কোন ব্যক্তি ভোটার তালিকাভুক্ত হওয়ার জন্য আবেদন করতে পারবেন। সংশ্লিষ্ট রেজিষ্ট্রেশন অফিসার নির্ধারিত প্রক্রিয়ায় ভোটার তালিকাভুক্তির ব্যবস্থা করবেন।"
ভোটার এলাকায় নিজের বাড়ি না থাকলে কি ভোটার হওয়া যাবে?,no_own_house_in_voter_area,আপনি যদি বাংলাদেশের প্রকৃত নাগরিক হন এবং আপনার যদি অনলাইন জন্ম সনদ থাকে তাহলে আপনি বর্তমান অথবা স্থায়ী যে কোন ঠিকানায় ভোটার হতে পারবেন। তবে আপনি ভাড়াটিয়া হয়ে থাকলে অতিরিক্ত হিসাবে ভাড়াটিয়া চুক্তিপত্র/ সংশ্লিষ্ট এলাকায় নাগরিকত্ব সনদ/ বাড়িওয়ালার জাতীয় পরিচয়পত্র ও বিদ্যুত বিলের কপি দাখিল করতে হবে। ভূমিহীন হয়ে থাকলে “ভূমিহীন সনদ” সংগ্রহপূর্বক সংশ্লিষ্ট এলাকায় ভোটার হওয়ার জন্য আবেদন করতে পারবেন।
"নতুন ভোটার হয়েছি, ফরম নম্বর দিয়ে রেজিষ্ট্রেশন করেছি, কিন্তু কার্ড ডাউনলোড করতে পারছি না, কেন?",new_voter_can_not_download_card_with_form_number,অনলাইনে রেজিষ্ট্রেশন প্রক্রিয়াটি সম্পন্ন করার পর “কার্ড ডাউনলোড” অপশনটি না পেলে সংশ্লিষ্ট উপজেলা/থানা নির্বাচন অফিসে যোগাযোগ করুন।
"নতুন ভোটারের আবেদন করেছি, থানা/উপজেলা থেকে এসএমএস আসেনি, কি করণীয়?",new_voter_no_messages_from_upzila_or_thana,নিবন্ধন ফর্ম ও অন্যান্য সকল ডকুমেন্টস সহ সংশ্লিষ্ট উপজেলা/থানা নির্বাচন অফিসে যোগাযোগ করুন।
"উপজেলা নির্বাচন অফিস আমার নতুন ভোটারের আবেদন জমা নিচ্ছে না, কি করবো?",new_voter_application_not_submitted_to_upazila_or_thana_office,সকল কাগজপত্রসহ সংশ্লিষ্ট জেলা নির্বাচন কর্মকর্তার সাথে যোগাযোগ করুন।
"অনেক আগে ভোটার হয়েছি, কার্ড গ্রহণ করিনি, ফরম নম্বর আছে, কার্ড ডাউনলোডের জন্য রেজিষ্ট্রেশন করতে পারছি না, কি করবো?",new_voter_card_not_taken_has_form_no_can_not_register_online,আপনার এই প্রশ্নের উত্তরটি জানতে ৯ বাটন চেপে কল সেন্টার প্রতিনিধির সঙ্গে সরাসরি কথা বলুন।
"নতুন ভোটারের জন্য আবেদন করেছি, কিন্তু জন্ম নিবন্ধন অন্য ঠিকানায়, কি করণীয়?",reigister_as_new_voter_but_birth_registration_different_address,নতুন ভোটার আবেদনের জন্য অনলাইন জন্ম সনদে উল্লেখিত বর্তমান ও স্থায়ী যে কোন একটি ঠিকানা ব্যবহার করা যাবে।
"আমার জন্ম নিবন্ধন ও এসএসসি সনদে কিছু তথ্যগত পার্থক্য আছে, এখন নতুন ভোটারের আবেদন ফরমে কোন তথ্যটি সরবরাহ করবো?",birth_certificate_and_ssc_certificate_different_information,যাদের শিক্ষাগত যোগ্যতা এসএসসি বা তদুর্দ্ধ রয়েছে তাদের ক্ষেত্রে জন্ম সনদ ও শিক্ষা সনদের তথ্যাদি একই হওয়া আবশ্যক। আপনার জমাকৃত ডকুমেন্টস যাচাই সাপেক্ষে সংশ্লিষ্ট রেজিস্ট্রেশন অফিসার আবেদন অনুমোদন/বাতিলের সিদ্ধান্ত নিতে পারেন।
নতুন ভোটারের জন্য অনলাইনে আবেদন করেছি কিন্তু ফর্মটি প্রিন্ট করলে ফন্ট ভেঙ্গে যাচ্ছে। কি করণীয়?,font_problem_in_new_voter_registration_form,আগের আবেদন বাতিল করে পুনরায় আবেদন করুন।
আমার এনআইডি কার্ড তথ্য ভুল আছে কি করবো?,card_information_correction,চাহিত তথ্যের স্বপক্ষে দলিলাদি দাখিল পূর্বক অনলাইনে সংশোধনের আবেদনের জন্য ভিজিট করুন services.nidw.gov.bd/
এনআইডি কার্ডে নিজ নামের সংশোধনের জন্য কি ডকুমেন্টস লাগবে?,name_correction_in_nid_card,"নিজ নাম (বাংলা ও ইংরেজী) এর ক্ষেত্রে অনলাইন জন্ম সনদ (বাংলা ও ইংরেজী), শিক্ষাগত যোগ্যতা এসএসসি বা তার উর্দ্ধে হলে এসএসসি সনদ, অন্যান্য ক্ষেত্রে পি.ই.সি অথবা জেএসসি সনদ, ড্রাইভিং লাইসেন্স (যদি থাকে), পাসপোর্ট (যদি থাকে), সন্তানদের জন্ম সনদ।"
এনআইডি কার্ডে পিতা-মাতার নাম সংশোধনের জন্য কি ডকুমেন্টস লাগবে?,parents_name_correction_new,"পিতা-মাতা এর নাম সংশোধন এর ক্ষেত্রে আপনার শিক্ষাগত যোগ্যতা এসএসসি বা তার উর্দ্ধে হলে এসএসসি সনদ, অন্যান্য ক্ষেত্রে পি.ই.সি অথবা জেএসসি সনদ, পিতা-মাতার জাতীয় পরিচয়পত্র, শিক্ষা সনদ, অনলাইন জন্ম নিবন্ধন সনদ, ভাই-বোনের জাতীয় পরিচয়পত্র, পারিবারিক/ওয়ারিশ সনদ (প্রযোজ্য ক্ষেত্রে)।"
এনআইডি কার্ডে পিতার নাম সংশোধনের জন্য কি ডকুমেন্টস লাগবে?,parents_name_correction_new,"পিতা-মাতা এর নাম সংশোধন এর ক্ষেত্রে আপনার শিক্ষাগত যোগ্যতা এসএসসি বা তার উর্দ্ধে হলে এসএসসি সনদ, অন্যান্য ক্ষেত্রে পি.ই.সি অথবা জেএসসি সনদ, পিতা-মাতার জাতীয় পরিচয়পত্র, শিক্ষা সনদ, অনলাইন জন্ম নিবন্ধন সনদ, ভাই-বোনের জাতীয় পরিচয়পত্র, পারিবারিক/ওয়ারিশ সনদ (প্রযোজ্য ক্ষেত্রে)।"
এনআইডি কার্ডে মাতার নাম সংশোধনের জন্য কি ডকুমেন্টস লাগবে?,parents_name_correction_new,"পিতা-মাতা এর নাম সংশোধন এর ক্ষেত্রে আপনার শিক্ষাগত যোগ্যতা এসএসসি বা তার উর্দ্ধে হলে এসএসসি সনদ, অন্যান্য ক্ষেত্রে পি.ই.সি অথবা জেএসসি সনদ, পিতা-মাতার জাতীয় পরিচয়পত্র, শিক্ষা সনদ, অনলাইন জন্ম নিবন্ধন সনদ, ভাই-বোনের জাতীয় পরিচয়পত্র, পারিবারিক/ওয়ারিশ সনদ (প্রযোজ্য ক্ষেত্রে)।"
এনআইডি কার্ডে স্বামীর নাম সংশোধনের জন্য কি ডকুমেন্টস লাগবে?,spouse_name_correction_new,"স্বামী/স্ত্রী এর নাম সংশোধন এর জন্য নিকাহনামা (ইসলাম ধর্ম ব্যতীত অন্যান্য ধর্মাবলম্বীদের জন্য বিবাহের প্রত্যয়নপত্র/এফিডেভিট), স্বামী/স্ত্রীর এনআইডি, প্রযোজ্য ক্ষেত্রে তালাকনামা, সন্তানদের জাতীয় পরিচয়পত্র/ শিক্ষা সনদ/ অনলাইন জন্ম নিবন্ধন।"
এনআইডি কার্ডে স্ত্রীর নাম সংশোধনের জন্য কি ডকুমেন্টস লাগবে?,spouse_name_correction_new,"স্বামী/স্ত্রী এর নাম সংশোধন এর জন্য নিকাহনামা (ইসলাম ধর্ম ব্যতীত অন্যান্য ধর্মাবলম্বীদের জন্য বিবাহের প্রত্যয়নপত্র/এফিডেভিট), স্বামী/স্ত্রীর এনআইডি, প্রযোজ্য ক্ষেত্রে তালাকনামা, সন্তানদের জাতীয় পরিচয়পত্র/ শিক্ষা সনদ/ অনলাইন জন্ম নিবন্ধন।"
এনআইডি কার্ডে স্বামীর নাম সংযোজনের জন্য কি ডকুমেন্টস লাগবে?,spouse_name_correction_new,"স্বামী/স্ত্রী এর নাম সংশোধন এর জন্য নিকাহনামা (ইসলাম ধর্ম ব্যতীত অন্যান্য ধর্মাবলম্বীদের জন্য বিবাহের প্রত্যয়নপত্র/এফিডেভিট), স্বামী/স্ত্রীর এনআইডি, প্রযোজ্য ক্ষেত্রে তালাকনামা, সন্তানদের জাতীয় পরিচয়পত্র/ শিক্ষা সনদ/ অনলাইন জন্ম নিবন্ধন।"
এনআইডি কার্ডে স্ত্রীর নাম সংযোজনের জন্য কি ডকুমেন্টস লাগবে?,spouse_name_correction_new,"স্বামী/স্ত্রী এর নাম সংশোধন এর জন্য নিকাহনামা (ইসলাম ধর্ম ব্যতীত অন্যান্য ধর্মাবলম্বীদের জন্য বিবাহের প্রত্যয়নপত্র/এফিডেভিট), স্বামী/স্ত্রীর এনআইডি, প্রযোজ্য ক্ষেত্রে তালাকনামা, সন্তানদের জাতীয় পরিচয়পত্র/ শিক্ষা সনদ/ অনলাইন জন্ম নিবন্ধন।"
স্বামীর নাম পরিবর্তন করতে কি ডকুমেন্টস লাগবে?,spouse_name_correction_new,"স্বামী/স্ত্রী এর নাম সংশোধন এর জন্য নিকাহনামা (ইসলাম ধর্ম ব্যতীত অন্যান্য ধর্মাবলম্বীদের জন্য বিবাহের প্রত্যয়নপত্র/এফিডেভিট), স্বামী/স্ত্রীর এনআইডি, প্রযোজ্য ক্ষেত্রে তালাকনামা, সন্তানদের জাতীয় পরিচয়পত্র/ শিক্ষা সনদ/ অনলাইন জন্ম নিবন্ধন।"
এনআইডি কার্ডে জন্ম তারিখ সংশোধনের জন্য কি ডকুমেন্টস লাগবে?,age_and_dob_correction,"আপনার শিক্ষাগত যোগ্যতা এসএসসি বা তার উর্দ্ধে হলে এসএসসি সনদ, অন্যান্য ক্ষেত্রে পি.ই.সি অথবা জেএসসি সনদ, অনলাইন জন্ম সনদ দাখিলপূর্বক অনলাইনে আবেদন করুন। তবে উল্লেখ্য যে, বিশেষ ক্ষেত্রে কর্তৃপক্ষ অন্যান্য ডকুমেন্টস চাইতে পারেন।"
"জন্মস্থান ভুল হয়েছে, কি কি কাগজপত্র লাগবে?",birthplace_correction_new,জন্ম স্থান পরিবর্তন করতে হলে অনলাইন জন্ম সনদ ও নাগরিকত্ব সনদ দাখিল করতে হবে।
"বর্তমান ঠিকানা সংশোধন করতে চাই, কি করণীয়?",present_address_change_procedure,
"কার্ড সংশোধনের জন্য অনলাইনে আবেদন করেছি, এখন কি করবো?",online_card_correction_application_done_now_what,৩০ কার্যদিবসের মধ্য আবেদনটি নিষ্পত্তি না হয়ে থাকলে সংশ্লিষ্ট উপজেলা/থানা নির্বাচন অফিসে যোগাযোগ করুন।
"সংশোধনের আবেদন করেছি অনেকদিন আগে এখনো “আপনার একটি আবেদন পেন্ডিং আছে” মেসেজ দেখাচ্ছে, এখন কি করবো?",online_application_pending,দুঃখিত আপনি সংশ্লিষ্ট উপজেলা/থানা নির্বাচন অফিসে যোগাযোগ করুন।
এনআইডি কার্ড সংশোধন দ্রুত করার কোন ফিস আছে কি?,instant_card_correction_fee,"আন্তরিকভাবে দুঃখিত, এনআইডি সংশোধনের ক্ষেত্রে জরুরি কোন ফি নাই।"
"সংশোধনের জন্য আবেদন করেছি, এসএসসি সনদ চেয়েছে, কিন্তু আমি এসএসসি পাশ করি নি। কি করবো?",ssc_certificate_for_correction,আপনার এই প্রশ্নের উত্তরটি জানতে ৯ বাটন চেপে কল সেন্টার প্রতিনিধির সঙ্গে সরাসরি কথা বলুন।
"সংশোধনের আবেদন স্লিপ হারিয়ে ফেলেছি, আমি কি সংশোধন হওয়ার পর আইডি কার্ড পাবো?",correction_slip_lost_can_get_card,"হ্যাঁ, সংশোধন অনুমোদন হলে আপনি এনআইডি নম্বর দিয়ে অনলাইনে লগ-ইন করে কার্ডটি ডাউনলোড করতে পারবেন।"
"সংশোধনের আবেদন করেছি, আবেদনের কি অবস্থা?",correction_application_current_status,আপনার এই প্রশ্নের উত্তরটি জানতে ৯ বাটন চেপে কল সেন্টার প্রতিনিধির সঙ্গে সরাসরি কথা বলুন।
"সংশোধনের আবেদনের অবস্থা জানতে চেয়ে ১০৫ এ ফোন করেছি, উপজেলা নির্বাচন অফিসে যোগাযোগ করতে বলেছে, কিন্তু আমি উক্ত এলাকায় থাকিনা, কি করবো?",one_zero_five_upzila_office_contact,আপনার নিকট আত্মীয় মাধ্যমে উপজেলা নির্বাচন অফিসে যোগাযোগ করতে পারেন। তবে আপনার ব্যক্তিগত শুনানি ও দাখিলকৃত দলিলাদির মূলকপি যাচাই-বাছাইয়ের বিষয় হলে অবশ্যই আপনাকে স্ব-শরীরে হাজির হতে হবে।
"পুরাতন জন্ম সনদ আছে, যা অনলাইনে নাই, কিন্তু সংশোধন আবেদনের সাথে জন্ম নিবন্ধন জমা দিতে হবে, কি করবো?",old_birth_certificate,জন্ম সনদটি অনলাইন করে জমা দিতে হবে
সংশোধনের ফি কত?,card_correction_fees,"(১) কার্ডে প্রদর্শিত তথ্য ১ম বার সংশোধনের জন্য ২৩০ (ভ্যাটসহ) টাকা, ২য় বার সংশোধনের জন্য ৩৪৫ (ভ্যাটসহ), পরবর্তী প্রতিবারের সংশোধনের জন্য ৪৬০ (ভ্যাটসহ) টাকা (২) কার্ডে অপ্রদর্শিত তথ্য সংশোধনের জন্য ১ম বার ১১৫ (ভ্যাটসহ) টাকা, ২য় বার সংশোধনের জন্য ২৩০ (ভ্যাটসহ) টাকা, পরবর্তী প্রতিবারের সংশোধনের জন্য ৩৪৫ (ভ্যাটসহ) টাকা এনআইডি অনলাইন পোর্টালের মাধ্যমে আপনার নির্দিষ্ট আবেদনের ফী -এর পরিমাণ জানতে ভিজিট করুন services.nidw.gov.bd/nid-pub/fees"
এনআইডি কার্ড সংশোধন হয়ে গেছে কিন্তু আইডি কার্ড কিভাবে পাবো?,updated_nid_after_correction,"এনআইডি কার্ডের প্রদর্শিত তথ্য যেমন- নিজ নাম, পিতা-মাতার নাম, জন্ম তারিখ ইত্যাদি সংশোধনের আবেদন অনুমোদন করা হলে সংশোধিত কার্ড ডাউনলোড করতে পারবেন কিন্তু অন্যান্য তথ্য সংশোধন হলে ডাউনলোড সম্ভব নয়।"
"সংশোধনের মেসেজ পেয়েছি কিন্তু কার্ড ডাউনলোড করতে পারছি না, অপশন নাই।",no_download_option_after_correction,অনুগ্রহপূর্বক সংশ্লিষ্ট থানা/উপজেলা নির্বাচন অফিসে যোগাযোগ করুন।
"সংশোধন হওয়ার পর কার্ড ডাউনলোড করলে আগের তথ্য দেখায়, করণীয় কি?",previous_information_in_downloaded_card_after_correction,সংশ্লিষ্ট থানা/উপজেলা নির্বাচন অফিসে যোগাযোগ করে আপনার অনুমোদিত সংশোধনের বিষয়ে জেনে নিন। এরপরও যদি সংশোধিত তথ্য ডাউনলোকৃত কার্ডে না আসে তাহলে থানা/উপজেলা নির্বাচন অফিস থেকে কার্ডটি মুদ্রণ করে নিতে পারেন।
"সংশোধনের মেসেজ পেয়েছি কিন্তু সংশোধিত তথ্য কার্ডে আসে নাই, ১০৫ এ ফোন করে জানতে পারলাম কোন তথ্য সংশোধন না করেই অনুমোদন করে দিয়েছে, কি করবো?",correction_messages_but_no_update_in_card_no_approve,আপনার এই প্রশ্নের উত্তরটি জানতে ৯ বাটন চেপে কল সেন্টার প্রতিনিধির সঙ্গে সরাসরি কথা বলুন।
"ছবি/ স্বাক্ষর পরিবর্তনের জন্য আবেদন করেছিলাম, এখনো অনুমোদন হয়নি, কেন?",photo_signature_change_application_not_approved,সংশ্লিষ্ট জেলা নির্বাচন অফিসে যোগাযোগ করুন
"ফিঙ্গারপ্রিন্ট পরিবর্তন বা আপডেটের জন্য আবেদন করেছিলাম, এখনো অনুমোদন হয়নি, কেন?",eight_hours_time_up,আপনার এই প্রশ্নের উত্তরটি জানতে ৯ বাটন চেপে কল সেন্টার প্রতিনিধির সঙ্গে সরাসরি কথা বলুন।
"সংশোধনের আবেদন সাবমিট করার পর দেখতে পাচ্ছি আরও কিছু তথ্য সংশোধন করা প্রয়োজন, কি করবো?",correction_applied_more_correction_needed,আবেদন বাতিল চাইতে পারেন অথবা চাহিত তথ্যাদি সংশোধন সম্পন্ন হওয়ার পর পুনরায় আবেদন করতে পারেন।
"সংশোধনের আবেদন বাতিল করতে চাই, কিভাবে?",way_to_cancel_correction_application,"সংশোধন আবেদনটি বাতিল করার জন্য মহাপরিচালক, জাতীয় পরিচয় নিবন্ধন অনুবিভাগ বরাবর আবেদন লিখে উপজেলা নির্বাচন অফিসে জমা দিন।"
ভোটার এলাকা পরিবর্তনের আবেদন কি অনলাইনে করা যাবে?,voter_area_change_online,"দুঃখিত, এক্ষেত্রে আপনি যে এলাকায় স্থানান্তর হতে চান সেই উপজেলা/থানা নির্বাচন অফিসে স্বশরীরে আবেদন জমা দিতে হবে।"
মৃত ব্যক্তির আইডিকার্ড সংশোধন করতে কি করণীয়?,dead_people_id_card_update,"মৃত ব্যক্তির উপযুক্ত ওয়ারিশ কর্তৃক অনলাইন মৃত্যু সনদসহ প্রয়োজনীয় দলিলাদি দাখিলপূর্বক মহাপরিচালক, জাতীয় পরিচয় নিবন্ধন অনুবিভাগ বরাবর সংশ্লিষ্ট উপজেলা/থানা নির্বাচন অফিসের মাধ্যমে অথবা সরাসরি নির্বাচন ভবন, ঢাকাতে লিখিত আবেদন করতে পারবেন"
"নির্বাচন অফিসে গিয়ে সাহায্য পাচ্ছি না, আমি অভিযোগ দাখিল করতে চাই। এখন আমার করণীয় কি?",how_to_complain_not_getting_help_from_election_office,"আপনি যদি কোনো থানা/উপজেলা নির্বাচন অফিসের বিরুদ্ধে অভিযোগ দাখিল করতে চান সেক্ষেত্রে, সংশ্লিষ্ট “জেলা নির্বাচন আফিসার” বরাবর লিখিত অভিযোগ করতে পারেন। আপনি যদি কোনো জেলা নির্বাচন অফিসের বিরুদ্ধে অভিযোগ দাখিল করতে চান সেক্ষেত্রে, সংশ্লিষ্ট “আঞ্চলিক নির্বাচন আফিসার” বরাবর লিখিত অভিযোগ করতে পারেন। আপনি যদি কোনো আঞ্চলিক নির্বাচন অফিসের বিরুদ্ধে অভিযোগ দাখিল করতে চান সেক্ষেত্রে, “মহাপরিচালক, জাতীয় পরিচয় নিবন্ধন অনুবিভাগ” বরাবর লিখিত অভিযোগ করতে পারেন।"
"মোবাইল নম্বর বা ফোন নম্বর সংযোজন বা সংশোধন করতে, কি ডকুমেন্টস লাগে?",cell_phone_number_correct_or_add_document_new,বিটিসিএল এর প্রত্যয়ন বা বিলের কপি বা সিম রেজিষ্ট্রেশন ফরম এর কপি বা মোবাইল ফোন অপারেটর কর্তৃক প্রত্যয়ন।
"টিন নম্বর সংযোজন বা সংশোধন করতে, কি ডকুমেন্টস লাগে?",tin_number_correct_or_add_document,অনলাইন টিআইএন এর সত্যায়িত কপি দাখিলপূর্বক আবেদন করতে হবে।
"পাসপোর্ট নম্বর সংযোজন বা সংশোধন করতে, কি ডকুমেন্টস লাগে?",passport_number_correct_or_add_document_new,মেয়াদ সম্বলিত পাসপোর্ট এর সত্যায়িত কপি দাখিলপূর্বক আবেদন করতে হবে।
"জন্ম সনদ নম্বর সংযোজন বা সংশোধন করতে, কি ডকুমেন্টস লাগে?",birth_certificate_number_correct_or_add_document_new,অনলাইন জন্ম সনদ এর কপি দাখিলপূর্বক আবেদন করতে হবে।
পিতা বা মাতা বা স্বামী বা স্ত্রীর এনআইডি নম্বর পরিবর্তন করতে চাই।,parent_spouse_name_correct_or_add_document_new,পিতা বা মাতা বা স্বামী বা স্ত্রীর এনআইডি কার্ডের কপি দাখিলপূর্বক আবেদন করতে হবে।
"ঠিকানা পরিবর্তনের সময় আমার নির্ধারিত পোষ্ট অফিস ও পোষ্ট কোড পাচ্ছিনা, কি করবো?",address_cahgne_but_no_post_office_or_office_code,এক্ষেত্রে সংশ্লিষ্ট উপজেলা/থানা নির্বাচন অফিসে যোগাযোগ করুন।
"সংশোধনের জন্য অনেক দিন আগে আবেদন করেছি, ক্যাটাগরী পড়ছে না, কি করবো?",correction_applied_but_no_category,"দয়া করে অপেক্ষা করুন, ক্যাটাগরি প্রদানের কাজটি একটি চলমান প্রক্রিয়া, আবেদনের ভিত্তিতে পর্যায়ক্রমে ক্যাটাগরি প্রদান করা হচ্ছে। প্রয়োজনে সংশ্লিষ্ট আঞ্চলিক নির্বাচন অফিসে যোগাযোগ করুন।"
"ভুল করে জীবিত পিতা/মাতা/স্বামী/স্ত্রীর নামের পূর্বে মৃত এসেছে, করণীয় কি?",wrongly_dead_declared,পিতা/মাতা/স্বামী/স্ত্রী’র এনআইডি দাখিলপূর্বক অনলাইনে সংশোধনের আবেদন করুন।
সংশোধন আবেদনের জন্য টাকা জমা দেওয়ার পদ্ধতি কি কি?,correction_fee_payment,"অনুমোদিত মোবাইল ব্যাংকিং সেবা (বিকাশ, রকেট, ওকে ওয়ালেট, টি-ক্যাশ, উপায়, মিউচুয়াল ট্রাষ্ট ব্যাংক, ফাষ্ট সিকিউরিটি ইসলামী ব্যাংক, সাউথইষ্ট ব্যাংক, ব্যাংক অফ কমার্স) থেকে নির্ধারিত অপশন এর মাধ্যমে জমা দেওয়া যায়।"
"সংশোধনের জন্য টাকা জমা দিয়েছি, আবেদন সাবমিট করিনি, কিন্তু এনআইডি Wallet এ টাকা জমার পরিমাণ শুণ্য (০) দেখাচ্ছে, কি করবো?",correction_fee_submitted_but_balance_zero,আপনার এই প্রশ্নের উত্তরটি জানতে ৯ বাটন চেপে কল সেন্টার প্রতিনিধির সঙ্গে সরাসরি কথা বলুন।
"স্বামী/স্ত্রী সাথে তালাক হয়েছে, স্বামীর নাম বাদ দিতে চাই, করণীয় কি?",husband_talak_name_remove,তালাকনামা (ইসলাম ধর্ম ব্যতীত অন্যান্য ধর্মাবলম্বীদের জন্য বিবাহ বিচ্ছেদের এফিডেভিট) সংযুক্ত করে অনলাইনে সংশোধন আবেদন করতে হবে।
"আগের আইডি কার্ডে স্বামীর নাম ছিলো, কিন্তু বর্তমান কার্ডে নাই, কেন?",husband_name_previous_card,বর্তমানে জাতীয় পরিচয়পত্রে স্বামীর নাম দৃশ্যমান থাকে না। স্বামীর নাম জাতীয় পরিচয়পত্র ডাটাবেজে সংরক্ষিত থাকে।
"সংশোধেন আবেদন করেছিলাম, বাতিল হয়ে গেছে, পুনরায় আবেদন করতে কি নতুন করে ফিস জমা দিতে হবে?",correction_application_rejected_need_new_fee,"হ্যাঁ, প্রতিবার আবেদন করার জন্য নির্ধারিত হারে ফিস জমা দিতে হবে।"
একই তথ্য কতবার সংশোধন/ পরিবর্তন করা যায়?,card_correction_one_information_maximum_limit,জাতীয় তথ্য ভান্ডারে রক্ষিত তথ্য প্রয়োজনীয় দলিলাদির ভিত্তিতে সাধারণত একবার সংশোধন করা হয়। তবে উপযুক্ত দলিলাদি উপস্থাপন সাপেক্ষে পুনরায় আবেদন করলে কর্তৃপক্ষ যাচাই-বাছাই করে সিদ্ধান্ত গ্রহণ করতে পারে।
সকল ডকুমেন্টস সঠিক দিয়েছি তারপরও আবেদন বাতিল করা হয়েছে। কেনো?,all_documents_correct_but_application_rejected_why,অনুগ্রহপূর্বক আবেদন বাতিলের কারণ জানতে সংশ্লিষ্ট নির্বাচন কর্মকর্তার সাথে যোগাযোগ করুন। বাতিলের যৌক্তিক কারণ না থাকলে সংশ্লিষ্ট নির্বাচন কর্মকর্তার পরামর্শ অনুযায়ী পুনরায় আবেদন করা যেতে পারে।
এনআইডি কার্ডে কতজন স্ত্রীর নাম সংযোজন করা যাবে?,how_many_wife_name_can_be_added_in_nid_card,বর্তমানে ০৪ জন স্ত্রীর নাম এনআইডি ডাটাবেজে সংযোজন করা যায়। এক্ষেত্রে নিকাহনামা (বিবাহের প্রত্যয়ন) এবং স্ত্রীর এনআইডি সহ সংশ্লিষ্ট থানা/উপজেলা নির্বাচন অফিসে আবেদন জমা দিতে হবে।
"সংশোধনের আবেদন করেছি xx দিন আগে, এখন কি অবস্থায় আছে?",correction_application_status,আপনার এই প্রশ্নের উত্তরটি জানতে ৯ বাটন চেপে কল সেন্টার প্রতিনিধির সঙ্গে সরাসরি কথা বলুন।
আমি আমার পেশা পরিবর্তন করতে চাই কিন্তু কিভাবে করতে পারি?,profession_change,পেশা পরিবর্তনের স্বপক্ষে প্রয়োজনীয় প্রমাণক দাখিলপূর্বক আবেদন করতে হবে।
"আমার আইডি কার্ড এর ছবি অস্পষ্ট, ছবি পরিবর্তন করতে হলে কি করা দরকার?",photo_correction,এক্ষেত্রে সংশ্লিষ্ট উপজেলা/থানা নির্বাচন অফিসে স্বশরীরে উপস্থিত হয়ে আবেদন করতে হবে।
পিতা/মাতা/স্বামীকে “মৃত” উল্লেখ করতে চাইলে কি কি সনদ দাখিল করতে হয়?,parents_or_spouse_death_related_documents_to_declare_death,"দুঃখিত, জাতীয় পরিচয় নিবন্ধন কর্তৃপক্ষের সিদ্ধান্ত অনুযায়ী কোন ব্যক্তির নামের পূর্বে ‘মৃত’ শব্দটি জাতীয় পরিচয়পত্রে ব্যবহার করা যাবে না।"
আমি পাশ না করেও অজ্ঞতাবশতঃ শিক্ষাগত যোগ্যতা এসএসসি বা তদুর্দ্ধ লিখেছিলাম এখন আমার বয়স বা অন্যান্য তথ্যাদি সংশোধনের উপায় কি?,educational_qualification_correction,"চাহিত শিক্ষাগত যোগ্যতা চেয়ে আপনি এসএসসি পাশ করেননি, ভুলক্রমে লিখেছিলেন মর্মে ম্যাজিষ্ট্রেট কর্তৃক প্রদত্ত হলফনামা, অনলাইন জন্ম নিবন্ধন সনদ, পাসপোর্ট ও অন্যান্য প্রয়োজনীয় দলিলাদি দাখিলপূর্বক আবেদন করতে হবে।"
আমার এনআইডি card এ অন্য ব্যক্তির তথ্য চলে এসেছে। কিভাবে সংশোধন করা যাবে?,nid_information_misentry_correction_procedure,সংশ্লিষ্ট থানা/উপজেলা নির্বাচন অফিসে যোগাযোগ করে ডেমোগ্রাফিক তথ্য সংশোধনের স্বপক্ষে পর্যাপ্ত দলিলাদি উপস্থাপন করে আবেদন করতে হবে। এক্ষেত্রে বায়োমেট্রিক যাচাই সাপেক্ষে সংশ্লিষ্ট নির্বাচন কর্মকর্তা পরবর্তী করণীয় সম্পর্কে পরামর্শ প্রদান করবেন।
রক্তের গ্রুপ অন্তর্ভূক্ত বা সংশোধনের জন্য কি করতে হবে?,blood_group_correction,রক্তের গ্রুপ সংযোজন বা পরিবর্তনের জন্য রক্তের গ্রুপ পরীক্ষার রিপোর্ট লাগবে।
"স্বাক্ষর পরিবর্তন করতে চাই, কিভাবে করতে পারি?",signature_correction,নতুন স্বাক্ষরের স্বপক্ষে যৌক্তিক দলিলাদিসহ সংশ্লিষ্ট উপজেলা/থানা নির্বাচন অফিসে স্বশরীরে উপস্থিত হয়ে আবেদন করতে হবে।
"আমার জন্ম তারিখ ভুল হয়েছে, আমার কাছে কোন ডকুমেন্টস/প্রমাণাদি নাই, কিভাবে সংশোধন করা যাবে?",birth_date_no_proof_model,আপনার এই প্রশ্নের উত্তরটি জানতে ৯ বাটন চেপে কল সেন্টার প্রতিনিধির সঙ্গে সরাসরি কথা বলুন।
ভুলক্রমে পিতা/স্বামী/মাতাকে মৃত হিসেবে উল্লেখ করা হলে সংশোধনের জন্য কি কি সনদ দাখিল করতে হবে?,wrongly_dead_declared,পিতা/মাতা/স্বামী/স্ত্রী’র এনআইডি দাখিলপূর্বক অনলাইনে সংশোধনের আবেদন করুন।
এনআইডি সংশোধনের জন্য অনলাইনে আবেদন করার ঠিকানা/ অ্যাড্রেস কি?,online_card_correction,জাতীয় পরিচয়পত্র সংক্রান্ত সকল সেবার জন্য ওয়েব পোর্টালের ঠিকানা হলো services.nidw.gov.bd/
"এনআইডি কারেকশন করবো, কোন
 ওয়েবসাইটে ঢুকতে হবে?",online_card_correction,জাতীয় পরিচয়পত্র সংক্রান্ত সকল সেবার জন্য ওয়েব পোর্টালের ঠিকানা হলো services.nidw.gov.bd/
এনআইডি পোর্টালের এড্রেস জানতে চাই।,online_card_correction,জাতীয় পরিচয়পত্র সংক্রান্ত সকল সেবার জন্য ওয়েব পোর্টালের ঠিকানা হলো services.nidw.gov.bd/
অনলাইনে কি ধরণের আবেদন করা যায়?,online_apply,"যেসকল আবেদন অনলাইন পোর্টালের মাধ্যমে করা যায় তা হলো: (১) নতুন ভোটার নিবন্ধন বা এনআইডি এর জন্য আবেদন, (২) জাতীয় পরিচয় পত্র সংশোধন (৩) হারানো/ নষ্ট বা মাইগ্রেশন পরবর্তী কার্ড রিইস্যু আবেদন।"
অনলাইনে কি ধরণের আবেদন করা যায় না?,online_no_apply,"যেসকল আবেদন অনলাইন পোর্টালের মাধ্যমে করা যায়না তা হলো (১) ভোটার এলাকা পরিবর্তন, (২) ছবি, স্বাক্ষর ও আঙ্গুলের ছাপ পরিবর্তন সংক্রান্ত আবেদন।"
এনআইডি অনলাইন পোর্টালে নতুন ভোটারের জন্য কিভাবে আবেদন করবো?,online_new_voter_registration,অনলাইন পোর্টালের মাধ্যমে নতুন ভোটার নিবন্ধনের জন্য ভিজিট করুন services.nidw.gov.bd অতঃপর “আবেদন করুন” বাটনে ক্লিক করে প্রয়োজনীয় তথ্য সরবরাহ করুন।
এনআইডি অনলাইন পোর্টালে রেজিষ্ট্রেশন করবো কিভাবে?,online_portal_registration,"অনলাইন পোর্টালের মাধ্যমে জাতীয় পরিচয় পত্র সংশোধন, স্থায়ী ঠিকানা পরিবর্তন, হারানো/ নষ্ট এনআইডি কার্ড পেতে ভিজিট করুন services.nidw.gov.bd/ অতঃপর রেজিস্টার করুন বাটনে ক্লিক করে প্রয়োজনীয় তথ্য সরবরাহ করুন। নির্দেশনা মোতাবেক আপনার ফেস ভেরিফিকেশনের মাধ্যমে রেজিস্ট্রেশন কার্যক্রম সম্পন্ন করুন।"
এনআইডি অনলাইন পোর্টালে পূর্বে রেজিষ্ট্রেশন করেছিলাম এখন কিভাবে লগ-ইন করবো?,online_previously_registered,services.nidw.gov.bd/ লিংকে প্রবেশ করে লগইন অপশনে আপনার পূর্বে রেজিস্ট্রিকৃত ইউজার আইডি/ এনআইডি নম্বর এবং পাসওয়ার্ড দিয়ে লগইন করতে পারবেন। যদি ইউজার আইডি ও পাসওয়ার্ড ভুলে গিয়ে থাকেন তাহলে পাসওয়ার্ড ভুলে গেলে বাটনে ক্লিক করে প্রয়োজনীয় নির্দেশনা অনুসরন করুন।
এনআইডি অনলাইন পোর্টালে অনেক আগে রেজিষ্ট্রেশন করেছিলাম এখন কি সেই ইউজার আইডি ও পাসওয়ার্ড দিয়ে লগিন করতে পারবো?,login_using_old_id_password,"হ্যাঁ, পারবেন।"
"অনলাইনে লগইন করতে গেলে “ভুল পাসওয়ার্ড” মেসেজ দেখায়, কি করণীয়?",wrong_password_in_registration,"যদি ইউজার আইডি ও পাসওয়ার্ড ভুলে গিয়ে থাকেন তাহলে, “পাসওয়ার্ড ভুলে গেলে” বাটনে ক্লিক করে প্রয়োজনীয় নির্দেশনা অনুসরন করুন।"
"এনআইডি Portal-এ লগইনের চেষ্টা করছি বারবার ভুল পাসওয়ার্ড দেখাচ্ছে, কি করবো?",wrong_password_in_registration,"যদি ইউজার আইডি ও পাসওয়ার্ড ভুলে গিয়ে থাকেন তাহলে, “পাসওয়ার্ড ভুলে গেলে” বাটনে ক্লিক করে প্রয়োজনীয় নির্দেশনা অনুসরন করুন।"
"এনআইডি অনলাইন রেজিষ্ট্রেশন করার চেষ্টা করছি, মোবাইলে ওটিপি আসছে না, কি করণীয়?",no_otp_in_registration,অনাকাঙ্খিত সমস্যার জন্য আমরা আন্তরিকভাবে দুঃখিত। ওটিপি আসতে কিছুটা সময় লাগতে পারে। অনুগ্রহপুর্বক অপেক্ষা করুন অথবা কিছুক্ষণ পর পুনরায় পাঠান বাটনে ক্লিক করুন।
"আমি OTP পাচ্ছি না, কতো সময় পর আসবে?",no_otp_in_registration,অনাকাঙ্খিত সমস্যার জন্য আমরা আন্তরিকভাবে দুঃখিত। ওটিপি আসতে কিছুটা সময় লাগতে পারে। অনুগ্রহপুর্বক অপেক্ষা করুন অথবা কিছুক্ষণ পর পুনরায় পাঠান বাটনে ক্লিক করুন।
"এনআইডি অনলাইন পোর্টালে “আপনার একাউন্ট লক করা হয়েছে” মেসেজ দেখায়, করণীয় কি?
 আমার এনআইডি একাউন্ট লক হয়ে গেছে, ঠিক/ আনলক করে দেন।",account_locked,ভুল তথ্য দিয়ে রেজিস্ট্রেশন বা লগইনের চেষ্টা করা হলে স্বয়ংক্রিয়ভাবে একাউন্টটি লক হয়ে যায়। অনুগ্রহপূর্বক সঠিক তথ্য দিয়ে আট ঘন্টা পর পুনরায় চেষ্টা করুন।
"একবার একাউন্ট লক হওয়ার পর পুনরায় সঠিক তথ্য দিলেও একাউন্ট লক দেখাচ্ছে, উপায় কি?",account_locked_retrials,ভুল তথ্য দিয়ে রেজিস্ট্রেশন বা লগইনের জন্য তিনবারের অধিক চেষ্টা করা হলে স্বয়ংক্রিয়ভাবে একাউন্ট সাময়িক সময়ের জন্য লক করে দেওয়া হয়। অনুগ্রহপূর্বক সঠিক তথ্য দিয়ে আট ঘন্টা পর পুনরায় চেষ্টা করুন।
"অনলাইনে এখনো লক দেখাচ্ছে, কখন ঠিক হবে?",account_locked_retrials,ভুল তথ্য দিয়ে রেজিস্ট্রেশন বা লগইনের জন্য তিনবারের অধিক চেষ্টা করা হলে স্বয়ংক্রিয়ভাবে একাউন্ট সাময়িক সময়ের জন্য লক করে দেওয়া হয়। অনুগ্রহপূর্বক সঠিক তথ্য দিয়ে আট ঘন্টা পর পুনরায় চেষ্টা করুন।
"আট ঘন্টা পর আবার রেজিষ্ট্রেশন করার চেষ্টা করছি কিন্তু একাউন্ট এখনও লক দেখাচ্ছে, কিভাবে সমাধান করবো?",eight_hours_time_up,আপনার এই প্রশ্নের উত্তরটি জানতে ৯ বাটন চেপে কল সেন্টার প্রতিনিধির সঙ্গে সরাসরি কথা বলুন।
একাউন্ট বারবার লক দেখাচ্ছে আমার তথ্য ঠিক আছে কিনা চেক করে দিতে পারবেন?,eight_hours_time_up,আপনার এই প্রশ্নের উত্তরটি জানতে ৯ বাটন চেপে কল সেন্টার প্রতিনিধির সঙ্গে সরাসরি কথা বলুন।
একাউন্ট বারবার লক দেখাচ্ছে তথ্য ঠিক আছে কিনা কিভাবে বুঝবো?,eight_hours_time_up,আপনার এই প্রশ্নের উত্তরটি জানতে ৯ বাটন চেপে কল সেন্টার প্রতিনিধির সঙ্গে সরাসরি কথা বলুন।
এনআইডি Wallet কোথায় পাবো?,nid_wallet_download,Google Playstore অথবা অ্যাপল স্টোর থেকে এনআইডি Wallet অ্যাপটি ডাউনলোড করতে পারবেন।
"এনআইডি Wallet ডাউনলোড করতে পারছি না, অন্য কোন উপায় আছে কি?",nid_wallet_download_alternative,Google Playstore অথবা অ্যাপল স্টোর থেকে এনআইডি Wallet ডাউনলোড করা না গেলে আপনার কানেকটিভিটি যাচাই করুন এবং পুনরায় চেষ্টা করুন।
"আমার Android ফোন নেই, এনআইডি Wallet ডাউনলোড এর কাজ কিভাবে করবো?",no_android_phone,অনুগ্রহপূর্বক অন্য কোনো Android Phone ব্যবহারকারীর সাহায্য নিয়ে ফেস ভেরিফিকেশন সম্পন্ন করুন। এক্ষেত্রে এনআইডি একাউন্ট রেজিস্ট্রেশনের সময় আপনার ইউজার আইডি এবং গোপন পাসওয়ার্ড দিয়ে একাউন্টটি সুরক্ষিত করতে ভুলবেন না।
"আমার Android ফোন নাই, iPhone আছে এনআইডি Wallet ডাউনলোড করবো কিভাবে?",nid_wallet_download_iphone,এ্যাপল স্টোর থেকে এনআইডি Wallet অ্যাপটি ডাউনলোড করতে পারবেন।
এনআইডি Wallet এ ফেস ভেরিফিকেশন করতে পারছি না।,no_face_verification,অনুগ্রহপূর্বক এনআইডি wallet অ্যাপে প্রদর্শিত নির্দেশনা অনুযায়ী সঠিকভাবে আপনার চেহারা ক্যামেরার সামনে তুলে ধরুন। পর্যাপ্ত আলোর ব্যবস্থা আছে কিনা চেক করুন। এরপরেও সমাধান না হয়ে থাকলে অন্য কোনো স্মার্টফোন ব্যবহারকারীর সাহায্য নিয়ে ফেস ভেরিফিকেশন সম্পন্ন করুন।
"এনআইডি Wallet এ ফেস ভেরিফিকেশন সম্পন্ন হয়েছে, কিন্তু পরবর্তী অপশনে যাচ্ছে না।",face_verification_no_next_option,সাধারনত ফেস ভেরিফিকেশন সম্পন্ন হয়ে গেলে স্বয়ংক্রিয়ভাবে ওয়েবসাইটের পেজটি পরিবর্তন হয়ে যায়। তবে কিছু স্মার্টফোনে Done নামক অপশনটি আসে সেটিতে প্রেস করে দেখতে পারেন। এরপরেও সমস্যার সমাধান না হলে নিকটতম থানা/উপজেলা নির্বাচন অফিসে গিয়ে সাহায্য নিতে পারেন।
"অনলাইনে এনআইডি একাউন্ট তৈরী করার পর একটি QR Code এসেছে, কি করবো?",qr_code_clarification,আপনার স্মার্ট ফোনের এনআইডি Wallet অ্যাপটি ডাউনলোড করুন এবং প্রাপ্ত QR Code টি স্ক্যান করে ফেস ভেরিফিকেশন প্রক্রিয়া সম্পন্ন করুন।
"অনলাইনে “অপ্রত্যাশিত সমস্যার জন্য দুঃখিত” দেখাচ্ছে, কি করণীয়?",unexpected_online_problem,আপনার এই প্রশ্নের উত্তরটি জানতে ৯ বাটন চেপে কল সেন্টার প্রতিনিধির সঙ্গে সরাসরি কথা বলুন।
"আমার এনআইডি এর ঠিকানায় উপজেলার ঘর ফাঁকা, অনলাইনে রেজিষ্ট্রেশন করতে পারছি না।",no_upzila_in_online_registration,সংশ্লিষ্ট থানা/উপজেলা নির্বাচন অফিসে গিয়ে নির্ধারিত ফর্মে ঠিকানা সংশোধনের আবেদন করুন। আবেদন অনুমোদন হলে অনলাইনে রেজিস্ট্রেশন করতে পারবেন।
FORM নম্বর দিয়ে দিয়ে রেজিষ্ট্রেশন করতে পারছি না।,form_number_not_working,আপনি যদি ২০২০ বা তার পরে নতুন ভোটার হয়ে থাকেন সেক্ষেত্রে ফর্ম নম্বরের পূর্বে বড় হাতের অক্ষরে NIDFN লিখুন যেমন NIDFN ও ফরম নম্বর। এরপরও ব্যর্থ হলে ৯ বাটন চেপে কল সেন্টার প্রতিনিধির সঙ্গে সরাসরি কথা বলুন।
একাউন্ট লক হয়ে গেছে এখনই কি আনলক করে দিতে পারবেন?,account_locked_unlock_request,"আমরা আন্তরিকভাবে দুঃখিত, এটি একটি স্বয়ংক্রিয় ব্যবস্থা। তাৎক্ষণিকভাবে আনলক করার সুযোগ নেই। অনুগ্রহপূর্বক আট ঘণ্টা পর সঠিক তথ্য দিয়ে পুনরায় চেষ্টা করুন।"
"তথ্য সঠিক দিয়েছি, কিন্তু একাউন্ট লক হয়ে গিয়েছে কেন?",information_correct_but_account_locked,"আমরা আন্তরিকভাবে দুঃখিত, আপনার দেয়া তথ্যটি সঠিক নয়। সঠিক তথ্য দিয়ে পুনরায় চেষ্টা করুন।"
কীভাবে এনআইডি পোর্টালে সংশোধন আবেদন করতে হয়?,how_to_apply_for_correction_in_online_portal,প্রথমে services.nidw.gov.bd/ ওয়েবসাইট ভিজিট করে একাউন্ট রেজিস্ট্রেশন করুন এবং নির্ধারিত ফী প্রদান পূর্বক এনআইডি সংশোধনের আবেদন করুন।
বর্তমান ঠিকানা পরিবর্তনের জন্য কি করণীয়?,sms_after_picture_how_many_days,আপনার এই প্রশ্নের উত্তর জানতে ৯ বাটন চেপে কল সেন্টার প্রতিনিধির সঙ্গে সরাসরি কথা বলুন।
বর্তমান ঠিকানার তথ্য সংশোধনের জন্য কি কি কাগজপত্র লাগে?,present_and_permanent_address_generic_new,আপনার এই প্রশ্নের উত্তর জানতে ৯ বাটন চেপে কল সেন্টার প্রতিনিধির সঙ্গে সরাসরি কথা বলুন।
স্থায়ী ঠিকানা পরিবর্তনের জন্য কি কি কাগজপত্র লাগে?,permanent_address_new,স্থায়ী ঠিকানা পরিবর্তনের জন্য প্রয়োজনীয় দলিলাদি (১) অনলাইন জন্ম নিবন্ধন সনদ। (২) নাগরিকত্ব সনদ। (৩) স্থায়ী ঠিকানার ইউটিলিটি বিলের কপি (গ্যাস/বিদ্যুৎ/পানি)। (৪) ভূমি উন্নয়ন ট্যাক্স পরিশোধের রশিদ/ চৌকিদারী রশিদ। (৫) পিতা/মাতা/ স্বামী/স্ত্রীর এনআইডি। (৬) ফ্ল্যাট/জমির দলিলাদি।
বর্তমান ঠিকানা সংশোধনের আবেদন কি অনলাইনে করা যাবে?,persent_address_correction_procedure,"আপনি যদি স্থায়ী ঠিকানায় ভোটার হয়ে থাকেন, তাহলে বর্তমান ঠিকানা সংশোধন আবেদন অনলাইনে করা যাবে।"
স্থায়ী ঠিকানা সংশোধনের আবেদন কি অনলাইনে করা যাবে?,permanent_address_update_procedure,"আপনি যদি বর্তমান ঠিকানায় ভোটার হয়ে থাকেন, তাহলে স্থায়ী ঠিকানা সংশোধনের আবেদন অনলাইনে করা যাবে।"
বর্তমান ও স্থায়ী ঠিকানা কি একই সাথে পরিবর্তনের জন্য আবেদন করা সম্ভব?,together_present_and_permanent_address_change,"না, উভয় ক্ষেত্রে ভিন্ন ভিন্ন আবেদন করতে হবে।"
"স্থায়ী ঠিকানায় উপজেলা দেওয়া নাই, করনীয় কি?",no_upzila_in_permananet_address,সংশ্লিষ্ট উপজেলা নির্বাচন অফিসে সংশোধন ফরম (ফরম-২) এর মাধ্যমে আবেদন করতে হবে।
বর্তমান ঠিকানা পরিবর্তন করতে কতদিন সময় লাগে?,present_address_change_process_duration,বর্তমান ঠিকানা পরিবর্তন সংক্রান্ত আবেদন সাধারণত ত্রিশ কার্যদিবসের মধ্যে নিষ্পন্ন করা হয়ে থাকে।
স্থায়ী ঠিকানা পরিবর্তন করতে কতদিন সময় লাগে?,permanent_address_change_process_duration,"স্থায়ী ঠিকানা পরিবর্তনের বিষয়টি তদন্ত সাপেক্ষ বিষয় হওয়ায়, তদন্ত প্রতিবেদন প্রাপ্তি সাপেক্ষে নিষ্পত্তি করা হয়।"
"ঠিকানা পরিবর্তনের আবেদন অনুমোদিত হয়েছে, এখন নতুন ঠিকানার কার্ড পাবো কিভাবে?",card_avail_after_address_change,নির্ধারিত ফি প্রদানপূর্বক জাতীয় পরিচয়পত্র রি-ইস্যুর জন্য অনলাইনে আবেদন করতে হবে।
"আমার নিবন্ধন স্লিপ অথবা এনআইডি কার্ডটি হারিয়ে গেছে, এনআইডি কার্ড পাবো কীভাবে?",voter_slip_lost_how_to_get_nid,সংশ্লিষ্ট উপজেলা/থানা নির্বাচন অফিস গিয়ে এনআইডি নম্বর সংগ্রহ করে অনলাইনে রি-ইস্যু আবেদন করতে হবে। যদি এনআইডি নম্বর জানা থাকে তাহলে সরাসরি অনলাইনে আবেদন করুন।
"এনআইডি কার্ড নষ্ট হয়ে গেছে, নতুন কার্ড কীভাবে পাবো?",card_damaged_how_to_get_new_card,এনআইডি নম্বর জানা থাকলে সরাসরি অনলাইনে আবেদন করুন।
"এনআইডি কার্ড নষ্ট / হারিয়ে গেছে, নতুন কার্ড পেতে কি টাকা লাগবে?",card_lost_and_damaged_cost,"হ্যাঁ, নতুন এনআইডি কার্ড পেতে নির্ধারিত ফি জমা দিয়ে অনলাইনে আবেদন করুন।"
"এনআইডি কার্ড নষ্ট / হারিয়ে গেছে, নতুন কার্ড পেতে কতো টাকা লাগবে?",card_lost_new_card_fee,এনআইডি অনলাইন পোর্টালে প্রবেশ করে ফিস ট্যাবের মাধ্যমে আপনার নির্দিষ্ট আবেদনের ফী এর পরিমাণ জেনে নিন।
"স্মার্ট কার্ড হারিয়ে গেছে, রিইস্যু আবেদন করলে কি নতুন স্মার্ট কার্ড পাবো?",smart_card_lost_reissue,দুঃখিত। ভোটারযোগ্য সকল নাগরিকের হাতে একবার স্মার্টকার্ড পৌঁছানোর পর স্মার্টকার্ড রিপ্রিন্টের বিষয়ে সিদ্ধান্ত গ্রহণ করা হবে।
এনআইডি কার্ড রি-ইস্যুর জন্য কি কি সাপোর্টিং ডকুমেন্ট জমা দিতে হয়?,reissue_supporting_document,শুধুমাত্র নির্ধারিত ফি জমা দিয়ে অনলাইনে রি-ইস্যু’র আবেদন করতে হবে।
"কার্ড হারিয়ে গেছে কোন তথ্যই নেই, কিভাবে নতুন একটি কার্ড উত্তোলন করবো?",card_lost_no_info_how_to_get_new,সংশ্লিষ্ট উপজেলা/থানা নির্বাচন অফিসে গিয়ে এনআইডি নম্বর সংগ্রহ করে অনলাইনে রি-ইস্যু আবেদন করতে হবে।
"ভোটার স্থানান্তর করেছি, রি ইস্যুর জন্য করণীয় কি?",voter_migration_done_now_what_to_do_for_reissue,নির্ধারিত ফি জমা দিয়ে অনলাইনে রিইস্যু আবেদন করুন।
প্রাপ্তি রশিদ হারিয়ে গেছে কিভাবে কার্ড উত্তোলন করবো?,receipt_lost_how_to_get_new_card,অনুগ্রহ পূর্বক আপনার ভোটার এলাকার সংশ্লিষ্ট জেলা/ উপজেলা/থানা নির্বাচন অফিসে যোগাযোগ করুন।
হারানো কার্ড উত্তোলনের পর পূর্বের কার্ডটি খুঁজে পেয়েছি করণীয় কি?,new_card_got_old_card_found_what_to_do,"আপনি কার্ডটি সতর্কতার সাথে সংরক্ষণ করুন, যাতে কার্ডটির অপব্যবহার না হয়।"
"ভোটার স্লীপ হারিয়ে গেছে, ভোটার তালিকায় খুঁজে পাওয়া যাচ্ছে না, তবে আমি ছবি তুলেছি। কিভাবে কার্ড উত্তোলন করবো?",voter_slip_lost_how_to_get_new_card,সংশ্লিষ্ট জেলা নির্বাচন অফিসে গিয়ে বায়োমেট্রিক যাচাইয়ের মাধ্যমে এনআইডি নম্বর সংগ্রহ করুন এবং এনআইডি কার্ড উত্তোলন করুন।
"আমার জাতীয় পরিচয়পত্রের অংশবিশেষ পুড়ে গেছে/ পোকায় খেয়েছে, রিইস্যুর জন্য জিডি করতে হবে?",voter_card_damaged,না। এক্ষেত্রে জিডি’র প্রয়োজন নেই। যদি এনআইডি নম্বর জানা থাকে তাহলে নির্ধারিত ফি দিয়ে অনলাইনে রি-ইস্যু আবেদন করুন।
"অনেকদিন হয়ে গেছে রিইস্যু আবেদন করেছি এখনো পেন্ডিং দেখাচ্ছে, কতদিন লাগবে?",online_application_pending,দুঃখিত আপনি সংশ্লিষ্ট উপজেলা/থানা নির্বাচন অফিসে যোগাযোগ করুন।
"আর্জেন্ট রি-ইস্যু আবেদন করেছিলাম ৭ কর্মদিবস শেষ হয়ে গেছে অনেক আগেই, এখনো কার্ড পাচ্ছি না কেনো?",reissue_apply_why_pending_and_urgent_reissue_seven_days_over,"আন্তরিকভাবে দুঃখিত, আপনি সংশ্লিষ্ট উপজেলা/থানা নির্বাচন অফিসে যোগাযোগ করুন।"
"নতুন ভোটার হয়েছিলাম, এনআইডি কার্ড পেয়েছি/ ডাউনলোড করেছি, স্মার্ট কার্ড কবে পাবো?",new_voter_got_normal_card_when_get_smart_card,স্মার্ট কার্ড সাধারণত উপজেলা ভিত্তিক মুদ্রণ করা হয়ে থাকে। আপনার এলাকায় স্মার্ট কার্ড বিতরণ শুরু হলে থানা/উপজেলা নির্বাচন অফিসে যোগাযোগ করুন।
স্মার্ট কার্ড প্রিন্ট হয়েছে কি না কিভাবে জানবো?,smart_card_status,আপনার এই প্রশ্নের উত্তরটি জানতে ৯ বাটন চেপে কল সেন্টার প্রতিনিধির সঙ্গে সরাসরি কথা বলুন।
"আমার এলাকায় স্মার্ট কার্ড বিতরণ হয়েছে, কিন্তু আমার কার্ড আসেনি, কেন?",smart_card_distributed_in_my_area_but_my_card_not_received,সংশ্লিষ্ট থানা/উপজেলা নির্বাচন অফিস থেকে স্মার্ট কার্ড মুদ্রণ সম্পর্কিত তথ্য জেনে নিন।
কি কি কারণে স্মার্ট কার্ড প্রিন্ট নাও হতে পারে?,smart_card_print_problem,"ডাটাবেজে তথ্য যথাযথভাবে না থাকার কারণে স্মার্ট কার্ড মু্দ্রণ হয় না, কারণ জানতে ৯ চাপুন।"
কোথায় গেলে স্মার্ট কার্ড পাবো?,smart_card_from_where,আপনার এই প্রশ্নের উত্তরটি জানতে ৯ বাটন চেপে কল সেন্টার প্রতিনিধির সঙ্গে সরাসরি কথা বলুন।
স্মার্ট কার্ড নিতে কত টাকা লাগে?,smart_card_fee,প্রথমবার স্মার্ট কার্ড নিতে কোন ফি দিতে হবে না।
স্মার্ট কার্ড তুলতে কি কি জমা দেওয়া লাগে?,smart_card_collection_fees,পূর্বে প্রদানকৃত লেমিনেটেড পেপার জাতীয় পরিচয়পত্রটি জমা দিতে হবে।
আমার স্মার্ট কার্ড কি অন্য কেউ সংগ্রহ করতে পারবে?,smart_card_collect_by_other,আপনার স্মার্ট কার্ডটি সংগ্রহ করার সময় আপনার চোখের আইরিশ ও দশ আঙ্গুলের ছাপ গ্রহণ করা হবে। সুতরাং যার কার্ড তাকেই সংগ্রহ করতে হবে।
স্মার্ট কার্ড প্রিন্ট এবং বিতরণ করা হলে কি এসএমএস এর মাধ্যমে জানানো হবে?,smart_card_ready_sms,"না, তবে নির্দিষ্ট এলাকায় স্মার্টকার্ড বিতরণকালীন সময় প্রচারনা চালানো হয়।"
"কার্ড সংশোধনের জন্য “স্মার্ট কার্ড” অপশন সিলেক্ট করেছিলাম, কিন্তু পিডিএফ পেয়েছি, এখন স্মার্ট কার্ড কবে পাবো?",smart_card_selected_but_get_pdf,"আন্তরিকভাবে দুঃখিত, এই মুহুর্তে স্মার্টকার্ড রি-প্রিন্টের সুযোগ নেই।"
"আমার পরে ভোটার হয়েছে, তারা স্মার্ট কার্ড পেয়েছে কিন্তু আমি পাইনি, কি করবো?",not_getting_smart_card_though_newer_voter_getting,সংশ্লিষ্ট উপজেলা/থানা/জেলা নির্বাচন অফিসে যোগাযোগ করুন।
"আগের আইডি কার্ডে স্বামীর নাম ছিলো, স্মার্ট কার্ডে স্বামীর নাম নাই, কেন?",no_husband_name_in_smart_card,আন্তর্জাতিক মানদন্ড বজায় রাখার জন্য জাতীয় পরিচয়পত্রে শুধুমাত্র পিতামাতার নাম প্রদর্শিত হয়। স্বামীর নামসহ অন্যান্য তথ্যাদি এনআইডি সার্ভারে সংরক্ষিত থাকে।
"স্মার্ট কার্ড হারিয়ে গেছে, পুনরায় স্মার্ট কার্ড পেতে হলে কি করতে হবে?",smart_card_lost_how_to_get_new_one_again,"আন্তরিকভাবে দুঃখিত, এই মুহুর্তে স্মার্টকার্ড রি-প্রিন্টের সুযোগ নেই।"
স্মার্ট কার্ড মুদ্রণ সম্পর্কে জানতে এসএমএস কিভাবে পাঠাবো?,smart_card_printing_status_sms_how,আপনার এই প্রশ্নের উত্তরটি জানতে ৯ বাটন চেপে কল সেন্টার প্রতিনিধির সঙ্গে সরাসরি কথা বলুন।
ভোটার এলাকা পরিবর্তনের জন্য কি কি কাগজপত্র লাগে?,necessary_documents_to_modify_voter_area,"ভোটার এলাকা পরিবর্তনের জন্য প্রয়োজনীয় দলিলাদি (ক) যে এলাকায় স্থানান্তরিত হবেন সে এলাকার চেয়ারম্যান/ মেয়র/ কাউন্সিলর কর্তৃক নাগরিকত্ব সনদ। (খ) ইউটিলিটি বিলের কপি (গ্যাস/বিদ্যুৎ/পানি)। (গ) যে এলাকায় স্থানান্তরিত হবেন, সেই এলাকায় নিজ নামে বা পিতার নামে মাঠ পর্চা/ জমির দলিল/ভূমি উন্নয়ন ট্যাক্স পরিশোধের রশিদ। (ঘ) আবেদনকারীর জাতীয় পরিচয়পত্রের কপি।"
ঠিকানা পরিবর্তনের আবেদন কি অনলাইনে করা যাবে?,address_change_online_new,"হ্যাঁ, করা যাবে। তবে ঠিকানা পরিবর্তনের কারণে যদি ভোটার এলাকা পরিবর্তন হয় সেক্ষেত্রে সংশ্লিষ্ট উপজেলা/থানা নির্বাচন অফিসে স্বশরীরে উপস্থিত হয়ে আবেদন করতে হবে।"
ঠিকানা পরিবর্তনের আবেদন করলে কি ফি দিতে হয়?,permanent_address_change_fees,ঠিকানা পরিবর্তনের কারণে অর্থাৎ মাইগ্রেশন আবেদনের জন্য কোন প্রকার ফি দিতে হয় না। তবে নতুন ঠিকানায় এনআইডি কার্ড পেতে ফি দিতে হবে।
"ঠিকানা পরিবর্তনের জন্য আবেদন করেছি, মোবাইলে মেসেজ পেয়েছি, অনুমোদন হতে কতদিন লাগবে?",address_change_sms_to_mobile_how_many_days_to_get_approved,আপনার এই প্রশ্নের উত্তরটি জানতে ৯ বাটন চেপে কল সেন্টার প্রতিনিধির সঙ্গে সরাসরি কথা বলুন।
"ভোটার ঠিকানা পরিবর্তন হয়েছে, কিন্তু অনলাইনে কার্ড ডাউনলোড অপশন পাচ্ছি না।",address_change_card_download_process,ভোটার এলাকা পরিবর্তন হলে জাতীয় পরিচয় পত্র প্রদান করা হয় না। তবে নতুন ঠিকানায় এনআইডি কার্ড পেতে নির্ধারিত ফি প্রদান করে অনলাইনে রি-ইস্যুর আবেদন করতে হবে।
ভোটার এলাকার ঠিকানা স্থানান্তর করতে কি চেয়ারম্যানের স্বাক্ষর লাগবে নাকি কাউন্সিলরের স্বাক্ষর হলেও হবে?,address_change_counselor_chairperson_signature,ভোটার এলাকা স্থানান্তর করতে ইউনিয়ন পর্যায় চেয়ারম্যান/মেম্বার এবং পৌরসভা বা সিটিকর্পোরেশনের ক্ষেত্রে মেয়র/কাউন্সিলরের জাতীয় পরিচয়পত্র নম্বর উল্লেখপূর্বক স্বাক্ষর নিতে হবে।
"ঠিকানা পরিবর্তনের আবেদনে পূর্বের ভোটার এলাকার তথ্য প্রয়োজন, কিভাবে পাবো?
 আমার ভোটার এলাকার নাম, নম্বর ও ভোটার নম্বর কিভাবে পাবো?",voter_area_query,সংশ্লিষ্ট উপজেলা/থানা নির্বাচন অফিসের সহযোগিতা গ্রহণ করুন।
"স্থায়ী ঠিকানায় ভোটার হয়েছিলাম, এখন বর্তমান ঠিকানার ভোটার হতে চাই, করণীয় কি?",voter_area_change,আপনি যে এলাকায় যেতে চান সেই সংশ্লিষ্ট উপজেলা/ থানা নির্বাচন অফিসে স্বশরীরে উপস্থিত হয়ে স্থানান্তর ফর্ম-১৩ পূরণ করে প্রয়োজনীয় দলিলাদিসহ আবেদন করুন।
"নিজ নামে ইউটিলিটি বিল (পানি, বিদ্যুত, গ্যাস) নাই, ভোটার ঠিকানা পরিবর্তনের জন্য আবেদন করবো, করনীয় কি?",utility_bill_not_available_for_address_proof,"পিতা/মাতা বা স্বামী/স্ত্রীর নামে ইউটিলিটি বিলের কপি দেওয়া যেতে পারে। ভাড়াকৃত বাড়ির ক্ষেত্রে বাড়িওয়ালার নামে ইউটিলিটি বিলের কপি, বাড়ি ভাড়ার চুক্তিপত্র এবং উক্ত এলাকার জনপ্রতিনিধি কর্তৃক নাগরিকত্ব সনদ/ প্রত্যয়নপত্র দাখিল করতে হবে।"
"ভোটার স্থানান্তরের আবেদন চলমান রয়েছে, এমতাবস্থায় সংশোধনের আবেদন করা যাবে কি?",voter_area_change_ongoing,"দুঃখিত, একটি আবেদনের কার্যক্রম চলমান থাকা অবস্থায় অন্য কোন বিষয়ের জন্য আবেদন করা যাবে না।"
"ভোটার স্থানান্তরের আবেদন করেছিলাম, অনুমোদন হয়েছে কিন্তু তথ্য পরিবর্তন হয়নি। কি করণীয়?",voter_area_change_not_reflected,"আন্তরিকভাবে দুঃখিত, অনুগ্রহপূর্বক সংশ্লিষ্ট থানা/উপজেলা নির্বাচন অফিসে যোগাযোগ করুন।"
বিদেশ থেকে ভোট দিতে কী শর্ত প্রয়োজন?,condition_for_foreign_voter,"বিদেশ থেকে ভোট দিতে হলে আপনাকে অবশ্যই বাংলাদেশের নাগরিক হতে হবে, বৈধ জাতীয় পরিচয়পত্র থাকতে হবে, ভোট প্রদানের সময় আপনাকে বাংলাদেশের বাইরে অবস্থান করতে হবে, যে দেশে অবস্থান করছেন সেখানকার সম্পূর্ণ পোস্টাল ঠিকানা প্রদান করতে হবে।"
এনআইডি ছাড়া পোস্টাল ভোট দিতে পারব কি?,nid_required_for_postal_vote,পোস্টাল ভোট প্রদানে এনআইডি থাকা বাধ্যতামূলক।
পোস্টাল ভোট দিতে কি ধরনের এনআইডি কার্ড গ্রহণ করা হয়?,accepted_nid_types,"সকল ধরনের জাতীয় পরিচয়পত্র গ্রহণযোগ্য, যেমন- স্মার্ট কার্ড বা ল্যামিনেটেড NID কার্ড।"
পোস্টাল ভোট বিডি অ্যাপ চালাতে কি প্রয়োজন?,app_requirements_internet_gps_vpn,"সক্রিয় ইন্টারনেট সংযোগ, GPS বা লোকেশন সেবা চালু থাকতে হবে এবং VPN সেবা বন্ধ থাকতে হবে।"
এক ডিভাইসে পোস্টাল ভোট অ্যাপ দ্বারা কতজন ভোট দিতে পারবে?,one_device_one_voter,পোস্টাল ভোট অ্যাপ দ্বারা একটি ডিভাইস ব্যবহার করে শুধুমাত্র একজন ভোট দিতে পারবেন।
ভিপিএন ব্যবহার করলে পোস্টাল বিডি অ্যাপে কাজ করবে?,vpn_not_allowed,এক্ষেত্রে অ্যাপটি কাজ করবে না।
পোস্টাল ভোট বিডি অ্যাপ ব্যবহারের জন্য লোকেশন সেবা কেন অবশ্যক?,location_service_required_reason,এটি নিরাপত্তা যাচাইয়ের জন্য প্রয়োজনিয় ভোটার সত্যিই দেশে নাকি বিদেশে আছেন তা নিশ্চিত করে এবং জালিয়াতি প্রতিরোধ করে।
পোস্টাল ভোট বিডি অ্যাপে বারবার ভুল তথ্য দিলে কি হতে পারে?,wrong_info_penalty,ডিভাইস ব্লক হতে পারে এবং ভোটাধিকার বাতিল হতে পারে।
পোস্টাল ভোট বিডি অ্যাপ ওপেন হচ্ছে না কেন?,app_not_opening_troubleshoot,আপনার ইন্টারনেট সংযোগ ও GPS চালু আছে কিনা যাচাই করুন। VPN চালু থাকলে তা বন্ধ করুন। ডিভাইস রুট হয়েছে কিনা যাচাই করুন।
পোস্টাল ভোট বিডি এর নিরাপত্তা যাচাই ব্যর্থ হলে কি করব?,security_check_failed,সুনির্দিষ্ট বার্তা অনুযায়ী ডিভাইসের সেটিংস সমন্বয় করুন এবং আবার চেষ্টা করুন।
পোস্টাল ভোট বিডি অ্যাপে দেওয়ার জন্য পাসপোর্ট নম্বর মনে না থাকলে কী করব?,passport_number_optional,পোস্টাল ভোট বিডি অ্যাপে পাসপোর্ট নম্বর দেওয়া বাধ্যতামূলক নয়।
পোস্টাল ভোট দেওয়ার সময় কী সাবধানতা নিতে হবে?,voting_precautions,"সঠিক তথ্য দিন, ইন্টারনেট স্থিতিশীল রাখুন, লোকেশন চালু রাখুন, বিরতি ছাড়াই সম্পন্ন করুন এবং অন্য কাউকে আপনার ডিভাইস ব্যবহার করতে দেওয়া থেকে বিরত থাকুন।"
পোস্টাল ভোট বিডি অ্যাপ ব্যবহারের জন্য কি ধরণের প্রস্তুতি নেওয়া উচিত?,preparation_before_app_use,"সক্রিয় ইন্টারনেট সংযোগ আছে কিনা চেক করুন, লোকেশন সেবা চালু করুন ও VPN বন্ধ করুন। এরই সাথে মোবাইল নম্বর, NID ও পাসপোর্ট হাতের কাছে রাখুন। পোস্টাল ভোট বিডি অ্যাপ ডাউনলোড এবং প্রাথমিক সেটআপ"
'Postal Vote BD' অ্যাপ কোথায় পাব?,app_download_sources,Google Play Store বা Apple App Store -এ পাবেন।
পোস্টাল ভোট বিডি অ্যাপে রেজিস্ট্রেশন শুরু করতে প্রথম কী করব?,registration_start_country_select,শুরুতেই আপনি যে দেশে আছেন সেই দেশ নির্বাচন করুন এবং পরবর্তী নির্দেশনা অনুসরন করুন।
পোস্টাল ভোট বিডি অ্যাপে মোবাইল নম্বর কোথায় দেব?,mobile_number_entry,দেশ নির্বাচনের পর মোবাইল নম্বর পেজে আপনার নম্বর লিখুন। আপনি যে দেশে আছেন সেই দেশের মোবাইল নম্বর দিতে পারবেন।
পোস্টাল ভোট বিডি অ্যাপে মোবাইল নম্বর ভুল দিলে কি হবে?,wrong_mobile_number_consequence,মোবাইল নম্বরে আপনাকে OTP প্রেরণ করা হবে। সঠিক মোবাইল নম্বর না প্রদান করলে ওটিপি পাবেন না।
পোস্টাল ভোট বিডি অ্যাপে ই-মেইল এড্রেস দেওয়া বাধ্যতামূলক কি?,email_optional,"পোস্টাল ভোট অ্যাপে, ই-মেইল এড্রেস দেওয়া ঐচ্ছিক। তবে, ই-মেইল এড্রেস দিলে গুরুত্বপূর্ণ তথ্য উক্ত মেইলে পাবেন।"
পোস্টাল ভোট বিডি অ্যাপে OTP পাঠাতে কী বাটন ক্লিক করব?,otp_send_button,OTP পাঠান বা সবুজ বাটনে ক্লিক করুন।
পোস্টাল ভোট বিডি অ্যাপে OTP আসতে কতক্ষণ সময় লাগে?,otp_delivery_time,OTP আসতে কয়েক মিনিট সময় লাগতে পারে।
পোস্টাল ভোট বিডি অ্যাপে OTP না আসলে কি করব?,otp_not_received,এক্ষেত্রে পুনরায় OTP পাঠান বাটনে ক্লিক করুন। একটি নির্দিষ্ট সময় পর নতুন ওটিপি (OTP) চাইতে পারবেন।
পোস্টাল ভোট বিডি অ্যাপে OTP কত ডিজিটের হবে?,otp_length,OTP ছয় সংখ্যার কোড হবে যা আপনার মোবাইলে আসবে।
পোস্টাল ভোট বিডি অ্যাপে OTP কোডটি কোথায় লিখব?,otp_entry_screen,OTP যাচাইকরণ পেজের ৬টি ঘরে OTP কোডটি লিখুন এবং পরবর্তী বা সবুজ বাটনে ক্লিক করুন।
পোস্টাল ভোট বিডি অ্যাপে পাসওয়ার্ড কেমন হতে হবে?,password_requirements,"ইংরেজিতে কমপক্ষে একটি বড় হাতের অক্ষর, কমপক্ষে একটি ছোট হাতের অক্ষর , কমপক্ষে একটি সংখ্যা, কমপক্ষে একটি বিশেষ চিহ্ন এবং সব মিলিয়ে কমপক্ষে ৮ টি অক্ষর থাকতে হবে।"
পোস্টাল ভোট বিডি অ্যাপে পাসওয়ার্ড দেখতে চাইলে কি করব?,show_password,"password-এর পাশে থাকা চোখের আইকনে ক্লিক করুন, পাসওয়ার্ডটি দৃশ্যমান হবে।"
পাসওয়ার্ড সাবমিটের পর পোস্টাল ভোট বিডি অ্যাপে কি দেখা যাবে?,password_submit_success_page,একটি সবুজ টিক মার্ক সহ ধন্যবাদ পেজ দেখবেন যেখানে সফলভাবে পাসওয়ার্ড সেটআপ সম্পন্ন হয়েছে লেখা থাকবে।
পোস্টাল ভোট বিডি অ্যাপে সফল বার্তার পর কি করব?,after_success_login_button,লগইন বাটনে ক্লিক করুন।
পোস্টাল ভোট বিডি অ্যাপে ভিডিও টিউটোরিয়াল দেখা কেন প্রয়োজন?,video_tutorial_why,অ্যাপের মূল বৈশিষ্ট্য এবং সঠিক ব্যবহারবিধি বুঝতে ভিডিওটি মনোযোগ দিয়ে দেখা আবশ্যক।
পোস্টাল ভোট বিডি অ্যাপে ভিডিও দেখা শেষ হলে কি হবে?,video_end_next_step,সিস্টেম স্বয়ংক্রিয়ভাবে আপনাকে পরবর্তী ধাপে নিয়ে যাবে এবং লগইন পেজ খুলবে।
পোস্টাল ভোট বিডি অ্যাপে লগইন করতে কী তথ্য প্রয়োজন?,login_credentials_required,আপনার মোবাইল নম্বর এবং পাসওয়ার্ড দিয়ে লগইন করুন।
পোস্টাল ভোট বিডি অ্যাপে লগইন করার পর কি করতে পারব?,post_login_capabilities,লগইন করার পর আপনি অ্যাপ সম্পূর্ণভাবে ব্যবহার করতে পারবেন এবং ভোট দিতে পারবেন।
পোস্টাল ভোট বিডি অ্যাপে পাসওয়ার্ড ভুলে গেলে কি করব?,forgot_password_flow,লগইন পেজে পাসওয়ার্ড ভুলে গেছেন? রিসেট পাসওয়ার্ড লিখাটিতে ক্লিক করুন প্রয়োজনীয় নির্দেশনা পালন করুন।
পোস্টাল ভোট বিডি অ্যাপে পাসওয়ার্ড রিসেট করতে কী তথ্য প্রয়োজন?,password_reset_required_info,আপনার মোবাইল নম্বর প্রয়োজন যা দিয়ে অ্যাপে রেজিস্ট্রেশন করেছিলেন।
রেজিস্ট্রেশন করা সময় পোস্টাল ভোট বিডি অ্যাপে ভুল OTP দিলে কি হবে?,wrong_otp_registration,ভুল OTP দিলে ত্রুটি বার্তা আসবে। সঠিক OTP দিয়ে আবার চেষ্টা করুন অথবা নতুন OTP পাঠাতে পারেন।
পোস্টাল ভোট বিডি অ্যাপে রেজিষ্ট্রেশনের সময় কত অক্ষরের পাসওয়ার্ড প্রয়োজন?,password_min_length,কমপক্ষে ৮ অক্ষরের পাসওয়ার্ড প্রয়োজন।
পোস্টাল ভোট বিডি অ্যাপে পাসওয়ার্ডে অবশ্যই কী কী থাকতে হবে?,password_character_requirements,"বড় হাতের অক্ষর, ছোট হাতের অক্ষর, সংখ্যা এবং বিশেষ চিহ্ন এগুলোর সবই কমপক্ষে একটি করে থাকতে হবে।"
"আমি পোস্টাল ভোট বিডি অ্যাপে রেজিস্ট্রেশন করেছি, এখন কীভাবে লগইন করব?",login_after_registration,আপনার মোবাইল নম্বর এবং নতুন পাসওয়ার্ড দিয়ে লগইন করুন।
পোস্টাল ভোট বিডি অ্যাপে ব্যবহৃত পাসওয়ার্ড কাউকে বলতে পারি কি?,password_sharing_warning,পাসওয়ার্ড কাউকে বলবেন না। এটি আপনার ব্যক্তিগত এবং গোপনীয় তথ্য।
পোস্টাল ভোট বিডি অ্যাপে রেজিষ্ট্রেশনের সময় দুর্বল পাসওয়ার্ড ব্যবহার করলে কি ঝুঁকি আছে?,weak_password_risk,দুর্বল পাসওয়ার্ড ব্যবহার করলে অন্য কেউ আপনার অ্যাকাউন্ট ব্যবহার করতে পারতে পারে।
পোস্টাল ভোট বিডি অ্যাপে শক্তিশালী পাসওয়ার্ড কেন প্রয়োজন?,strong_password_importance,শক্তিশালী পাসওয়ার্ড আপনার অ্যাকাউন্ট এবং ভোটিং তথ্য সুরক্ষিত রাখে। কমপক্ষে ৮ অক্ষরের শক্তিশালী পাসওয়ার্ড ব্যবহার করুন।
পোস্টাল ভোট বিডি অ্যাপে রেজিষ্ট্রেশনের পর পাসওয়ার্ড ভুলে গেলে কি করব?,post_registration_password_reset,লগইন স্ক্রিনে পাসওয়ার্ড ভুলে গেছেন?' লেখাটি দেখুন। এরপর 'রিসেট করুন' বাটনে ক্লিক করে আপনার রেজিস্টার করা মোবাইল নম্বর যাচাই করুন এবং একটি নতুন পাসওয়ার্ড সেট করুন।
পোস্টাল ভোট বিডি অ্যাপে হোম স্ক্রিনে পৌঁছে গেলে কী করতে পারি?,home_screen_usage,"হোম স্ক্রিনে সফলভাবে পৌঁছানোর পরে, আপনি অ্যাপের সকল সুবিধা ব্যবহার করতে পারবেন।"
পোস্টাল ভোট বিডি অ্যাপে লগইন পেজ কেন খুলছে না?,login_page_not_opening,ইন্টারনেট সংযোগ চেক করুন এবং অ্যাপ আবার খুলুন।
পোস্টাল ভোট বিডি অ্যাপে লগইন করার পর পরবর্তী পেজ খুলছে না কি করব?,post_login_page_not_loading,অ্যাপটি আবার খুলুন এবং ইন্টারনেট সংযোগ স্থিতিশীল রাখুন। কিছু সময় অপেক্ষা করুন।
পোস্টাল ভোট বিডি অ্যাপে আমি লগ আউট করতে পারি কি?,logout_available,প্রোফাইল স্ক্রিনে লগ আউট অপশন রয়েছে। সেখানে ক্লিক করে আপনি সহজেই লগ আউট করতে পারবেন।
পোস্টাল ভোট বিডি অ্যাপে লগ আউট করার পর আবার লগইন করতে পারব কি?,login_after_logout,একই মোবাইল নম্বর এবং পাসওয়ার্ড দিয়ে আবার লগইন করতে পারবেন।
পোস্টাল ভোট বিডি অ্যাপে লগইন সময় কী সাবধানতা নিতে হবে?,login_safety_precautions,নিশ্চিত করুন যে সঠিক মোবাইল নম্বর এবং পাসওয়ার্ড ব্যবহার করছেন এবং পাসওয়ার্ড কারও সাথে শেয়ার করবেন না।
পাবলিক WiFi ব্যবহার করে পোস্টাল ভোট বিডি অ্যাপে লগইন করা নিরাপদ কি?,public_wifi_login_risk,পাবলিক Wi-Fi তে লগইন করা নিরাপদ নয়। আপনার নিজের ডেটা বা ব্যক্তিগত Wi-Fi ব্যবহার করুন।
লগইন করার পর পোস্টাল ভোট বিডি অ্যাপ ব্যবহার না করলে লগ আউট হয়ে যায় কি?,auto_logout_inactivity,"দীর্ঘ সময় নিষ্ক্রিয় থাকলে, নিরাপত্তার কারণে লগ আউট হতে পারে।"
পোস্টাল ভোট বিডি অ্যাপে কত বার পাসওয়ার্ড পরিবর্তন করতে পারি?,password_change_frequency,যতবার প্রয়োজন পাসওয়ার্ড পরিবর্তন করতে পারেন।
পাসওয়ার্ড রিসেট করতে পোস্টাল ভোট বিডি অ্যাপে কত সময় লাগে?,password_reset_time,সাধারণত OTP আসার পর ৫ থেকে ৭ মিনিটে পাসওয়ার্ড রিসেট সম্পন্ন হয়ে যায়।
"আমার শুধু পাসপোর্ট আছে, আমি কি পোস্টাল ভোট বিডি অ্যাপে নিবন্ধন করতে পারব?",nid_required_for_registration,নিবন্ধনের জন্য আপনার অবশ্যই বৈধ জাতীয় পরিচয়পত্র থাকতে হবে।
পোস্টাল ভোট বিডি অ্যাপে নিবন্ধন প্রক্রিয়া শুরু করতে কী করতে হবে?,registration_start_button,হোম স্ক্রিনে সবুজ রঙের নিবন্ধন করুন বাটনে ক্লিক করুন।
পোস্টাল ভোট বিডি অ্যাপে নিবন্ধন প্রক্রিয়ায় কয়টি ধাপ আছে?,registration_steps_count,"নিবন্ধন প্রক্রিয়ায় মোট চারটি প্রধান ধাপ আছে: ১. জাতীয় পরিচয়পত্র যাচাইকরণ, ২. লাইভনেস চেকআপ ৩. NID কার্ড সহ সেলফি যাচাইকরণ, ৪. পাসপোর্ট এবং বিদেশী ঠিকানা তথ্য প্রদান।"
পোস্টাল ভোট বিডি অ্যাপে NID যাচাইকরণ কী?,nid_verification_definition,NID যাচাইকরণ প্রক্রিয়ায় আপনার জাতীয় পরিচয়পত্রের তথ্য NID ডাটাবেজের সাথে মিলিয়ে দেখা হয়।
পোস্টাল ভোট বিডি অ্যাপে রেজিষ্ট্রেশনের সময় NID কার্ডের ছবি তোলার সময় কী খেয়াল রাখতে হবে?,nid_photo_guidelines,"পর্যাপ্ত আলোকিত স্থানে থাকুন, কার্ডটি পরিষ্কার এবং সম্পূর্ণ দেখা যায় এমনভাবে ধরুন, কার্ডে কোনো আলোর প্রতিফলন যেন না থাকে তা নিশ্চিত করুন এবং পুরো কার্ড সাদা ফ্রেমের মধ্যে রাখুন।"
পোস্টাল ভোট বিডি অ্যাপে NID যাচাইকরণ ব্যর্থ হলে কী করব?,nid_verification_failed,"আবার চেষ্টা করুন, নিশ্চিত করুন পর্যাপ্ত আলো আছে কিনা, কার্ড সোজা করে ধরুন। কার্ডে কোনো ছায়া বা প্রতিফলন আছে কি না দেখুন।"
পোস্টাল ভোট বিডি অ্যাপে লাইভনেস চেকআপ কী এবং কেন প্রয়োজন?,liveness_check_purpose,"লাইভনেস চেকআপ নিশ্চিত করে যে আপনি একজন জীবিত মানুষ, কোনো ছবি বা ভিডিও নয়। এটি নিরাপত্তার জন্য অত্যন্ত গুরুত্বপূর্ণ।"
পোস্টাল ভোট বিডি অ্যাপে লাইভনেস চেকআপে কী কী করতে হয়?,liveness_check_steps,"মুখ সোজা রাখুন, মাথা ডানদিকে ঘোরান, মাথা বামদিকে ঘোরান, চোখের পলক ফেলুন, মৃদু হাসুন।"
পোস্টাল ভোট বিডি অ্যাপে লাইভনেস চেকআপের সময় কী কী এড়িয়ে চলতে হবে?,liveness_check_avoid,"চশমা পরবেন না, মাস্ক বা মুখ ঢাকবেন না, টুপি বা মাথা ঢাকবেন না, খুব দ্রুত নড়াচড়া করবেন না।"
পোস্টাল ভোট বিডি অ্যাপে নির্দেশনা অনুসরণ করার সময় কী মনে রাখতে হবে?,instruction_following_tips,"ধীরে ধীরে এবং স্বাভাবিকভাবে নির্দেশনা অনুসরণ করুন, মোবাইল স্থির রাখুন, ফ্রেমের মধ্যে মুখ রাখুন, পর্যাপ্ত আলোকিত স্থানে থাকুন।"
পোস্টাল ভোট বিডি অ্যাপে সেলফি কেন নিতে হয়?,selfie_required_reason,এটি নিশ্চিত করে যে আপনি নিজেই আবেদন করছেন এবং আপনার পরিচয় যাচাই করা যায়।
পোস্টাল ভোট বিডি অ্যাপে সেলফি কীভাবে তুলতে হবে?,selfie_capture_guidelines,"মোবাইলটি আপনার মুখের সামনে ধরুন, আপনার মুখ ফ্রেমের মধ্যে রাখুন, মুখ সোজা এবং ক্যামেরার দিকে তাকান, স্থির হয়ে দাঁড়ান, নিশ্চিত করুন মুখ পরিষ্কার দেখা যাচ্ছে।"
পোস্টাল ভোট বিডি অ্যাপে রেজিষ্ট্রেশনের সময় পাসপোর্টের কী কী তথ্য দিতে হবে?,passport_info_required,"Given name বা প্রদত্ত নাম, Surname বা বংশগত নাম, পাসপোর্ট নম্বর এবং পাসপোর্টের মেয়াদ শেষের তারিখ।"
পোস্টাল ভোট বিডি অ্যাপে বিদেশী ঠিকানার কী কী তথ্য দিতে হবে?,foreign_address_fields,"ব্লক, ফ্লোর, ইউনিট, বাসার নম্বর, রাস্তার নাম, শহর, পোস্টাল কোড, স্টেট।"
পোস্টাল ভোট বিডি অ্যাপে বিদেশী ঠিকানা দেওয়ার সময় কী মনে রাখতে হবে?,foreign_address_entry_tips,এই ঠিকানায় আপনার ব্যালট পেপার পাঠানো হবে। ঠিকানা সম্পূর্ণ এবং সঠিকভাবে লিখুন। খুজেঁ পাওয়া যাবে এরূপ পোস্ট অফিস এবং ঠিকানা দিন। সব ঠিকানার ঘর পূরণ করুন।
ভুল ঠিকানা দিয়ে পোস্টাল ভোট বিডি অ্যাপে রেজিস্ট্রেশন করলে কি হবে?,wrong_address_consequence,ভুল ঠিকানা দিলে আপনি ব্যালট পেপার পাবেন না।
পোস্টাল ভোট বিডি অ্যাপে তথ্য জমা দেওয়ার পর কী হয়?,post_submission_verification,"সিস্টেম স্বয়ংক্রিয়ভাবে আপনার দেওয়া তথ্য যাচাই করা শুরু করবে যেমন: NID ও পাসপোর্টের তথ্যের সঠিকতা ও সামঞ্জস্যতা, আপনি সত্যিই বিদেশে থাকেন কিনা, আপনি ভোটার হিসেবে নিবন্ধিত হতে পারবেন কিনা।"
পোস্টাল ভোট বিডি অ্যাপে যাচাইকরণ প্রক্রিয়া কতক্ষণ সময় নেয়?,verification_time,যাচাইকরণ প্রক্রিয়া সম্পন্ন হতে কিছু সময় লাগতে পারে। এই সময় হোম স্ক্রিনে হলুদ রঙের বাটন দেখাবে যেখানে লেখা থাকবে যাচাই করা হচ্ছে...।
যাচাইকরণ প্রক্রিয়া চলাকালীন আমি কি পোস্টাল ভোট বিডি অ্যাপ বন্ধ করতে পারি?,verification_in_progress_app_close,আপনি হোম স্ক্রিনে ফিরে যেতে পারেন বা অ্যাপ বন্ধ করতে পারেন। যাচাইকরণ প্রক্রিয়া চলতে থাকবে।
পোস্টাল ভোট বিডি অ্যাপে যাচাইকরণ শেষ হলে কীভাবে জানব?,verification_completion_notification,যাচাইকরণ প্রক্রিয়া শেষ হলে আপনি নোটিফিকেশন পাবেন।
ক্যামেরা সঠিকভাবে কাজ না করলে পোস্টাল ভোট বিডি অ্যাপে কিভাবে রেজিস্ট্রেশন করব?,camera_issue_registration,"অ্যাপটি বন্ধ করে আবার খুলুন, মোবাইল রিস্টার্ট করুন, ক্যামেরার অনুমতি দেওয়া আছে কিনা চেক করুন, যদি সমস্যা থাকে তাহলে সাহায্য মেনু ব্যবহার করুন।"
পোস্টাল ভোট বিডি অ্যাপে তথ্য ভুল হয়ে গেলে কী করব?,incorrect_info_restart,"যদি কোনো তথ্য ভুল হয়ে যায়, তাহলে প্রক্রিয়াটি আবার শুরু করতে হতে পারে। তবে, সঠিক তথ্য দেওয়া অত্যন্ত গুরুত্বপূর্ণ।"
পোস্টাল ভোট বিডি অ্যাপ এর সাহায্য পেতে কোথায় যোগাযোগ করব?,help_contact_location,হোম স্ক্রিনের উপরের ডান দিকে সাহায্য মেনু আইকন আছে। সেখান থেকে সহায়তা পেতে পারেন।
পোস্টাল ভোট বিডি অ্যাপে ভোট ট্র্যাকিং কী?,vote_tracking_definition,ব্যালট ট্র্যাক করুন বাটনের মাধ্যমে আপনি আপনার ভোটের অবস্থা ট্র্যাক করতে পারবেন। নির্দিষ্ট সময় পরে এটি সক্রিয় হবে।
পোস্টাল ভোট বিডি অ্যাপে নোটিফিকেশন মেনুতে কী পাব?,notification_menu_contents,"নোটিফিকেশন মেনুতে আপনার নিবন্ধন প্রক্রিয়া, যাচাইকরণ স্ট্যাটাস এবং অন্যান্য গুরুত্বপূর্ণ আপডেট পাবেন।"
পোস্টাল ভোট বিডি অ্যাপে প্রোফাইল মেনুতে কী আছে?,profile_menu_contents,"প্রোফাইল মেনুতে আপনার ব্যক্তিগত তথ্য, নিবন্ধন তথ্য এবং অ্যাকাউন্ট সেটিংস থাকবে।"
পোস্টাল ভোট বিডি অ্যাপে পলিসি মেনুতে কী পাব?,policy_menu_contents,"পলিসি মেনুতে অ্যাপ ব্যবহারের নিয়মাবলী, গোপনীয়তা নীতি এবং অন্যান্য গুরুত্বপূর্ণ তথ্য পাবেন।"
পোস্টাল ভোট বিডি অ্যাপে দেওয়া আমার তথ্য কি নিরাপদ থাকবে?,data_security_assurance,"হ্যাঁ, সব তথ্য গোপনীয়া রাখা হবে এবং শুধুমাত্র যাচাইকরণের জন্য ব্যবহার করা হবে।"
পোস্টাল ভোট বিডি অ্যাপে প্রক্রিয়া সম্পন্ন করতে কী কী প্রয়োজন?,process_requirements,"পোস্টাল ভোট বিডি অ্যাপে প্রক্রিয়া সম্পন্ন করতে আপনার বৈধ জাতীয় পরিচয়পত্র (NID), বৈধ পাসপোর্ট, বিদেশের সম্পূর্ণ ঠিকানা থাকতে হবে। এছাড়া ভালো ইন্টারনেট সংযোগ, ক্যামেরা সহ স্মার্টফোন ও পর্যাপ্ত আলোকিত স্থান প্রয়োজন হবে। ব্যালট ট্র্যাকিং এবং ভোট প্রদান"
পোস্টাল ভোট বিডি অ্যাপে ব্যালট ট্র্যাকিং কী?,ballot_tracking_definition,নির্বাচনের নির্দিষ্ট সময়ে আপনি আপনার ব্যালট পেপারের সম্পূর্ণ অবস্থা দেখতে পারবেন। এটি ব্যালট বক্স এবং ট্র্যাকিং আইকন দিয়ে চিহ্নিত। এর মাধ্যমে ভোট প্রদানের প্রতিটি ধাপ ট্র্যাক করা যায়।
কখন পোস্টাল ভোট বিডি অ্যাপে ব্যালট ট্র্যাক বাটন সক্রিয় হয়?,ballot_tracking_button_activation,নির্দিষ্ট সময়ে ব্যালট ট্র্যাক করুন বাটন সবুজ রঙে সক্রিয় হবে। সক্রিয় হওয়ার আগে বাটনটি ধূসর রঙে নিষ্ক্রিয় থাকবে।
পোস্টাল ভোট বিডি অ্যাপে ব্যালট ট্র্যাকিং স্ক্রিনে কী কী ধাপ দেখা যায়?,ballot_tracking_steps,ব্যালট ট্র্যাকিং স্ক্রিনে যেসব ধাপগুলো দেখা যায় তা হলোঃ ধাপ ১: ব্যালট তৈরি হয়েছে। ধাপ ২: ব্যালট প্রেরণ করা হয়েছে। ধাপ ৩: ভোটার ব্যালট গ্রহণ করেছেন।। ধাপ ৪: ভোটার ব্যালট ফেরত দিয়েছেন। ধাপ ৫: ব্যালটটি বাংলাদেশে পৌঁছেছে। ধাপ ৬: রিটার্নিং কর্মকতা আপনার ব্যালটটি গ্রহণ করেছেন।
পোস্টাল ভোট বিডি অ্যাপে ট্র্যাকিং স্ট্যাটাস কীভাবে বোঝা যায়?,tracking_status_meaning,"যে ধাপ সম্পন্ন হয়েছে তাতে সবুজ মার্ক থাকবে। যে ধাপগুলো এখনো শুরু হয়নি, সেগুলোতে নিষ্ক্রিয়ি বা ধূসর মার্ক থাকবে। প্রতিটি স্ট্যাটাস রিয়েল-টাইমে আপডেট হবে।"
পোস্টাল ভোট বিডি অ্যাপে কখন QR স্ক্যান বাটন সক্রিয় হয়?,qr_scan_button_activation,"যখন ব্যালট আপনার কাছে পৌঁছাবে, তখনই আপনার ব্যালট স্ক্যান করুন বাটন সক্রিয় হবে।"
পোস্টাল ভোট বিডি অ্যাপে QR কোড স্ক্যান করা কি বাধ্যতামূলক?,qr_scan_mandatory,QR কোড স্ক্যান করা ছাড়া ভোটদান প্রক্রিয়া সম্পূর্ণ করা যাবে না। স্ক্যান করার মাধ্যমে ব্যালটের সত্যতা যাচাই হবে এবং এটি নিশ্চিত করবে যে ব্যালট পেপারটি আসল ও আপনার জন্য।
পোস্টাল ভোট বিডি অ্যাপে QR কোড কীভাবে স্ক্যান করব?,qr_scan_instructions,"অ্যাপ ওপেন করে মোবাইলের ক্যামেরা QR কোডের উপর রাখুন, ব্যালট পেপারটি সামনে নিন এবং QR কোড খুঁজে বের করুন। স্ক্যান না হওয়া পর্যন্ত স্থির থাকুন।"
পোস্টাল ভোট বিডি অ্যাপে QR স্ক্যানের পর লাইভনেস চেকআপ কেন প্রয়োজন?,post_qr_liveness_requirement,"এটি নিশ্চিত করবে যে, আপনি নিজেই ভোট দিচ্ছেন। এটি নিরাপত্তার জন্য খুবই গুরুত্বপূর্ণ।"
"আমার শুধু পাসপোর্ট আছে, আমি কি পোস্টাল ভোট বিডি অ্যাপের মাধ্যমে ভোটে অংশগ্রহণ করতে পারব?",nid_required_for_registration,নিবন্ধনের জন্য বৈধ জাতীয় পরিচয়পত্র (NID) থাকা আবশ্যক।
পোস্টাল ভোট বিডি অ্যাপের মাধ্যামে ভোট দেওয়ার আগে কী ভিডিও দেখা বাধ্যতামূলক?,pre_voting_video_mandatory,ভিডিও দেখা বাধ্যতামূলক।
পোস্টাল ব্যালট প্যাকেটে কী কী জিনিস থাকে?,ballot_packet_contents,"পোস্টাল ব্যালট প্যাকেটে পাঠানো প্যাকেটে থাকেঃ ১. একটি বড় সাদা খাম বা বাইরের খাম ২. একটি বড় হলুদ খাম বা Return Envelope এতে রিটার্নিং অফিসারের ঠিকানা লেখা থাকে। ৩. একটি ছোট সাদা খাম বা Secret Ballot Envelope ভোটের গোপনীয়তা রক্ষার জন্য। ৪. ব্যালট পেপার (প্রার্থীর প্রতীক সহ, ছবি ছাড়া) ৫. ঘোষণাপত্র বা Declaration Form এতে আপনার স্বাক্ষর ও তারিখ দিতে হবে। এবং ৬. নির্দেশিকা।"
পোস্টাল ব্যালট পেপারে কীভাবে ভোট দিতে হয়?,ballot_marking_instructions,আপনার পছন্দের প্রার্থীর প্রতীকের পাশের খালি ঘরে একটি টিক (✓) অথবা ক্রস (×) চিহ্ন দিন।
পোস্টাল ব্যালটে একাধিক প্রার্থীকে ভোট দিলে কী হবে?,multiple_marks_invalid_vote,শুধুমাত্র একটি ঘরে চিহ্ন দিতে হবে। একাধিক ঘরে চিহ্ন দিলে আপনার ভোট বাতিল হয়ে যাবে।
পোস্টাল ব্যালট পেপারে ভোট দেওয়ার পর অ্যাপে কী করতে হয়?,post_ballot_vote_confirmation,অ্যাপের ভোটিং স্ক্রিনে ফিরে এসে চেকবক্সে টিক দিয়ে ভোট দিয়েছি বাটনে ক্লিক করে নিশ্চিত করতে হবে যে আপনি ভোট দিয়েছেন
পোস্টাল ব্যালটে ভোট দেওয়ার পর ব্যালট কীভাবে প্যাকিং করতে হয়?,ballot_packing_instructions,পোস্টাল ব্যালটে ভোট দেওয়ার পর ভোট দেওয়া ব্যালট পেপার ছোট সাদা খামে ঢুকিয়ে মুখ বন্ধ করুন। এই ছোট সাদা খাম এবং স্বাক্ষর করা ঘোষণাপত্র বড় হলুদ খামে রাখুন। হলুদ খামের মুখ ভালোভাবে বন্ধ করে সিল করুন।
পোস্টাল ব্যালট খাম কোথায় জমা দিতে হবে?,ballot_envelope_submission,নিকটস্থ পোস্ট অফিসে বা পোষ্ট বক্সে জমা দিতে হবে।
পোস্টাল ব্যালট খাম পাঠাতে কি কোনো টাকা লাগে?,ballot_envelope_postage_free,"খামটি পাঠাতে আপনার কোনো টাকা লাগবে না, ডাক মাশুল পূর্বেই পরিশোধিত আছে। পোস্টাল ভোট বিডি অ্যাপ"
পোস্টাল ভোট বিডি অ্যাপে যাচাইকরণ প্রক্রিয়াধীন থাকলে আমার কী করা উচিত?,verification_in_progress_wait,ধৈর্য ধরে অপেক্ষা করতে হবে। যাচাইকরণ সম্পন্ন হলে আপনি নোটিফিকেশন পাবেন।
পোস্টাল ভোট বিডি অ্যাপে পাসওয়ার্ড পরিবর্তনের প্রক্রিয়া কী?,password_change_process,পোস্টাল ভোট বিডি অ্যাপে পাসওয়ার্ড পরিবর্তনের প্রক্রিয়া হলো ১. প্রোফাইল মেনুতে যান।২.পাসওয়ার্ড পরিবর্তন করুন অপশনে ক্লিক করুন। ৩. বর্তমান পাসওয়ার্ড দিন। ৪. নতুন পাসওয়ার্ড দিন এবং নিশ্চিত করুন। ৫.সংরক্ষণ করুন বাটনে ক্লিক করুন।
পোস্টাল ভোট বিডি অ্যাপে অ্যাপের ভাষা কীভাবে পরিবর্তন করব?,app_language_change,পোস্টাল ভোট বিডি অ্যাপে অ্যাপের ভাষা পরিবর্তন করতে হলে ১. প্রোফাইল মেনুতে যান। ২.ভাষা পরিবর্তন করুন অপশনে ক্লিক করুন। ৩. বাংলা বা English নির্বাচন করুন। ৪.সংরক্ষণ করুন বাটনে ক্লিক করুন।
পোস্টাল ভোট বিডি অ্যাপে নোটিফিকেশন স্ক্রিন কী তথ্য প্রদান করে?,notification_screen_info,এটি আপনার ভোট প্রদান সম্পর্কিত যাবতীয় তথ্য সংরক্ষণ করে।
পোস্টাল ভোট বিডি অ্যাপে গোপনীয়তা এবং নীতিমালা মেনুটি কোথায় পাওয়া যায়?,privacy_policy_menu_location,ব্যবহারকারীরা অ্যাপের নিচের নেভিগেশন বারে থাকা পলিসি মেনু থেকে অথবা প্রোফাইল সেকশন থেকে গোপনীয়তা এবং নীতিমালা মেনুটি নির্বাচন করে সম্পূর্ণ তথ্য দেখতে পারবেন।
পোস্টাল ভোট বিডি অ্যাপ ব্যবহারের আগে কী করার পরামর্শ দেওয়া হয়?,pre_use_privacy_policy_read,অ্যাপ ব্যবহার করার আগে গোপনীয়তা নীতি ভালোভাবে পড়ার পরামর্শ দেওয়া হয়।
পোস্টাল ভোট বিডি অ্যাপ এর জন্য সহায়তা কেন্দ্র কী?,help_center_definition,সহায়তা কেন্দ্র মেনু থেকে ব্যবহারকারীরা সম্পূর্ণ সহায়থা এবং নির্দেশনা পেতে পারবেন। এই অংশে ভোটদান প্রক্রিয়ার প্রতিটি ধাপে সাহায্যের জন্য বিভিন্ন মাধ্যম এবং শিক্ষামূলক উপকরণ রয়েছে।
পোস্টাল ভোট বিডি অ্যাপের সহায়তা কেন্দ্রে কীভাবে প্রবেশ করা যায়?,help_center_access,সহায়তা কেন্দ্র দুইভাবে অ্যাক্সেস করা যাবে: ১। হোম স্ক্রিন থেকে: উপরের ডান পাশে (?) আইকনে ক্লিক করে। ২। প্রোফাইল পেজ থেকে: প্রোফাইল পেজের বাম পাশে (?) আইকনে ক্লিক করে।
পোস্টাল ভোট বিডি অ্যাপের সহায়তা কেন্দ্রে কী কী পাওয়া যায়?,help_center_contents,"সহায়তা কেন্দ্রে নিম্নলিখিত তথ্য এবং সেবাগুলি পাওয়া যায় । প্রায়শই জিজ্ঞাসিত প্রশ্ন (FAQ): সাধারণ প্রশ্নের উত্তর, ভোটদান প্রক্রিয়া সম্পর্কিত তথ্য এবং সমস্যা সমাধানের দ্রুত উপায়। ভিডিও টিউটোরিয়াল: ধাপে ধাপে ভোটদান প্রক্রিয়া এবং অ্যাপ ব্যবহারের নির্দেশনা। দেশভিত্তিক কল সেন্টার: আপনার বর্তমান অবস্থান অনুযায়ী স্থানীয় ভাষায় সহায়তা পাওয়ার জন্য হটলাইন নম্বর এবং কর্মঘণ্টা। ব্যবহারকারী গাইড: সম্পূর্ণ ব্যবহার নির্দেশিকা, প্রতিটি ফিচারের বিস্তারিত ব্যাখ্যা এবং সমস্যা সমাধানের টিপস। প্রযুক্তিগত সহায়তা: অ্যাপ সংক্রান্ত সমস্যা, লগইন সমস্যা বা QR কোড স্ক্যানিং সহায়তা সমাধান।"
পোস্টাল ভোট বিডি অ্যাপ সম্পর্কিত কল সেন্টারে কি বাংলা ভাষায় সহায়তা পাওয়া যায়?,call_center_bengali_support,বাংলা ভাষায় সহয়তা পাওয়া যাবে।
পোস্টাল ভোট বিডি অ্যাপ ব্যবহারে কখন আমার সহায়তা নেওয়া উচিত?,when_to_seek_help,"অ্যাপ ব্যবহারে কোনো সমস্যা হলে, ভোটদান প্রক্রিয়া বুঝতে না পারলে, প্রযুক্তিগত ত্রুটি দেখা দিলে, যেকোনো প্রশ্ন বা সংশয় থাকলে।"
পোস্টাল ভোট বিডি অ্যাপ ব্যবহারে সহায়তা সেবার ক্ষেত্রে গুরুত্বপূর্ণ বিষয়গুলি কী কী?,help_service_key_points,"পোস্টাল ভোট বিডি অ্যাপের সেবা গুলো হলো- (১) ইহা বিনা মুল্যে পাওয়া যায়, (২) প্রতিটি দেশে ২৪/৭ সহায়তা পাওয়া যায়, (৩) আপনার তথ্য গোপন থাকবে।"
পোস্টাল ভোট বিডি অ্যাপ ব্যবহারে কোনো সমস্যা হলে কী করার পরামর্শ দেওয়া হয়?,problem_help_suggestion,"পরামর্শ হলো, কোনো সমস্যা হলে দেরি না করে (?) আইকনে ক্লিক করে সহায়থা নিন।"
পোস্টাল ভোট বিডি অ্যাপ থেকে আমি কিভাবে লগআউট করব?,logout_steps,আপনি প্রোফাইল পেজে যান এবং সেখানে সবুজ রঙের লগআউট বাটনে ক্লিক করুন।
পোস্টাল ভোট বিডি অ্যাপ থেকে লগআউটের পর পুনরায় লগইন করার জন্য কী তথ্য প্রয়োজন?,relogin_credentials_required,লগআউটের পর পুনরায় লগইন করতে আপনার ইউজারনেম এবং পাসওয়ার্ড প্রয়োজন।
পোস্টাল ভোট বিডি অ্যাপের নিরাপত্তার জন্য কী পরামর্শ দেওয়া হয়?,security_best_practices,"নিরাপত্তার জন্য কাজ শেষে লগআউট করার অভ্যাস করুন, বিশেষ করে পাবলিক স্থানে ব্যবহারের পর অবশ্যই লগআউট করুন। বিশেষ প্রশ্নোত্তর ১০ (দশ) টি"
স্বামীর ঠিকানায় ভোটার হতে কি কি কাগজপত্র লাগে?,nid_new_registration_01,"স্বামীর ঠিকানায় ভোটার হতে আপনার অনলাইন জন্ম সনদ, নাগরিকত্ব সনদ, প্রযোজ্য ক্ষেত্রে শিক্ষা সনদ (যদি থাকে), কাবিননামা ও স্বামীর এনআইডির কপি প্রভৃতি কাগজপত্র লাগে।"
পিতামাতার সাথে সম্পর্ক নেই ফলে তাঁদের এনআইডি’র কপি প্রদান করা সম্ভব হচ্ছেনা। এমতাবস্থায় নতুন নিবন্ধন করতে বা ভোটার হতে কি কি কাগজপত্র জমা দিতে হবে?,nid_new_registration_02,এক্ষেত্রে উপজেলা/ থানা নির্বাচন কর্মকর্তা ও রেজিস্ট্রেশন কর্মকর্তার পরামর্শ গ্রহণ  করুন।
"আমার ফরম নম্বর হারিয়ে গেছে এখন নাম, জন্মতারিখ, জন্মনিবন্ধন নম্বর দিয়ে ডাউনলোড করতে পারবো?",nid_new_registration_03,এক্ষেত্রে উপজেলা/ থানা নির্বাচন কর্মকর্তা ও রেজিস্ট্রেশন কর্মকর্তার পরামর্শ গ্রহণ  করুন।
Match Found হয়ে আছে নতুন ভোটার এ আবেদন করার পর এনআইডি পাচ্ছিনা কি করতে হবে?,nid_new_registration_04,এক্ষেত্রে উপজেলা/ থানা নির্বাচন কর্মকর্তা ও রেজিস্ট্রেশন কর্মকর্তার পরামর্শ গ্রহণ  করুন।
এনআইডি পোর্টাল থেকে নতুন ভোটারের আবেদন করলে তথ্য ভুল হলে আবেদন কিভাবে বাতিল করা যায়?,nid_new_registration_05,এক্ষেত্রে উপজেলা/ থানা নির্বাচন কর্মকর্তা ও রেজিস্ট্রেশন কর্মকর্তার পরামর্শ গ্রহণ  করুন।
এনআইডি পোর্টাল থেকে কি ভোটার নাম্বার পাওয়া যায়?,nid_new_registration_06,এনআইডি পোর্টাল হতে ভোটার নম্বর পাওয়া যায় না।
"এনআইডি পোর্টাল এ একটি ড্রাফট এপ্লিকেশন আছে, এই ড্রাফট এপ্লিকেশন কিভাবে বাতিল করবো?",nid_new_registration_07,সর্ব প্রথম আপনার একাউন্টে লগ ইন করুন; তারপর রি-ইস্যু বাটনে ক্লিক করুন। পরিশেষে “বাতিল ও সম্পাদনা” বাটনে ক্লিক করুন।
মাইগ্রেশন করতে কত টাকা লাগে?,nid_fee_01,মাইগ্রেশন করতে কোন ফি লাগে না।
এনআইডিতে ছবি পরিবর্তন করবো কত টাকা ফি দিতে হবে?,nid_fee_02,"এনআইডিতে ছবি পরিবর্তন করতে ১ম বার ২৩০ টাকা, ২য় বার ৩৪৫ টাকা, ৩য় বার ৫৭৫ টাকা হারে ফি দিতে হবে।"
Bio-update এর জন্য ফি কত?,nid_fee_03,বায়োমেট্রিক আপডেট এর জন্য কোন ফি প্রদান করতে হয় না।
"ভুলবশত অন্য কারো এনআইডিতে টাকা চলে গেছে, সেই টাকা ফেরৎ পাব কিভাবে?",nid_fee_04,ভুলবশত অন্য কারো এনআইডিতে টাকা চলে গেলে তা ফেরত পাবেন না।
সার্ভার কপির জন্য কোন ফি দিতে হয় কিনা?,nid_fee_05,সার্ভার কপির জন্য ২৩০ টাকা ফি প্রদান করতে হয়।
নতুন নিবন্ধনের জন্য কোন ফি দিতে হবে কিনা?,nid_fee_06,নতুন নিবন্ধনের জন্য কোন ফি দিতে হয় না।
Match Found ঠিক করার জন্য কি কোন ফি দিতে হবে?,nid_fee_07,Match Found ঠিক করার জন্য কোন ফি দিতে হয় না।
ফি সংক্রান্ত বিষয়ে আপনাদের ওয়েবসাইটে কি কোন তথ্য দেওয়া আছে?,nid_fee_08,নির্বাচন কমিশনের ওয়েব সাইটে বিস্তারিত তথ্য দেওয়া রয়েছে।
আমি আমার Smart Card হারিয়ে ফেলেছি। এক্ষেত্রে ফি দিয়ে কি দ্বিতীয় বারের মত কি ধরনের কার্ড পাব?,nid_fee_09,এক্ষেত্রে নির্বাচন কমিশনের নিয়মানুসারে লেমিনেটেড কার্ড পাবেন।
রি- ইস্যু আবেদনের জন্য কোন ওয়েব সাইটে গিয়ে আবেদন করতে হবে?,nid_reissue_01,রি- ইস্যু আবেদনের জন্য services.nidw.gov.bd সাইটে গিয়ে আবেদন করতে হবে।
রি- ইস্যু আবেদন ফি কিভাবে দিব?,nid_reissue_02,অনুমোদিত মোবাইল ব্যাংকিং সেবা থেকে সরকারী ফি নির্বাচন করুন। এরপর ‘এনআইডি সার্ভিস’ অপশনের মাধ্যমে ফি প্রদান করুন।
রি- ইস্যু সাধারন আবেদন ফি কত?,nid_reissue_03,"রি-ইস্যু সাধারন আবেদন ফি প্রথমবার ২৩০ টাকা, ২য় বার ৩৪৫ টাকা এবং পরবর্তীতে প্রতিবার ৫৭৫ টাকা।"
রি- ইস্যুর সাধারন আবেদন করেছি এখন কার্ডটি আমার আর্জেন্ট লাগবে কিভাবে করতে পারবো?,nid_reissue_04,এক্ষেত্রে উপজেলা/থানা নির্বাচন কর্মকর্তার পরামর্শ গ্রহণ করুন।
রি- ইস্যুর আবেদনের sms এসেছে এখন আমি কার্ড কোথায় থেকে সংগ্রহ করবো?,nid_reissue_05,আপনার একাউন্টে প্রবেশ করুন এবং কার্ডটি ডাউনলোড করুন। প্রয়োজনে উপজেলা/থানা নির্বাচন অফিসে যোগাযোগ                করুন।
রি -ইস্যুর আবেদন অনলাইনে নাকি অফলাইনে করবো?,nid_reissue_06,রি -ইস্যুর আবেদন অনলাইনে করুন।
আমার কাছে এনআইডি কোন কপি বা নাম্বার কিছুই নাই সেক্ষেত্রে রি-ইস্যু আবেদন করতে পারবো কিভাবে?,nid_reissue_07,এক্ষেত্রে উপজেলা/থানা নির্বাচন অফিসের সহায়তা গ্রহণ করুন।
সংশোধনের আবেদন ও রি -ইস্যুর আবেদন কী একই সাথে করা যাবে?,nid_reissue_08,সংশোধনের আবেদন ও রি -ইস্যুর আবেদন একই সাথে করা যায় না।
রি-ইস্যু আবেদন প্রক্রিয়া কাদের জন্য প্রযোজ্য?,nid_reissue_09,"যাদের NID কার্ড হারিয়ে গেছে, নষ্ট হয়েছে এবং ভোটার স্থানান্তর করেছেন তাঁদের জন্য প্রযোজ্য হতে পারে।"
এনাআইডি কার্ডে ধর্মের নাম ভুল আসলে  কি কি কাগজপত্র দিয়ে আবেদন করতে হবে?,nid_correction_online_01,এক্ষেত্রে অনলাইন জন্ম সনদ দিয়ে আবেদন করুন।
আমার এনআইডি কার্ডে Gender এর নাম পরিবর্তন হয়েছে । Male এর জায়গায় Female অথবা Female এর জায়গায় Male হয়েছে। কিভাবে সংশোধন করা যাবে?,nid_correction_online_02,এক্ষেত্রে অনলাইন জন্ম সনদ সংযুক্ত করে আবেদন করুন।
সংশোধনের জন্য ফি দেখাচ্ছে ৩৪৫ টাকা কিন্তু NID তে টাকা জমা দেওয়া হয়েছে ২৩০ টাকা । বাকি টাকা কিভাবে জমা দিতে পারি?,nid_correction_online_03,যে মাধ্যমে পূর্বে টাকা জমা দিয়েছেন সেখান থেকে “অন্যান্য তথ্য সংশোধন” অপশনের অনুকূলে ১১৫ টাকা জমা করুন।
NID কার্ডে বাবা-মায়ের মৃত্যু সাল সংযুক্ত করতে হলে কি কি কাগজপত্র জমা দিতে হবে?,nid_correction_online_04,পিতা-মাতার অনলাইন মৃত্যু সনদ জমা দিতে হবে।
জন্মসাল পরিবর্তন ৫ (পাঁচ) বছরের বেশি হলে কি কি কাগজপত্র দিয়ে আবেদন করতে হবে?,nid_correction_online_05,"জন্মসাল পরিবর্তনের জন্য অনলাইন জন্মসনদ, শিক্ষাগত যোগ্যতার সনদ, পাসপোর্ট (যদি থাকে), ড্রাইভিং লাইসেন্স (যদি থাকে), সিভিল সার্জন অফিস কর্তৃক প্রদেয় রেডিওলজিকাল রিপোর্ট সংযুক্ত করে অনলাইনে সংশোধনের আবেদন করুন।"
তথ্য সংশোধন আবেদন করার পরে কিভাবে আমি আমার আবেদন আপডেটের তথ্য পেতে পারি?,nid_correction_online_06,কলসেন্টার ১০৫ এ কল করে বা SMS এর মাধ্যমে আপডেট তথ্য পেতে পারেন।
"Status সরকারী চাকুরী হতে গৃহিনী হবে, কি কি ডকুমেন্ট লাগবে?",nid_correction_online_07,অনলাইন জন্ম সনদ এবং স্থানীয় জনপ্রতিনিধির প্রত্যয়নপত্র।
ভুলক্রমে পেশা সরকারী চাকুরি হয়ে গেছে। এখন পেশা পরিবর্তন করতে চাই। কিভাবে করবো?,nid_correction_online_08,অনলাইন জন্ম সনদ এবং স্থানীয় জনপ্রতিনিধির প্রত্যয়নসহ অনলাইনে আবেদন করুন।
দ্বৈত নাগরিকদের জন্য এনআইডি করার নির্দিষ্ট কোনো ফরম আছে কি?,nid_dual_citizenship_01,দ্বৈত নাগরিকদের জন্য এনআইডি করার নির্দিষ্ট কোনো ফরম নেই।
"আমি বিদেশে আছি, দূতাবাসের মাধ্যমে কি এনআইডি করা সম্ভব?",nid_dual_citizenship_02,"যে সকল দেশে ভোটার নিবন্ধন কার্যক্রম আরম্ভ হয়েছে , সেখানের দূতাবাসের মাধ্যমে এনআইডি করা সম্ভব।"
আমার সন্তানের জন্ম বিদেশে কিন্তু বাংলাদেশে ভোটার করতে চাই। কিভাবে করব?,nid_dual_citizenship_03,"এক্ষেত্রে অনলাইন জন্ম সনদ, নাগরিকত্ব সনদ, শিক্ষা সনদ ( যদি থাকে) ও অন্যান্য প্রয়োজনীয় ডকুমেন্ট সহ অনলাইনে আবেদন করুন। পরবর্তীতে র্উপজেলা/থানা নির্বাচন অফিসে গিয়ে বায়োমেট্রিক তথ্য প্রদান করুন।"
ভোটার এলাকা স্থানান্তর করতে কত টাকা ফি প্রদান করতে হয়?,nid_voter_area_transfer_01,ভোটার এলাকা স্থানান্তর করতে কোন ফি প্রদান করতে হয়না।
আমি ভোটার এলাকা স্থানান্তর করতে কোন এলাকায় যোগাযোগ করবো?,nid_voter_area_transfer_02,"যে এলাকায় আপনি ভোটার হতে চান, সেই এলাকার উপজেলা/ থানা নির্বাচন অফিসে যোগাযোগ করুন।"
ভোটার এলাকা স্থানান্তরের ফরম নম্বর কত?,nid_voter_area_transfer_03,ভোটার এলাকা স্থানান্তরের ফরম নম্বর হলো ১৩।
ভোটার এলাকা স্থানান্তরের ১৩ নম্বর ফরম কি অনলাইনে পাওয়া যায় নাকি উপজেলা নির্বাচন অফিস থেকে সংগ্রহ করতে হবে?,nid_voter_area_transfer_04,আপনি অনলাইন থেকে ফরম ডাউনলোড করতে পারবেন এবং উপজেলা/ থানা নির্বাচন অফিস থেকেও সংগ্রহ করতে পারবেন।
আমি ভোটার এলাকা স্থানান্তর করতে চাই। আমার নামের কিছু আংশিক পরিবর্তন করতে হবে। আমি কি একসাথে আবেদন করতে পারব?,nid_voter_area_transfer_05,সংশোধন ও স্থানান্তর  আবেদন একসঙ্গে করা যায় না।
আমি স্থায়ী ঠিকানায় ভোটার। আমি ভোটার স্থানান্তর করলে কি স্থায়ী ঠিকানা পরিবর্তন হয়ে যাবে?,nid_voter_area_transfer_06,এক্ষেত্রে আপনার স্থায়ী ঠিকানা পরিবর্তন হবে না।
আমি পূর্বে স্মার্ট কার্ড পেয়েছিলাম। আমি ঠিকানা পরিবর্তন করেছি। আমি কি পূনরায় স্মার্ট কার্ড পাবো?,nid_voter_area_transfer_07,নির্বাচন কমিশন এর নিয়মানুসারে ২য় বার স্মার্ট কার্ড পাওয়ার সুযোগ নেই। তবে প্রয়োজন অনুসারে লেমিনেটেড কার্ড সংগ্রহ করতে পারবেন।
ভোটার স্থানান্তরের আবদেন কতবার করা যায়?,nid_address_update_01,আবেদনের সুনির্দিষ্ট সংখ্যা নেই। তবে প্রয়োজনের ভিতিত্তে আবেদন করতে পারবেন ।
"পিতা-মাতার অনেক আগে তালাক হয়েছে, ব্যক্তির এনআইডি তে ২য় পিতার নাম দেওয়া রয়েছে। এখন ব্যক্তি তার বায়োলজিক্যাল পিতার ঠিকানায় স্থায়ী ঠিকানা হিসেবে পরিবর্তন করতে চায়। কি করনীয়?",nid_address_update_02,সর্বপ্রথম এনআইডিতে পিতার নাম সংশোধনের ব্যবস্থা গ্রহণ করতে হবে। অতঃপর পিতার নামীয় দলিলাদি ব্যবহার করে ঠিকানা পরির্বতন করা যাবে।
"ভোটার স্থানান্তরের আবেদন অনুমোদন হয়েছে। নতুন ঠিকানা সম্বলিত কার্ড রি-ইস্যু এর জন্য আবেদন করতে গিয়ে দেখা যায় স্থায়ী ঠিকানায় উপজেলা এবং ইউনিয়ন উল্লেখ নেই, কি করনীয়?",nid_address_update_03,উপজেলা/ থানা নির্বাচন অফিস হতে তথ্য সম্পূর্ণের জন্য আবেদন করুন।
"ব্যক্তি ঢাকায় ভোটার হয়েছেন। ভোটার স্থানান্তরের মাধ্যমে বর্তমান ঠিকানা যশোরে স্থানান্তরিত হয়েছে। স্থায়ী ঠিকানা পরিবর্তনের ক্ষেত্রে কোন দলিলাদি নেই, কি করনীয়?",nid_address_update_04,এক্ষেত্রে উপজেলা/ থানা নির্বাচন কর্মকর্তার পরামর্শ গ্রহণ করুন।
১ম স্বামী মারা যাওয়ায় ২য় স্বামীর বাড়ীর ঠিকানায় ভোটার স্থানান্তর করতে কি কি কাগজপত্র লাগবে।,nid_address_update_05,স্থানীয় জনপ্রতিনিধি  কর্তৃক প্রদেয় প্রত্যয়ন বা নাগরিকত্ব সনদ এবং যেকোন ইউটিলিটি বিলের কপি যুক্ত করে আবেদন করুন।
স্থায়ী ঠিকানায় বাড়ির নম্বর না থাকলে কিভাবে লেখা উচিৎ?,nid_address_update_06,উক্ত স্থানে ‘-’ চিহ্নিত করে আবেদন করতে হবে।
"ঠিকানা ভুলের কারনে যদি এনআইডি কার্ডে ভোটার এরিয়া ভুল আসে, তখন কি করনীয়?",nid_address_update_07,এক্ষেত্রে ঠিকানা সংশোধন করুন।
এনআইডি সার্ভারে স্থায়ী ঠিকানা আপডেট হতে কত সময় লাগে?,nid_address_update_08,সাধারণত ৩০ কার্যদিবস সময় লাগে।
পিতা-মাতা কেউ নেই। এতিমখানায় বড় হয়েছে। সেক্ষেত্রে এনআইডি করতে কোন ঠিকানা দিবো?,nid_address_update_09,এনআইডি করতে বর্তমান ঠিকানা ব্যবহার করুন বা বসবাসের স্থান উল্লেখ করুন।
প্রবাসী অবস্থানকালীন বর্তমান ঠিকানা কিভাবে উল্লেখ হবে?,nid_address_update_10,জন্মসনদে উল্লেখিত “বর্তমান ঠিকানা” উল্লেখ করুন।
স্থায়ী ঠিকানার পোষ্ট অফিসের নাম ভুল এসেছে কিন্তু পোষ্টকোড নম্বর সঠিক রয়েছে। সেক্ষেত্রে কি করনীয়?,nid_address_update_11,অনলাইনে পোষ্ট অফিস সংশোধনের জন্য আবেদন করুন।
ঠিকানা পরিবর্তনের আবেদন করলে ভোটার তালিকায় কি পরিবর্তন আসে?,nid_address_update_12,ঠিকানা পরিবর্তন করলে পরিবর্তিত ভোটার এলাকায় নাম সংযোজন হয়।
স্থায়ী ঠিকানা সংশোধনের আবেদন প্রত্যাখান হলে কি করনীয়?,nid_address_update_13,প্রয়োজনীয় দলিলাদিসহ পুনরায় আবেদন করুন।
ফিংগারপ্রিন্ট একেবারেই নেই। করনীয় কি?,nid_afis_01,"জাতীয় পরিচয়পত্র অনুবিভাগের মহাপরিচালক বরাবর আবেদনপত্রে সংশ্লিষ্ট উপজেলা নির্বাচন অফিসার কর্তৃক সুপারিশসহ ইটিআই ভবন, ঢাকা ১০৪ নং কক্ষে স্বশরীরে উপস্থিত হয়ে NOC এর জন্য আবেদন করুন।"
হাত নেই। নতুন ভোটার হত চাই। করনীয় কি?,nid_afis_02,প্রথমে অনলাইনে আবেদন করুন। পরবর্তীতে প্রয়োজনীয় দলিলাদিসহ উপজেলা/থানা নির্বাচন অফিসে গিয়ে বায়োমেট্রিক  প্রদান করুন।
একটা/দুইটা চোখ নাই । নতুন ভোটার হত চাই। করনীয় কি?,nid_afis_03,প্রথমে অনলাইনে আবেদন করুন। পরবর্তীতে প্রয়োজনীয় দলিলাদিসহ উপজেলা/থানা নির্বাচন অফিসে গিয়ে বায়োমেট্রিক প্রদান করুন।
সিম কিনতে পারছিনা। কারন ফিংগারপ্রিন্ট একেবারেই নেই। করনীয় কি?,nid_afis_04,সংশ্লিষ্ট উপজেলা নির্বাচন অফিসে গিয়ে ফিঙ্গারপ্রিন্ট আপডেটের জন্য আবেদন করুন। আপডেটের পরেও সমাধান না        হলে নির্বাচন কমিশন সচিবালয় থেকে NOC সংগ্রহ করুন।
ভোট দিতে কি স্মার্ট কার্ডের প্রয়োজন হয়?,nid_misc_01,ভোট দিতে সাধারনত স্মার্ট কার্ডের প্রয়োজন হয় না।
অনলাইন ছাড়া আর কিভাবে আবেদন করা যেতে পারে?,nid_misc_02,উপজেলা বা থানা নির্বাচন অফিসে সরাসরি আবেদন করা করুন।
এনআইডি নম্বর কি পরিবর্তন করা যায়?,nid_misc_03,এনআইডি নম্বর পরিবর্তন করা যায় না।
জীবিত ব্যক্তির এনআইডিতে মৃত স্ট্যটাস থাকলে করনীয় কি?,nid_misc_04,জাতীয় পরিচয়পত্র অনুবিভাগেরমহাপরিচালক মহোদয় বরাবর অনলাইন জন্মসনদ ও নাগরিকত্ব সনদ সহ সংশ্লিষ্ট উপজেলা নির্বাচন অফিসারের মাধ্যমে স্ট্যাটাস পরিবর্তনের আবেদন করুন।
মৃত ব্যক্তির তথ্য কিভাবে সংগ্রহ করতে পারি?,nid_misc_05,উপজেলা/থানা নির্বাচন অফিসারের মাধ্যমে জাতীয় পরিচয় নিবন্ধন অনুবিভাগের মহাপরিচালক বরাবর আবেদন করুন।
এনআইডি কার্ড বাতিল করা যাবে কি না?,nid_misc_06,সাধারনত এনআইডি কার্ড বাতিল করা যায় না।
আমি এতিমখানায় বড় হয়েছি। আমার পিতা-মাতার পরিচয় নেই। আমি কি ভোটার হতে পারবো?,nid_misc_07,আপনি ভোটার হতে পারবেন। এক্ষেত্রে পিতা ও মাতার নামের স্থলে “অপ্রাপ্য” উল্লেখ করুন।
জাতীয় পরিচয়পত্র সংশোধন আবেদন কোন কোন ক্যাটাগরিতে বিভাজন করা হয়?,nid_correction_categories_01,"সংশোধনের জন্য দাখিলকৃত আবেদনসমূহ ক, ক-১, খ, খ-১, গ, গ-১ এবং ঘ ক্যাটাগরিতে বিভাজন করা হয়।"
‘ক’ ক্যাটাগরির আবেদন কে নিষ্পত্তি করেন?,nid_correction_category_approver_01,‘ক’ ক্যাটাগরির আবেদন উপজেলা/থানা নির্বাচন কর্মকর্তা নিষ্পত্তি করেন।
‘ক-১’ ক্যাটাগরির আবেদন কে নিষ্পত্তি করেন?,nid_correction_category_approver_02,‘ক-১’ ক্যাটাগরির আবেদন সহকারী উপজেলা নির্বাচন কর্মকর্তা নিষ্পত্তি করেন ।
‘খ’ ক্যাটাগরির আবেদন কে নিষ্পত্তি করেন?,nid_correction_category_approver_03,‘খ’ ক্যাটাগরির আবেদন সিনিয়র জেলা নির্বাচন কর্মকর্তা/জেলা নির্বাচন কর্মকর্তা নিষ্পত্তি করেন ।
‘খ-১’ ক্যাটাগরির আবেদন কে নিষ্পত্তি করেন?,nid_correction_category_approver_04,‘খ-১’ ক্যাটাগরির আবেদন অতিরিক্ত জেলা নির্বাচন কর্মকর্তা নিষ্পত্তি করেন।
‘গ’ ক্যাটাগরির আবেদন কে নিষ্পত্তি করেন?,nid_correction_category_approver_05,‘গ’ ক্যাটাগরির আবেদন আঞ্চলিক নির্বাচন কর্মকর্তা নিষ্পত্তি করেন ।
‘গ-১’ ক্যাটাগরির আবেদন কে নিষ্পত্তি করেন?,nid_correction_category_approver_06,‘গ-১’ ক্যাটাগরির আবেদন অতিরিক্ত আঞ্চলিক নির্বাচন কর্মকর্তা নিষ্পত্তি করেন ।
‘ঘ’ ক্যাটাগরির আবেদন কে নিষ্পত্তি করেন?,nid_correction_category_approver_07,‘ঘ’ ক্যাটাগরির আবেদন জাতীয় পরিচয় নিবন্ধন অনুবিভাগের মহাপরিচালক নিষ্পত্তি করেন ।
ধর্মান্তরের কারণে ধর্ম পরিবর্তন করতে কি কি দলিলাদি প্রয়োজন?,nid_religion_change_documents_01,এক্ষেত্রে প্রয়োজনীয় দলিলাদি হলো- (১) জুডিশিয়াল ম্যাজিস্ট্রেটের সম্মুখে সম্পাদিত হলফনামা। (২) মেয়র/চেয়ারম্যান কর্তৃক প্রদত্ত প্রত্যয়নপত্র। (৩) শিক্ষাসনদ থাকলে তা ৩ মাসের মধ্যে সংশোধনের অঙ্গিকারনামা। (৪) রেজিস্ট্রার্ড কাজী কর্তৃক প্রদত্ত কাবিননামা (প্রযোজ্য ক্ষেত্রে)।
জাতীয় পরিচয়পত্রের মেয়াদ ইস্যুর তারিখ থেকে কতদিন পর্যন্ত বৈধ থাকে?,nid_card_validity_period_01,জাতীয় পরিচয়পত্রের মেয়াদ ইস্যুর তারিখ থেকে ১৫ বছর পর্যন্ত বৈধ থাকে।
জাতীয় পরিচয়পত্রের বৈধতার মেয়াদ শেষ হওয়ার কতদিন পূর্বে পূনঃনিবন্ধের আবেদন করতে হয়?,nid_reregistration_timing_01,মেয়াদোত্তীর্ণ হওয়ার কমপক্ষে ৬ মাস পূর্বে পূনঃনিবন্ধের আবেদন করতে হয়।
মেয়াদোত্তীর্ণ জাতীয় পরিচয়পত্র পূনঃনিবন্ধন ফি কত টাকা?,nid_reregistration_fee_01,মেয়াদোত্তীর্ণ জাতীয় পরিচয়পত্রের পূনঃনিবন্ধন ফি ১১৫ টাকা।
কোন কোন মোবাইল ব্যাংকিং এর মাধ্যমে “জাতীয় পরিচয়পত্র সেবা ফি” পরিশোধ করা যায়?,nid_fee_payment_channels_01,"বিকাশ, নগদ, রকেট, উপায়, টেলিটক মোবাইল ব্যাংকিং এর মাধ্যমে “জাতীয় পরিচয়পত্র সেবা ফি” পরিশোধ করা যায়।"
কোন আবেদন নামঞ্জুর হলে তা কতদিনের মধ্যে ব্যক্তিকে অবহিত করতে হবে?,nid_application_rejection_notice_time_01,৪৫ কার্যদিবসের মধ্যে অবহিত করতে হবে।
জাতীয় পরিচয়পত্র সংক্রান্ত কোন আপিল প্রাপ্তির কত দিনের মধ্যে তা নিষ্পত্তি করতে হবে?,nid_appeal_disposal_time_01,৬০ কার্যদিবসের মধ্যে তা নিষ্পত্তি করতে হবে।
জাতীয় পরিচয়পত্র সংক্রান্ত অনলাইন বা অফলাইন আবেদন ও সংযুক্ত দলিলাদি যাচাইয়ান্তে মঞ্জুর বা না-মঞ্জুর করার সময়সীমা কত দিন?,nid_application_verification_time_01,৩০ দিন।
কোন ব্যক্তি বা প্রতিষ্ঠান কর্তৃক জাতীয় পরিচয়পত্রের তথ্য-উপাত্ত সরবরাহের আবেদন ফি কত?,nid_data_supply_fee_01,"তথ্য-উপাত্ত সরবরাহ ফি দুইশত টাকা এবং ভ্যাট ৩০ টাকা, মোট ২৩০ টাকা।"
রি-ইস্যু আবেদন কোন কোন কর্মকর্তা নিষ্পত্তি করেন?,nid_reissue_approvers_01,উপজেলা/থানা নির্বাচন কর্মকর্তা এবং সহকারী উপজেলা/থানা নির্বাচন কর্মকর্তা রি-ইস্যু আবেদন নিষ্পত্তি করেন।
আঙ্গুলের ছাপ প্রদান করেছি আপডেট হয়েছে কি না?,nid_biometric_update_status_01,"দুঃখিত, আপনার প্রশ্নের উত্তরটি আমার জানা নেই। আপনার এই প্রশ্নের উত্তর জানতে ১০৫-এ কল করে সরাসরি আমাদের প্রতিনিধির সাথে কথা বলুন, ধন্যবাদ।"
"আঙ্গুলের ছাপ প্রদান করেছিলাম, অনুমোদন হয়েছে কি না?",nid_biometric_update_status_02,"দুঃখিত, আপনার প্রশ্নের উত্তরটি আমার জানা নেই। আপনার এই প্রশ্নের উত্তর জানতে ১০৫-এ কল করে সরাসরি আমাদের প্রতিনিধির সাথে কথা বলুন, ধন্যবাদ।"
"বায়োমেট্রিক স্ট্যাটাস ‘Add pending’ ছিল, আপডেট হয়েছে কি না?",nid_biometric_update_status_03,"দুঃখিত, আপনার প্রশ্নের উত্তরটি আমার জানা নেই। আপনার এই প্রশ্নের উত্তর জানতে ১০৫-এ কল করে সরাসরি আমাদের প্রতিনিধির সাথে কথা বলুন, ধন্যবাদ।"
"জাতীয় পরিচয়পত্র থাকা সত্ত্বেও আঙ্গুলের ছাপ না মেলার কারণে মোবাইল সিম কিনতে পাচ্ছি না, করণীয় কি?",nid_fingerprint_mismatch_sim_issue_01,এক্ষেত্রে জাতীয় তথ্য ভাণ্ডারে আপনার আঙ্গুলের ছাপ আপডেট করুন।
"জাতীয় তথ্য ভাণ্ডারে আঙ্গুলের ছাপ আপডেট করেছি তবুও কাজ হচ্ছে না, কি করণীয়?",nid_biometric_update_not_working_01,এক্ষেত্রে জাতীয় পরিচয় নিবন্ধন অনুবিভাগ থেকে ‘NOC’ সংগ্রহ করুন।
"আমার আঙ্গুলের ছাপ নাই, সিম কিনতে পারছি না, করণীয় কি?",nid_missing_fingerprint_sim_issue_01,এক্ষেত্রে জাতীয় পরিচয় নিবন্ধন অনুবিভাগ থেকে ‘NOC’ সংগ্রহ করুন।
"আমার আঙ্গুল নাই, ট্যাক্স জমা দিতে পারছি না, করণীয় কি?",nid_missing_finger_tax_issue_01,এক্ষেত্রে জাতীয় পরিচয় নিবন্ধন অনুবিভাগ থেকে ‘NOC’ সংগ্রহ করুন।
আমার এনআইডি’র বিপরীতে যে সেবা ফি পরিশোধ করেছি তা কি ব্যবহৃত হয়েছে?,nid_fee_usage_status_01,"দুঃখিত, আপনার প্রশ্নের উত্তরটি আমার জানা নেই। আপনার এই প্রশ্নের উত্তর জানতে ১০৫-এ কল করে সরাসরি আমাদের প্রতিনিধির সাথে কথা বলুন, ধন্যবাদ।"
"আমি ভুল করে অন্যের এনআইডি’র বিপরীতে যে সেবা ফি পরিশোধ করেছি, রিফান্ডের ব্যবস্থা আছে কি?",nid_fee_wrong_nid_refund_01,এক্ষেত্রে ভুল নম্বরে প্রেরিত ফি রিফান্ডের ব্যবস্থা নেই।
"সংশোধনের আবেদন করেছি দীর্ঘদিন হয়েছে, এখন আমার কাছ থেকে উপজেলা অফিস ঘুষ চাচ্ছে। কি করণীয়?",nid_bribery_complaint_01,ঘুষ দেওয়া এবং নেওয়া উভয়ই আইনত দণ্ডনীয় অপরাধ। এ বিষয়ে অভিযোগ দাখিলের জন্য  জাতীয় পরিচয় নিবন্ধন অনুবিভাগের মহাপরিচালক/জেলা নির্বাচন অফিসার/উপজেলা নির্বাচন অফিসার বরাবর বরাবর লিখিত অভিযোগ পত্র জমা দিন।
"আমি বিদেশে থাকি, জাতীয় নির্বাচনে কীভাবে ভোট দিবো?",nid_postal_vote_abroad_01,বিদেশে অবস্থানরত বাংলাদেশী ভোটারগণ Postal Vote BD অ্যাপে রেজিস্ট্রেশন করে নিয়মানুসারে পোস্টাল ভোট দিতে পারবেন।
NID কার্ড ছাড়া কি ভোট দিতে পারবো?,nid_vote_without_card_01,শুধুমাত্র ভোটার নম্বর থাকলেই আপনি ভোট দিতে পারবেন। NID নম্বর বা কার্ডের প্রয়োজন নেই।
"আমার ভোট কেন্দ্র অনেক দূরে, আমি কি আমার বাড়ির পাশের কেন্দ্রে ভোট দিতে পারবো?",nid_vote_center_change_01,নির্দিষ্ট কেন্দ্র ছাড়া কোনো ভোটার অন্য কেন্দ্রে ভোট দিতে পারবেন না।
আমার স্মার্ট কার্ড প্রিন্ট হয়েছে কি?,nid_smart_card_print_status_01,"দুঃখিত, আপনার প্রশ্নের উত্তরটি আমার জানা নেই। আপনার এই প্রশ্নের উত্তর জানতে ১০৫-এ কল করে সরাসরি আমাদের প্রতিনিধির সাথে কথা বলুন, ধন্যবাদ।"
প্রবাসীদের এনআইডি আবেদন করতে কি শুধু বাংলাদেশী মোবাইল নম্বর লাগবে?,nid_probashi_registration_01,দেশের ও প্রবাসের উভয় মোবাইল নম্বর প্রয়োজন।
নতুন এনআইডি কার্ডের আবেদন ফরম পূরন করার সময় ভুল তথ্য সাবমিট করে ফেলেছি করণীয় কি?,nid_probashi_registration_02,এক্ষেত্রে বায়োমেট্রিক প্রদানের সময় সংশ্লিষ্ট অফিস হতে সংশোধন করুন।
আবেদন ফরম পূরণ করার সময় আমার ডাকঘরটি খুঁজে পাইনি এক্ষেত্রে করনীয় কি?,nid_probashi_registration_03,আপনার নিকটস্থ ডাকঘরটি নির্বাচন করুন এবং বায়োমেট্রিক  প্রদানের সময় সঠিক ডাকঘর নির্বাচন করুন।
কত বছর বয়স হলে জাতীয় পরিচয়পত্রের আবেদন করতে পারবো?,nid_probashi_registration_04,১৮ বছর বয়স হলে জাতীয় পরিচয়পত্রের আবেদন করতে পারবেন।
নতুন এনআইডি কার্ডের আবেদন ফরম পূরন করার সময় কোনো ডকুমেন্টস আপলোড করতে হবে কি?,nid_probashi_registration_05,নতুন নিবন্ধনের আবেদন ফরম পূরন করার সময় কোন ডকুমেন্টস আপলোড করার প্রয়োজন নেই।
বায়োমেট্রিক প্রদানের জন্য অ্যাপয়েন্টমেন্ট কিভাবে নিবো?,nid_probashi_registration_06,"আবেদন সাবমিট করার পর এর নিচের অংশে অ্যাপয়েন্টমেন্ট অপশনটি থাকে, সেখান থেকে নির্দিষ্ট দিন ও সময় অনুযায়ী অ্যাপোয়েন্টমেন্ট নিন।"
প্রবাসীদের এনআইডি এর জন্য ফিঙ্গারপ্রিন্ট কিভাবে দিবো?,nid_probashi_registration_07,আবেদন করার পর বাংলাদেশ মিশন / দূতাবাস / কনস্যুলেট অফিসে গিয়ে বায়োমেট্রিক প্রদান করুন।
প্রবাসীরা কি ভোটার লিস্টে অন্তর্ভুক্ত হবেন?,nid_probashi_voter_list_01,NID নিবন্ধনের পর সকল তথ্য যাচাই সম্পাদিত হলে একজন প্রবাসী এনআইডি প্রাপ্ত হবেন। পরবর্তীতে নির্ধারিত শর্ত সাপেক্ষে প্রবাসীগণ এলাকা ভিত্তিক ভোটার তালিকায় অন্তর্ভুক্ত হবেন।
বৈবাহিক সূত্রে আবদ্ধ বিদেশী নাগরিক কি বাংলাদেশী এনআইডি আবেদন করতে পারবে?,nid_probashi_eligibility_01,নির্ধারিত শর্তাবলী পূরণ সাপেক্ষে বৈবাহিক সূত্রে আবদ্ধ বিদেশী নাগরিক বাংলাদেশী এনআইডি আবেদন করতে পারবেন।
প্রবাসী ভোটার নিবন্ধনের সময় কি প্রবাসীদের বর্তমান ঠিকানা দেওয়া লাগবে?,nid_probashi_address_requirement_01,প্রবাসী হিসেবে আবেদন করতে গেলে আপনাকে প্রবাসে অবস্থানরত দেশের বর্তমান ঠিকানা প্রদান করতে হবে ।
বর্তমানে কোন কোন দেশে NID কার্যক্রম চালু আছে?,nid_probashi_service_countries_01,"বর্তমানে সংযুক্ত আরব আমিরাত, সৌদি আরব,যুক্তরাজ্য,ইতালি,কুয়েত,কাতার,মালয়েশিয়া,অস্ট্রেলিয়া,কানাডা,জাপান, আমেরিকা, মালদ্বীপ, ওমান,  ও দ.আফ্রিকায় NID কার্যক্রম চালু রয়েছে।"
আমি প্রবাসে ভোটার হয়েছি। এনআইডি নম্বরও পেয়েছি। এখন স্মার্ট কার্ড পেতে কতদিন লাগবে?,nid_probashi_smart_card_01,স্মার্ট কার্ড প্রাপ্তির সুনির্দিষ্ট কোন সময়সীমা নেই।
"প্রবাসে ছবি তুলেছি, বর্তমানে আমি বাংলাদেশে আছি। আমি কি আমার স্মার্ট কার্ড বাংলাদেশ থেকে নিতে পারবো?",nid_probashi_smart_card_02,অনুগ্রহপূর্বক বাংলাদেশ নির্বাচন কমিশন সচিবালয়ের তথ্য কেন্দ্র ১০৫ এ কল করে যোগাযোগ করুন।
"আমি একজন প্রবাসী, নির্ধারিত সময়ে স্মার্ট কার্ড নিতে পারিনি। এখন কোথা থেকে নিতে পারবো?",nid_probashi_smart_card_03,অনুগ্রহপূর্বক আপনি যে অফিসে ভোটার হয়েছেন সেখানে যোগাযোগ করুন।
"আমি দেশে ভোটার হয়েছি, বর্তমানে আমি প্র্রবাসে অবস্থান করছি। প্রবাস থেকে স্মার্ট কার্ড পাওয়ার কোনো আবেদন আছে কি?",nid_probashi_smart_card_04,দেশে ভোটার হলে প্রবাস থেকে স্মার্ট কার্ড পাওয়ার সুযোগ নেই। এক্ষেত্রে দেশ হতে স্মার্ট কার্ড সংগ্রহ করুন।
স্মার্ট কার্ড এর মেয়াদ কতো দিন?,nid_probashi_smart_card_05,স্মার্ট কার্ডের কোন নির্দিষ্ট মেয়াদ নেই।
স্মার্ট কার্ড নষ্ট হয়ে গেলে করনীয় কি?,nid_probashi_smart_card_06,এক্ষেত্রে services.nidw.gov.bd ওয়েব পোর্টালের মাধ্যমে রিইস্যু আবেদন করে নতুন কার্ড ডাউনলোড করে নিন।
আমার স্মার্ট কার্ড হারিয়ে গেছে। এখন অন্য কেউ আপনার কার্ড দিয়ে কোনো অনৈতিক সুবিধা নিতে পারবে কি?,nid_probashi_smart_card_07,স্মার্ট কার্ড এ বায়োমেট্র্রিক নিরাপত্তা থাকায় অন্য কেউ আপনার কার্ড দিয়ে কোনো অনৈতিক সুবিধা নিতে পারবে না। তবে তথ্য নিরাপত্তার খাতিরে নিকটস্থ থানায় জিডি করুন।
বিদেশ থেকে কি এনআইডি’র তথ্য পরিবর্তন করতে পারবো?,nid_probashi_correction_abroad_01,বিদেশ থেকে অনলাইন NID পোর্টালের মাধ্যমে তথ্য পরিবর্তন বা সংশোধনের আবেদন করতে পারবেন।
বিদেশে ভোটার হয়ে আমি বর্তমানে দেশে ফিরে এসেছি। জানতে পেরেছি আমার স্মার্ট কার্ড এম্বাসিতে আছে। আমার ছোটো ভাই আমার পক্ষে স্মার্ট কার্ড সংগ্র্রহ করতে পারবে কি?,nid_probashi_smart_card_08,এক্ষেত্রে সংশ্লিষ্ট মিশন / দূতাবাস / কনস্যুলেট অফিসে যোগাযোগ করুন।
"বিদেশে ভোটার হয়েছি, এখন স্মার্ট এনআইডি কোথায় পাবো- দূতাবাসে নাকি বাংলাদেশের ঠিকানায়?",nid_probashi_smart_card_09,স্মার্ট এনআইডি কার্ড আপনি সংশ্লিষ্ট বাংলাদেশ মিশন / দূতাবাস / কনস্যুলেট অফিস থেকে সংগ্র্রহ করতে পারবেন।
স্মার্ট কার্ডের চিপ নষ্ট হলে আমার তথ্যগুলো কি সব হারিয়ে যাবে?,nid_probashi_smart_card_10,নির্বাচন কমিশন সচিবালয়ের ডাটা সেন্টারে আপনার তথ্য সুরক্ষিত থাকবে।
"আমি এম্বাসিতে বায়োমেট্রিক দিয়েছি, এম্বাসি থেকে বলেছে ডাটা আপলোড করেছে কিন্তু এখনো Uploading অবস্থায় আছে। সমাধান কি?",nid_probashi_biometric_status_01,অনুগ্রহপূর্বক সংশ্লিষ্ট মিশন / দূতাবাস / কনস্যুলেট অফিসে যোগাযোগ করুন।
Uploading অবস্থায় থাকলে ব্যক্তির পরিবর্তে অন্য কেউ যোগাযোগ করলে হবে?,nid_probashi_biometric_status_02,অনুগ্রহপূর্বক করে সংশ্লিষ্ট মিশন / দূতাবাস / কনস্যুলেট অফিসে যোগাযোগ করুন।
"আমি একজন প্রবাসী, আমি প্রবাসে বায়োমেট্রিক দিয়েছি, Uploading অবস্থায় আছে। বাংলাদেশে কোথায় যোগাযোগ করব?",nid_probashi_biometric_status_03,প্রবাসে বায়োমেট্রিক প্রদান করে থাকলে অনুগ্রহপূর্বক সংশ্লিষ্ট মিশন / দূতাবাস / কনস্যুলেট অফিসে যোগাযোগ করুন।
"আমি একজন প্রবাসী, প্রবাসে বায়োমেট্রিক দেওয়া হয়েছে, Investigation Report প্রদানের জন্য হেড অফিসে যোগাযোগ করলে হবে?",nid_probashi_biometric_status_04,অনুগ্রহ করে আপনার সংশ্লিষ্ট উপজেলা/থানা নির্বাচন অফিসে যোগাযোগ করুন।
"আমি একজন প্রবাসী, আমি বর্তমান বাংলাদেশে আছি, Investigation Done স্টাটাস থেকে আপলোড হচ্ছে না করণীয়?",nid_probashi_biometric_status_05,অনুগ্রহপূর্বক সংশ্লিষ্ট মিশন / দূতাবাস / কনস্যুলেট অফিসে যোগাযোগ করুন।
"আমি একজন প্রবাসী, আমি এনআইডি করার জন্য অনলাইনে আবদেন করেছি, যে দিন বায়োমেট্রিক দিতে মিশন অফিসে যাই, জানতে পারি আমার আবেদন রিজেক্ট করা হয়েছে। এখন আমার করনীয় কী?",nid_probashi_application_rejected_01,আপনি পূর্বে ভোটার না হয়ে থাকলে পুনরায় সকল সঠিক তথ্য প্রদান করে আবেদন করুন।
"আমি একজন প্রবাসী, আমি ভুল করে দ্বিতীয় বার ভোটার হবার কারনে আবেদন রিজেক্ট করা হয়েছে, এখন আমি কিভাবে আমার আগের জাতীয় পরিচয় পত্রের নম্বর জানতে পারবো?",nid_probashi_application_rejected_02,বাংলাদেশে অবস্থিত আপনার জেলা নির্বাচন অফিস অথবা জাতীয় পরিচয় নিবন্ধন অনুবিভাগের প্রধান কার্যালয়ে এসে ফিঙ্গারপ্রিন্ট যাচাইপূর্বক আপনার পূর্বের NID নম্বর জেনে নিন।
"প্রবাসীদের আবেদন New Online Approval Pending থাকলে, কে তদন্ত পাঠাবে?",nid_probashi_approval_pending_01,সংশ্লিষ্ট উপজেলা/থানা নির্বাচন অফিসার তদন্ত পাঠাবে।
"আমি একজন প্রবাসী, New Online Approval Pending আছে, জরুরি পাওয়ার জন্য অন্য ব্যক্তি যোগাযোগ করলে হবে?",nid_probashi_approval_pending_02,অনুগ্রহপূর্বক সংশ্লিষ্ট মিশন / দূতাবাস / কনস্যুলেট অফিসে যোগাযোগ করুন।
Smart Election Management BD কি?,sem_app_info_01,এটি বাংলাদেশ নির্বাচন কমিশন কর্তৃক প্রবর্তিত একটি মোবাইল অ্যাপ।
Smart Election Management BD অ্যাপটি কোথায় পাবো?,sem_app_info_02,Google Play Store  এবং Apple App Store-এ পাওয়া যায়।
Smart Election Management BD অ্যাপটিতে কি তথ্য থাকে?,sem_app_info_03,"নির্বাচনে অংশগ্রহণকারী প্রার্থী, দল, ভোটারের সিরিয়াল নম্বর, ভোট কেন্দ্রের অবস্থান, নির্বাচনের ফলাফল,  ও নির্বাচন সংক্রান্ত আইন ও বিধি  সম্পর্কে তথ্য থাকে।"
Smart Election Management BD কেন চালু করা হয়?,sem_app_info_04,নির্বাচন সংক্রান্ত সকল তথ্য সহজে খুঁজে পাওয়ার জন্য।
Smart Election Management BD অ্যাপ সকলে ব্যবহার করতে পারবে?,sem_app_info_05,Smart Election Management BD অ্যাপটি সবাই ব্যবহার করতে পারবেন।
নির্বাচন কর্মকর্তাদের জন্য Smart Election Management BD এর সুবিধা কী?,sem_app_info_06,আপনি যদি একজন সংশ্লিষ্ট নির্বাচন কর্মকর্তা হয়ে থাকেন তাহলে এই অ্যাপের মাধ্যমে আপনি রিয়েল-টাইম ভোটের পরিস্থিতি দেখতে পারবেন এবং ফলাফল দ্রুত সংকলন করতে পারবেন।
Smart Election Management  BD ব্যবহার করলে কীভাবে স্বচ্ছতা বাড়ে?,sem_app_info_07,"নির্বাচন সংক্রান্ত সকল তথ্য জনগণের মধ্যে উন্মোচন করা হয়, ফলে স্বচ্ছতা বৃদ্ধি পায়।"
Smart Election Management BD কি অনলাইনে কাজ করে?,sem_app_info_08,Smart Election Management BD অ্যাপটি অনলাইনে কাজ করে।
Smart Election Management BD অ্যাপ এর মাধ্যমে কিভাবে নিজের তথ্য চেক করতে পারবো?,sem_app_info_09,"Smart Election Management  BD অ্যাপে জাতীয় পরিচয়পত্র নম্বর ও জন্ম তারিখ প্রদান  করে ভোটার নম্বর, ভোটার ক্রমিক নম্বর ও কেন্দ্রের তথ্য জানতে পারবেন।"
Smart Election Management BD অ্যাপটি কে পরিচালনা করে?,sem_app_info_10,"বাংলাদেশ নির্বাচন কমিশন অ্যাপটি পরিচালনা, রক্ষনাবেক্ষণ ও আপডেট করে।"
ভোট কেন্দ্রের কর্মকতা-কর্মচারীরা কি কি কাজে Smart Election Management  BD অ্যাপটি ব্যবহার করেন?,sem_app_info_11,"ভোটার যাচাই, উপস্থিতি ও ফলাফল প্রেরণের জন্য ব্যবহার করেন।"
Smart Election Management BD App এ কি সব ধরণের নির্বাচন এর তথ্য পাওয়া যায়?,sem_app_info_12,"জাতীয় সংসদ নির্বাচন, সিটি কর্পোরেশন, ইউনিয়ন পরিষদসহ সব নির্বাচন সংক্রান্ত তথ্য পাওয়া যায়।"
ভোটের দিন গৃহীত ভোটের হার জানার উপায় কি?,sem_app_info_13,Smart Election Management BD অ্যাপের মাধ্যমে জানা যাবে।
Smart Election Management BD অ্যাপে কি প্রতিটি ভোটারের ইউনিক আইডি থাকে?,sem_app_info_14,জাতীয় পরিচয়পত্র নম্বর ভোটারের ইউনিক আইডি হিসাবেই ব্যবহৃত হয়।
